# www.meshy.ai
mtllib Meshy_AI_Crossed_Ascension_0910024256_texture.mtl
o Meshy_AI_Crossed_Ascension_0910024256_texture
v 0.238281 0.275391 -0.016235
v 0.179688 0.349609 -0.016357
v 0.220703 0.310547 -0.016479
v 0.337891 0.500000 -0.016479
v 0.298828 0.498047 -0.016479
v 0.241211 0.484375 -0.016479
v 0.132812 0.500000 -0.016235
v 0.363560 0.493304 0.015512
v 0.301339 0.499721 0.014509
v 0.223795 0.493490 0.015269
v 0.312500 0.470703 0.015442
v 0.304688 0.337891 0.016113
v 0.204102 0.400391 0.015991
v 0.237305 0.349609 0.015747
v 0.304688 0.394531 0.016113
v 0.349609 0.462891 -0.017090
v 0.273438 0.447266 -0.016968
v 0.259766 0.468750 -0.016235
v 0.363281 0.482422 -0.017212
v 0.269531 0.470703 0.015564
v 0.407226 0.493490 -0.016520
v 0.333984 0.496094 -0.016357
v 0.388346 0.499024 -0.015533
v 0.376953 0.500000 -0.013855
v 0.224609 0.341797 -0.015991
v 0.255859 0.312500 -0.016968
v 0.337891 0.408203 0.015564
v 0.236328 0.412109 0.015442
v 0.343750 0.435547 0.015869
v 0.443685 0.499674 0.015076
v 0.191016 0.412500 -0.017188
v 0.197266 0.437500 0.015869
v 0.282552 0.500000 0.012166
v 0.306641 0.421875 -0.016479
v 0.273438 0.363281 -0.016968
v 0.172038 0.380208 -0.017069
v 0.245117 0.355469 -0.016846
v 0.450521 0.500000 -0.013316
v 0.363281 0.482422 0.015991
v 0.349609 0.462891 0.015076
v 0.145752 0.490560 0.015605
v 0.189453 0.482422 0.014771
v 0.160319 0.500000 0.012756
v 0.156901 0.441732 0.012573
v 0.171289 0.427344 0.013220
v 0.168945 0.432943 0.014872
v 0.149088 0.452474 0.014892
v 0.208008 0.464844 0.014954
v 0.149414 0.457031 -0.017090
v 0.161784 0.438802 -0.016398
v 0.174805 0.423438 0.011597
v 0.132812 0.462891 -0.000782
v 0.175781 0.421875 -0.001266
v 0.121989 0.486979 0.015605
v 0.188477 0.423828 0.015881
v 0.172363 0.424479 -0.013957
v 0.161133 0.437500 -0.010986
v 0.132975 0.462240 -0.014181
v 0.139079 0.459635 -0.016215
v 0.132812 0.462891 -0.010193
v 0.149414 0.480469 -0.016235
v 0.106585 0.496652 0.015102
v 0.121257 0.500000 0.012604
v 0.098787 0.492496 -0.007524
v 0.100389 0.495237 -0.010419
v 0.101252 0.491729 -0.012458
v 0.104980 0.486328 -0.010315
v 0.098936 0.492551 -0.000517
v 0.099244 0.496060 -0.006195
v 0.103353 0.489909 0.014791
v 0.097391 0.496108 0.013790
v 0.097011 0.493891 0.011254
v 0.109212 0.482748 0.012278
v 0.123779 0.473958 0.014699
v 0.113932 0.493815 -0.016683
v 0.114665 0.481771 -0.016327
v 0.095906 0.498475 0.011824
v 0.097488 0.498219 0.013936
v 0.096499 0.498155 0.006589
v 0.106544 0.499783 0.009130
v 0.103250 0.499103 0.012776
v 0.105468 0.498103 -0.011113
v 0.103690 0.495409 -0.013222
v 0.109293 0.482748 -0.013997
v 0.105246 0.492123 -0.015442
v 0.109029 0.499156 0.001077
v 0.125610 0.499468 -0.012912
v 0.100775 0.498539 -0.005691
v 0.099159 0.496610 0.000024
v 0.136374 0.499969 -0.000291
v 0.115024 0.496803 -0.014638
v 0.097602 0.492947 0.006162
v 0.178711 0.416016 -0.010071
v 0.174805 0.410156 -0.010681
v 0.175781 0.408203 -0.000376
v 0.176758 0.421875 -0.010071
v 0.178711 0.416016 0.007751
v 0.177246 0.416016 -0.014130
v 0.152930 0.376953 -0.016711
v 0.116943 0.334961 -0.013916
v 0.166797 0.398828 -0.013586
v 0.179199 0.420410 0.014702
v 0.175944 0.407227 0.014903
v 0.179850 0.393555 0.015859
v 0.204102 0.419922 0.015320
v 0.176758 0.345703 0.015198
v 0.133382 0.329753 0.015940
v 0.198242 0.376953 0.015320
v 0.185547 0.306641 0.016602
v 0.175195 0.410156 -0.014758
v 0.155273 0.382812 -0.000458
v 0.175456 0.423828 -0.016276
v 0.177246 0.416341 0.012126
v 0.176758 0.421875 0.007996
v 0.170247 0.403320 0.012227
v 0.162272 0.387370 0.015065
v 0.179409 0.414063 -0.016575
v 0.169085 0.398437 -0.016166
v 0.126953 0.345703 0.009399
v 0.155273 0.382812 0.008728
v 0.175781 0.410156 0.008118
v 0.126953 0.345703 -0.000614
v 0.154948 0.352864 -0.016886
v 0.460938 0.482422 -0.016235
v 0.471680 0.461914 -0.017029
v 0.458984 0.464844 -0.017700
v 0.480794 0.493490 -0.016642
v 0.463216 0.493164 -0.016235
v 0.464844 0.500000 0.000813
v 0.476335 0.499530 -0.012877
v 0.479818 0.461914 0.015066
v 0.487956 0.493164 0.015208
v 0.480469 0.494141 0.016073
v 0.481445 0.462240 0.012716
v 0.465169 0.441406 0.016012
v 0.489909 0.499349 0.011841
v 0.489909 0.493164 0.007811
v 0.490560 0.499349 -0.000090
v 0.481446 0.500000 0.000026
v 0.484375 0.499219 0.015674
v 0.468192 0.499721 0.014335
v 0.490235 0.493164 -0.007916
v 0.489258 0.492405 -0.012319
v 0.487685 0.497559 -0.007083
v 0.487305 0.480143 -0.013611
v 0.486979 0.486328 -0.015462
v 0.467448 0.440755 -0.017314
v 0.487169 0.498074 -0.012287
v 0.429688 0.464844 0.016357
v 0.455078 0.464844 0.015198
v 0.439453 0.484375 0.015320
v 0.482129 0.497624 -0.015425
v 0.470377 0.499024 -0.015594
v 0.486214 0.498568 -0.014707
v 0.487690 0.495166 -0.015068
v 0.474609 0.443359 -0.010925
v 0.480469 0.460938 -0.009644
v 0.486328 0.482422 0.009705
v 0.482422 0.500000 0.013773
v 0.476237 0.440104 -0.013987
v 0.489063 0.498828 0.014941
v 0.490235 0.493815 0.013194
v 0.474609 0.443359 0.008972
v 0.444336 0.499349 -0.015279
v 0.431641 0.462891 -0.016968
v 0.475260 0.439453 0.012858
v 0.471354 0.424805 -0.016500
v 0.470377 0.416992 -0.014476
v 0.454101 0.389649 -0.016866
v 0.419922 0.443359 0.016113
v 0.459635 0.416341 0.016398
v 0.466797 0.416016 0.008728
v 0.467634 0.406808 0.013463
v 0.468750 0.419922 -0.001465
v 0.468750 0.417969 -0.011963
v 0.468359 0.421094 0.015735
v 0.380859 0.443359 -0.017944
v 0.419922 0.443359 -0.017700
v 0.402344 0.484375 0.015198
v 0.392578 0.466797 0.015442
v 0.353516 0.355469 0.016357
v 0.463542 0.389323 -0.014028
v 0.457682 0.370117 -0.016083
v 0.462891 0.386719 -0.009766
v 0.454427 0.354818 -0.013896
v 0.446987 0.334542 -0.015887
v 0.447266 0.333984 -0.010071
v 0.446484 0.323437 -0.014441
v 0.457031 0.363281 -0.000414
v 0.447266 0.330078 -0.000553
v 0.376953 0.332031 0.016113
v 0.396484 0.357422 0.016602
v 0.355469 0.353516 -0.017334
v 0.437500 0.388672 -0.016602
v 0.373047 0.416016 0.016479
v 0.444987 0.358724 0.016500
v 0.444475 0.324777 0.015512
v 0.454753 0.360677 0.015361
v 0.458984 0.378906 0.008545
v 0.439128 0.296549 0.012482
v 0.447266 0.332031 0.008057
v 0.457357 0.367513 0.012777
v 0.437175 0.297852 -0.015910
v 0.462891 0.394531 0.015351
v 0.406250 0.296875 -0.017090
v 0.322266 0.357422 0.015564
v 0.271484 0.279297 0.016602
v 0.279297 0.328125 0.015320
v 0.306641 0.302734 0.016602
v 0.335938 0.332031 0.016235
v 0.328125 0.285156 -0.017822
v 0.349609 0.310547 -0.017822
v 0.339844 0.277344 -0.016968
v 0.291016 0.300781 -0.017090
v 0.419922 0.277181 -0.016602
v 0.373047 0.302734 0.016602
v 0.341797 0.275391 0.016479
v 0.306641 0.269531 0.017090
v 0.326172 0.277344 0.015869
v 0.310547 0.273438 -0.016602
v 0.324219 0.251953 0.017334
v 0.328125 0.237305 0.016235
v 0.312500 0.245117 0.016235
v 0.322266 0.239258 0.016479
v 0.318724 0.237987 -0.008253
v 0.306788 0.229794 -0.013497
v 0.321057 0.237560 -0.013739
v 0.326172 0.241211 -0.000671
v 0.320312 0.241211 -0.000380
v 0.310547 0.236328 -0.010010
v 0.316406 0.236328 0.016479
v 0.304297 0.231640 0.016016
v 0.304409 0.227260 0.013689
v 0.322266 0.239258 0.012390
v 0.350911 0.239583 -0.016663
v 0.324544 0.261882 -0.017151
v 0.289063 0.212077 -0.014130
v 0.290690 0.216472 -0.016266
v 0.306610 0.235390 -0.015816
v 0.284668 0.228841 0.016601
v 0.291016 0.216797 -0.010376
v 0.310547 0.236328 -0.000843
v 0.291016 0.215820 -0.000416
v 0.263835 0.184082 -0.014170
v 0.334077 0.238882 -0.015646
v 0.322033 0.245528 -0.016328
v 0.286691 0.235073 -0.017038
v 0.264160 0.187012 -0.016358
v 0.347656 0.237305 0.016113
v 0.310547 0.235352 0.009644
v 0.288737 0.214843 0.015646
v 0.281250 0.202962 0.013438
v 0.291016 0.215820 0.009094
v 0.200195 0.239258 -0.016968
v 0.320312 0.240234 0.008728
v 0.326172 0.240234 0.010010
v 0.249023 0.231445 0.016235
v 0.154297 0.229492 0.015991
v 0.263672 0.185547 -0.000793
v 0.437500 0.296875 -0.010132
v 0.438802 0.297526 -0.013631
v 0.434896 0.286133 0.015371
v 0.421224 0.229655 0.012115
v 0.429688 0.263672 0.007629
v 0.437500 0.296875 0.008301
v 0.412760 0.199056 -0.015951
v 0.421875 0.230469 -0.010254
v 0.421875 0.230469 -0.001404
v 0.418945 0.271647 0.016357
v 0.390625 0.220703 0.016479
v 0.328978 0.235762 -0.007973
v 0.359375 0.205078 0.016113
v 0.337891 0.229492 0.008667
v 0.359375 0.204102 0.009094
v 0.347982 0.226264 -0.015420
v 0.337891 0.229492 -0.000019
v 0.361328 0.204102 -0.000261
v 0.334240 0.232100 -0.013313
v 0.388672 0.189453 0.015442
v 0.344021 0.221951 -0.007998
v 0.361328 0.205078 -0.010254
v 0.361328 0.206868 -0.015981
v 0.350478 0.216634 -0.013189
v 0.400065 0.182129 -0.016826
v 0.368164 0.196940 -0.013896
v 0.414062 0.197103 -0.014018
v 0.412109 0.196289 -0.010437
v 0.419922 0.230469 0.008301
v 0.407186 0.176680 -0.000376
v 0.408844 0.185432 0.013547
v 0.415234 0.203320 0.011487
v 0.417969 0.219727 0.014689
v 0.405925 0.206705 0.015676
v 0.410156 0.195312 0.007446
v 0.400032 0.166641 0.013256
v 0.393218 0.170117 0.011393
v 0.401134 0.165618 0.010874
v 0.402961 0.171617 0.013688
v 0.394683 0.173507 0.014248
v 0.382812 0.180664 0.012695
v 0.382812 0.180664 0.016235
v 0.407806 0.178052 0.007027
v 0.402042 0.166416 0.006150
v 0.402823 0.165881 -0.000502
v 0.382812 0.180664 -0.014648
v 0.394857 0.166829 -0.008870
v 0.379557 0.183431 -0.008784
v 0.399089 0.161947 -0.014017
v 0.396484 0.169108 -0.016276
v 0.380859 0.179688 0.008301
v 0.404297 0.160547 -0.013672
v 0.403125 0.162305 -0.015552
v 0.402297 0.164700 -0.007524
v 0.408203 0.172201 -0.014079
v 0.407226 0.172038 -0.008751
v 0.400065 0.182617 0.015849
v 0.393114 0.169734 0.006035
v 0.393615 0.168787 -0.001685
v 0.399031 0.163371 -0.004423
v 0.380534 0.182943 -0.000982
v 0.407552 0.174154 -0.016103
v 0.405737 0.170791 0.010707
v 0.109863 0.261719 -0.017090
v 0.073103 0.272321 -0.016541
v 0.088298 0.296549 -0.014099
v 0.041504 0.230469 -0.011169
v 0.098145 0.310547 -0.009399
v 0.077189 0.250163 -0.017599
v 0.171875 0.193359 -0.016479
v 0.156250 0.106934 -0.016602
v 0.101969 0.290365 0.016082
v 0.070801 0.214844 0.015747
v 0.129883 0.146484 0.015869
v 0.042446 0.224051 -0.017177
v 0.199544 0.128093 0.016663
v 0.069336 0.271484 0.009399
v 0.098145 0.310547 0.009216
v 0.068848 0.269531 -0.000847
v 0.041992 0.230469 0.009399
v 0.051941 0.242350 0.015462
v 0.199219 0.127442 -0.017171
v 0.063537 0.211589 -0.017802
v 0.030029 0.210938 0.015564
v 0.020142 0.201172 0.013672
v 0.008057 0.185547 0.016479
v 0.043742 0.233724 0.013285
v 0.025513 0.194336 0.016235
v 0.011120 0.191379 -0.008851
v 0.020142 0.202148 -0.011108
v 0.024025 0.205913 -0.014297
v 0.011132 0.189857 -0.014265
v 0.033951 0.194336 -0.018148
v 0.023977 0.198952 -0.016438
v 0.043376 0.234375 -0.014913
v 0.013769 0.180494 -0.017014
v 0.008606 0.187500 -0.000877
v 0.020386 0.202148 -0.001091
v 0.076660 0.126953 0.015869
v 0.057129 0.165039 0.016357
v 0.020386 0.201172 0.008972
v 0.008362 0.186523 0.013245
v 0.027837 0.166341 -0.017883
v 0.015625 0.175781 0.015991
v 0.008789 0.187500 0.008484
v 0.002873 0.185558 -0.008806
v 0.002609 0.182617 -0.001053
v -0.003836 0.188477 0.013011
v 0.003310 0.184733 0.012848
v 0.003082 0.182617 0.008606
v -0.015427 0.201660 0.012919
v -0.012031 0.195312 0.015296
v -0.002965 0.182478 0.015703
v -0.003174 0.185547 0.008911
v -0.025927 0.178990 -0.017473
v -0.007965 0.168457 -0.017619
v -0.008545 0.108887 -0.016968
v -0.009430 0.182974 -0.016411
v -0.017715 0.197917 -0.016581
v -0.020996 0.156250 0.015991
v -0.016602 0.039307 0.016235
v 0.005749 0.167643 0.016235
v 0.000524 0.176552 -0.016889
v 0.001155 0.184158 -0.014509
v 0.017822 0.145508 0.015747
v -0.022339 0.072754 -0.016968
v -0.013733 0.198242 0.008606
v -0.013672 0.198242 -0.010803
v -0.033447 0.224609 0.008118
v -0.002747 0.185547 -0.000744
v -0.005482 0.189736 -0.008730
v 0.006291 0.181152 0.015422
v -0.028155 0.209543 0.015311
v -0.032949 0.225260 0.012604
v -0.034525 0.223144 -0.016520
v -0.010033 0.192828 -0.014025
v -0.036804 0.190430 0.016001
v -0.017361 0.185710 0.016418
v -0.033691 0.224609 -0.011108
v 0.259068 0.180804 0.015677
v 0.258008 0.176562 0.012720
v 0.205729 0.115560 -0.016724
v 0.235514 0.149821 -0.014343
v 0.163900 0.060649 -0.016754
v 0.175456 0.086304 -0.017415
v 0.180990 0.079956 -0.014679
v 0.146973 0.059611 -0.017192
v 0.153320 0.045678 0.015820
v 0.181641 0.079102 0.009277
v 0.207031 0.114258 -0.000431
v 0.235352 0.151367 -0.000603
v 0.265625 0.184570 0.009155
v 0.179688 0.079102 -0.000801
v 0.206055 0.113770 -0.011047
v 0.235352 0.151367 -0.010437
v 0.207032 0.114095 -0.014476
v 0.125407 0.032735 0.016764
v 0.126953 0.010925 -0.000877
v 0.120605 0.003357 -0.010193
v 0.127930 0.011841 -0.010315
v 0.125977 0.010315 0.008484
v 0.120117 0.002747 -0.001038
v 0.108203 0.002905 0.016675
v 0.126953 0.013179 0.015747
v 0.120117 0.001504 0.015730
v 0.127539 0.010605 -0.014832
v 0.093750 -0.021851 0.016113
v 0.110840 -0.007818 0.016561
v 0.050781 -0.008545 0.015991
v 0.123242 -0.009619 0.015271
v 0.120515 -0.023325 0.015560
v 0.135024 -0.024476 0.014035
v 0.125732 -0.007426 0.012828
v 0.067383 0.037109 0.016113
v 0.120675 0.004205 -0.016453
v 0.124186 0.003433 -0.014038
v 0.104085 0.004430 -0.017375
v 0.116537 0.015478 -0.017151
v 0.123047 -0.004425 -0.001060
v 0.122559 -0.003708 -0.010437
v 0.120605 0.002670 0.008423
v 0.122559 -0.004852 0.008118
v 0.132812 -0.019165 -0.010498
v 0.140951 0.028056 0.013143
v 0.149609 -0.042651 0.011816
v 0.132812 -0.019531 0.008484
v 0.123779 0.002581 0.012930
v 0.128825 0.012535 0.013072
v 0.125732 -0.006531 -0.014079
v 0.136312 -0.022931 -0.014190
v 0.123291 -0.007134 -0.016347
v 0.039795 0.006683 -0.017700
v 0.137207 -0.030700 0.015366
v 0.010498 0.072266 0.015991
v -0.008362 0.007324 0.016357
v -0.004303 -0.017212 -0.017700
v 0.017822 -0.014893 -0.017334
v -0.054688 -0.012512 -0.017822
v -0.025879 -0.016479 0.015991
v -0.119629 0.500000 -0.013855
v -0.153320 0.476562 -0.016113
v -0.193359 0.423828 -0.016968
v -0.229492 0.423828 -0.017334
v -0.104248 0.467448 -0.016947
v -0.112695 0.484766 -0.016846
v -0.106038 0.479903 -0.015239
v -0.125814 0.493815 -0.016703
v -0.094076 0.461914 -0.016276
v -0.130778 0.412109 -0.017415
v -0.148089 0.498605 -0.015808
v -0.127246 0.499219 -0.015772
v -0.167481 0.490885 -0.016520
v -0.110840 0.490560 0.014740
v -0.075602 0.431315 0.014943
v -0.093099 0.463542 0.012278
v -0.111247 0.479492 0.015320
v -0.086035 0.440625 0.015723
v -0.109375 0.492188 0.012512
v -0.156250 0.478516 0.015198
v -0.125000 0.480469 0.014648
v -0.120280 0.493164 0.015707
v -0.172294 0.493304 0.015625
v -0.142578 0.425781 0.015198
v -0.116536 0.499024 0.014526
v -0.128499 0.499349 0.014974
v -0.115316 0.499349 0.011322
v -0.115085 0.499240 0.004126
v -0.119141 0.500000 0.008606
v -0.112305 0.498047 0.008240
v -0.100098 0.474609 0.008179
v -0.080566 0.439453 0.007935
v -0.109759 0.493164 -0.006165
v -0.178516 0.499609 0.014648
v -0.153646 0.403646 0.015717
v -0.091634 0.461589 -0.014313
v -0.109542 0.490903 -0.011293
v -0.116002 0.497861 -0.008768
v -0.116470 0.493248 -0.014687
v -0.170898 0.447266 -0.016602
v -0.113374 0.498047 -0.004455
v -0.067139 0.420899 -0.014770
v -0.070028 0.409505 -0.017903
v -0.080845 0.419085 0.015860
v -0.065918 0.416016 -0.001648
v -0.078857 0.439128 0.012329
v -0.065430 0.416016 0.007996
v -0.065430 0.416016 -0.010986
v -0.066487 0.420247 0.012644
v -0.061435 0.410048 -0.001004
v -0.060842 0.405957 -0.008258
v -0.059937 0.409505 -0.009168
v -0.061293 0.410319 0.006342
v -0.061632 0.405545 -0.001135
v -0.109863 0.402344 -0.011414
v -0.082520 0.402344 -0.011658
v -0.082031 0.402344 -0.001358
v -0.081543 0.404297 -0.017944
v -0.081543 0.402344 -0.015320
v -0.108398 0.404297 -0.016235
v -0.058789 0.405469 -0.016382
v -0.069085 0.403266 -0.001530
v -0.068380 0.403592 -0.008865
v -0.068854 0.403537 0.006433
v -0.061279 0.409505 -0.017202
v -0.062093 0.403972 -0.014801
v -0.062622 0.404785 0.014145
v -0.069292 0.403971 0.011850
v -0.061262 0.404948 0.011686
v -0.062456 0.407574 0.014520
v -0.070054 0.405466 0.014501
v -0.085589 0.405971 0.015023
v -0.106771 0.402344 0.013702
v -0.108887 0.402344 0.008118
v -0.082031 0.404297 0.008545
v -0.066894 0.408985 0.016186
v -0.065307 0.415039 0.015126
v -0.104074 0.412109 0.015878
v -0.057763 0.405469 -0.014063
v -0.059611 0.408854 -0.014781
v -0.109375 0.404297 -0.001167
v -0.061205 0.409885 0.011674
v -0.132812 0.402344 -0.000866
v -0.132917 0.400670 -0.008986
v -0.123465 0.402874 -0.013961
v -0.107422 0.406250 -0.017212
v -0.146484 0.411719 0.015845
v -0.120850 0.403646 0.014791
v -0.126383 0.401368 0.012278
v -0.106445 0.403320 0.015060
v -0.139038 0.401611 0.014702
v -0.131836 0.402344 0.008728
v -0.126451 0.404483 -0.016396
v -0.136908 0.398497 -0.014518
v -0.215820 0.398438 0.015442
v -0.197266 0.349609 0.015320
v -0.156836 0.405469 -0.017407
v -0.142187 0.402090 -0.016820
v -0.140625 0.398438 0.008179
v -0.142578 0.394531 -0.001007
v -0.142578 0.398438 -0.000751
v -0.137695 0.398763 0.011230
v -0.141602 0.394531 0.008789
v -0.132812 0.375000 -0.011230
v -0.132812 0.375000 -0.001190
v -0.130235 0.371311 -0.013941
v -0.138346 0.388184 -0.008765
v -0.141927 0.388478 -0.016313
v -0.215820 0.398438 -0.016846
v -0.202148 0.378906 -0.016968
v -0.130162 0.368582 0.014753
v -0.137137 0.387835 0.012809
v -0.141764 0.389974 0.015594
v -0.139123 0.397861 -0.010364
v -0.138017 0.388300 -0.014015
v -0.134684 0.370117 -0.016000
v -0.146159 0.373047 0.015899
v -0.127539 0.367187 0.011816
v -0.112793 0.342448 0.012614
v -0.083008 0.294922 0.008728
v -0.114746 0.343750 0.008301
v -0.112223 0.337239 0.015218
v -0.118815 0.347330 -0.016225
v -0.063581 0.246791 -0.017212
v -0.132161 0.347656 -0.016907
v -0.085547 0.299609 -0.013562
v -0.113770 0.341797 -0.010742
v -0.083496 0.294922 -0.000748
v -0.056885 0.255859 -0.010620
v -0.114258 0.341797 -0.000984
v -0.048055 0.243164 0.015045
v -0.077352 0.288737 0.012634
v -0.235352 0.371094 -0.017212
v -0.190430 0.351562 -0.016357
v -0.207031 0.302734 -0.016357
v -0.170898 0.277344 0.015442
v -0.205078 0.300781 0.014893
v -0.238281 0.279297 0.015198
v -0.049609 0.223633 0.016101
v -0.229492 0.326172 0.015564
v -0.273438 0.300781 0.016113
v -0.080566 0.061768 0.015564
v -0.069336 0.206055 0.015564
v -0.094238 0.099121 0.016113
v -0.153971 0.044861 -0.016571
v -0.129883 0.008789 0.008850
v -0.163644 0.056327 0.008596
v -0.142960 0.027543 -0.013780
v -0.138177 0.027252 -0.016030
v -0.112793 0.011841 -0.017334
v -0.206055 0.115234 -0.000591
v -0.175944 0.100789 -0.017375
v -0.136637 0.038900 -0.017517
v -0.162109 0.130859 0.015198
v -0.165690 0.088216 0.015920
v -0.136719 0.095703 0.015747
v -0.093750 0.004028 0.015747
v -0.116211 0.000190 0.016357
v -0.182455 0.083130 0.012339
v -0.161970 0.057111 0.014622
v -0.144938 0.057108 0.016205
v -0.148438 0.186523 -0.016602
v -0.143555 0.027863 0.013814
v -0.143750 0.032459 0.015942
v -0.303292 0.249163 -0.014666
v -0.273112 0.208659 -0.014343
v -0.281250 0.218750 -0.010254
v -0.288086 0.230631 0.015513
v -0.288281 0.246484 0.016528
v -0.267741 0.222005 -0.017619
v -0.258371 0.190011 -0.016602
v -0.308984 0.259375 -0.016858
v -0.218164 0.164355 -0.017358
v -0.230469 0.150391 0.008972
v -0.226702 0.146763 -0.016933
v -0.231933 0.151611 -0.014506
v -0.231445 0.151367 -0.010437
v -0.255859 0.184570 -0.010376
v -0.232422 0.150391 -0.000364
v -0.208984 0.118164 -0.010681
v -0.281250 0.219727 0.009583
v -0.273438 0.255859 0.016602
v -0.302734 0.285156 -0.016724
v -0.243164 0.229492 0.015442
v -0.355469 0.472656 0.014771
v -0.274251 0.493490 0.015167
v -0.365234 0.486328 0.015869
v -0.365234 0.419922 0.016479
v -0.371094 0.386719 0.015320
v -0.345703 0.392578 0.015869
v -0.330078 0.423828 0.015442
v -0.341797 0.451172 0.016235
v -0.378906 0.447266 0.015320
v -0.408529 0.411133 0.016184
v -0.375000 0.349609 -0.000565
v -0.398438 0.380859 -0.000748
v -0.400391 0.380859 -0.009460
v -0.460286 0.499349 -0.015889
v -0.326172 0.500000 -0.000656
v -0.410482 0.410807 -0.017415
v -0.397461 0.381184 -0.016195
v -0.420573 0.409830 -0.016500
v -0.422526 0.409830 -0.013865
v -0.400065 0.380208 -0.013825
v -0.375000 0.349609 -0.009766
v -0.421875 0.410156 -0.010742
v -0.390625 0.468750 0.015991
v -0.366536 0.494466 0.015625
v -0.420573 0.409830 0.012573
v -0.423828 0.410156 -0.001602
v -0.398438 0.378906 0.008728
v -0.378906 0.447266 -0.017212
v -0.292969 0.425781 -0.016479
v -0.343750 0.394531 -0.016479
v -0.353516 0.474609 -0.017700
v -0.386068 0.382487 0.016001
v -0.424805 0.419271 0.014933
v -0.356445 0.328125 0.015360
v -0.394531 0.416016 -0.017578
v -0.429687 0.436849 -0.017131
v -0.392578 0.468750 -0.018188
v -0.253906 0.480469 0.014832
v -0.312500 0.466797 0.014954
v -0.461589 0.500000 0.013082
v -0.284993 0.499349 0.014526
v -0.373047 0.388672 -0.017090
v -0.296875 0.449219 0.015747
v -0.363932 0.351237 -0.017212
v -0.471897 0.499806 0.007305
v -0.478097 0.497954 0.000822
v -0.478156 0.496517 0.008958
v -0.465983 0.499861 -0.000438
v -0.477789 0.498009 0.014150
v -0.459309 0.458984 -0.014527
v -0.472656 0.479818 -0.008575
v -0.473633 0.479167 -0.014109
v -0.470052 0.493164 -0.017273
v -0.476617 0.490506 -0.015643
v -0.475640 0.497287 -0.015419
v -0.471028 0.479492 -0.016734
v -0.474609 0.482422 0.008484
v -0.479438 0.491288 0.007354
v -0.479221 0.491126 -0.000273
v -0.471679 0.479818 -0.001147
v -0.457031 0.460938 0.008240
v -0.458008 0.459961 0.012532
v -0.472331 0.479818 0.012919
v -0.479288 0.496792 0.012769
v -0.477927 0.491388 0.012286
v -0.476631 0.494729 0.014833
v -0.471680 0.499512 -0.012618
v -0.450521 0.500000 -0.013662
v -0.479655 0.497473 -0.007383
v -0.480631 0.497179 -0.012815
v -0.444661 0.493490 0.016683
v -0.458984 0.479818 0.016377
v -0.441406 0.482422 0.014648
v -0.469076 0.493164 0.016907
v -0.457682 0.459310 -0.016642
v -0.446289 0.459961 -0.017578
v -0.441406 0.439453 0.008118
v -0.474284 0.486654 0.015788
v -0.444661 0.460287 0.015879
v -0.425781 0.462891 0.016235
v -0.402669 0.483073 -0.017273
v -0.481364 0.496094 -0.014895
v -0.479546 0.490506 -0.012684
v -0.469269 0.497715 0.014746
v -0.400391 0.484375 0.014832
v -0.441406 0.437500 -0.010132
v -0.441406 0.437500 -0.001343
v -0.427083 0.437500 0.015950
v -0.251953 0.333984 0.014832
v -0.250000 0.398438 0.015747
v -0.265625 0.427734 0.016113
v -0.283203 0.400391 0.015442
v -0.294922 0.425781 0.016113
v -0.314453 0.398438 0.016602
v -0.296875 0.371094 -0.016968
v -0.329753 0.285807 -0.013957
v -0.327148 0.285156 -0.016297
v -0.306641 0.253906 -0.009827
v -0.347656 0.353516 -0.017944
v -0.322266 0.318359 -0.017456
v -0.351562 0.316406 -0.000618
v -0.351562 0.316406 0.008301
v -0.329752 0.286133 0.012838
v -0.306641 0.253743 0.013113
v -0.310616 0.266950 0.015453
v -0.334065 0.296142 0.015506
v -0.351562 0.318359 0.013733
v -0.330078 0.287109 0.008911
v -0.318359 0.285482 -0.017273
v -0.362305 0.350586 0.016245
v -0.304993 0.287537 0.016299
v -0.349609 0.316406 -0.010132
v -0.341797 0.314453 0.016113
v -0.330078 0.285156 -0.010559
v -0.330078 0.285156 -0.000923
v -0.320801 0.284668 0.016327
v 0.100098 -0.177734 0.015320
v 0.164062 -0.226562 0.015198
v 0.180013 -0.110921 0.015869
v 0.060303 -0.104980 0.015869
v 0.103027 -0.267578 0.015320
v 0.161133 -0.185547 -0.016724
v 0.024575 -0.189453 -0.017517
v 0.047119 -0.104492 -0.017212
v 0.075195 -0.221680 -0.016724
v 0.114746 -0.109863 -0.016479
v 0.022705 -0.210938 -0.001114
v 0.030762 -0.221680 -0.010925
v 0.041016 -0.240234 -0.001221
v 0.041585 -0.239746 0.012797
v 0.204102 -0.116699 -0.009460
v 0.177734 -0.082031 -0.010559
v 0.177734 -0.082520 -0.000813
v 0.204102 -0.117188 0.008179
v 0.230190 -0.153669 -0.015747
v 0.149135 -0.080322 -0.017090
v 0.075195 -0.221680 0.014893
v 0.045369 -0.216146 0.015696
v 0.069301 -0.261021 -0.017020
v 0.021133 -0.205078 -0.016592
v 0.057617 -0.263281 -0.016406
v 0.123047 -0.215820 -0.016846
v 0.178711 -0.081543 0.008667
v 0.154486 -0.052417 0.014418
v 0.027411 -0.218945 -0.015149
v 0.045939 -0.247070 -0.014476
v 0.061523 -0.271484 -0.000576
v 0.261068 -0.218424 -0.016764
v 0.058252 -0.263281 0.014868
v 0.021830 -0.205567 0.014770
v 0.132951 -0.046871 0.015702
v 0.233073 -0.159261 0.015055
v 0.221680 -0.139567 0.012512
v 0.009827 -0.071289 0.015564
v 0.008449 -0.171387 0.016052
v 0.323893 -0.280436 0.012980
v 0.272879 -0.208147 0.013428
v 0.265234 -0.203125 0.015735
v 0.259766 -0.190430 -0.010071
v 0.253906 -0.184570 -0.000443
v 0.283203 -0.225586 -0.000208
v 0.291016 -0.237305 -0.009583
v 0.275065 -0.211589 -0.013652
v 0.229492 -0.152344 -0.010254
v 0.248047 -0.175293 -0.013784
v 0.292969 -0.251953 0.015747
v 0.260254 -0.219564 0.016296
v 0.281250 -0.292969 0.015442
v 0.225391 -0.144727 -0.013122
v 0.255859 -0.328125 0.015747
v 0.205078 -0.289062 0.015564
v 0.307617 -0.261068 -0.015645
v 0.260254 -0.195150 -0.016062
v 0.162109 -0.227539 -0.017212
v 0.246094 -0.300781 -0.016724
v 0.247396 -0.174805 0.012726
v 0.254101 -0.185352 0.015234
v 0.259766 -0.191406 0.008423
v 0.231445 -0.152344 0.008362
v 0.269531 -0.333984 -0.016846
v 0.300130 -0.247721 -0.013631
v 0.176758 -0.265625 0.015747
v 0.145508 -0.269531 -0.016235
v 0.228516 -0.150391 -0.000496
v 0.209961 -0.298828 -0.016235
v 0.144531 -0.269531 0.014893
v 0.320312 -0.277344 -0.001083
v 0.191406 -0.382812 -0.017334
v 0.149344 -0.367466 -0.016811
v 0.174805 -0.349609 -0.016724
v 0.133382 -0.372070 -0.016307
v 0.082380 -0.299386 -0.016218
v 0.211914 -0.328125 0.015076
v 0.109863 -0.339844 -0.010803
v 0.133789 -0.375000 -0.001831
v 0.085449 -0.306641 -0.010681
v 0.084961 -0.306641 -0.014832
v 0.133789 -0.375000 -0.011108
v 0.062988 -0.271484 0.009155
v 0.085409 -0.306315 0.013000
v 0.103109 -0.329753 0.014984
v 0.100586 -0.305013 0.015666
v 0.216797 -0.382812 -0.016602
v 0.145020 -0.391601 0.012370
v 0.109131 -0.341146 0.012675
v 0.172038 -0.402018 0.015767
v 0.202148 -0.359375 0.015869
v 0.061768 -0.271484 -0.011292
v 0.233398 -0.355469 0.015198
v 0.147461 -0.328125 -0.016235
v 0.084961 -0.306641 -0.000549
v 0.214844 -0.380859 0.015564
v 0.178711 -0.400391 -0.016846
v 0.122070 -0.404297 0.012939
v 0.139404 -0.403971 0.006419
v 0.136434 -0.403266 -0.000995
v 0.187500 -0.453125 -0.016846
v 0.140625 -0.427734 -0.017334
v 0.148926 -0.414062 -0.017110
v 0.165528 -0.408854 -0.017253
v 0.147610 -0.388672 -0.015951
v 0.151474 -0.403328 -0.016423
v 0.143834 -0.401042 -0.013566
v 0.141993 -0.388788 -0.013187
v 0.149089 -0.401367 0.012248
v 0.153878 -0.401228 0.014797
v 0.139811 -0.403646 0.012034
v 0.142997 -0.407087 0.014640
v 0.148275 -0.401367 0.006434
v 0.189453 -0.414062 -0.017456
v 0.122070 -0.404297 0.015076
v 0.126953 -0.412109 0.014954
v 0.161296 -0.410156 0.015432
v 0.135320 -0.403762 -0.008232
v 0.129352 -0.405335 -0.013384
v 0.113651 -0.405055 -0.008562
v 0.143973 -0.399259 -0.008200
v 0.144138 -0.399197 -0.001302
v 0.141669 -0.388889 -0.008487
v 0.144857 -0.391601 -0.001360
v 0.138317 -0.407777 -0.015867
v 0.125977 -0.414062 -0.016602
v 0.105836 -0.406338 -0.013845
v 0.170898 -0.425781 0.014832
v 0.240234 -0.400391 0.015442
v 0.111816 -0.429688 0.014709
v 0.086914 -0.429688 0.015076
v 0.115723 -0.476562 0.015320
v 0.094727 -0.412109 0.015076
v 0.085938 -0.406250 0.006958
v 0.097168 -0.453125 0.014526
v 0.124512 -0.478516 -0.016357
v 0.077433 -0.416016 -0.017314
v 0.095215 -0.412109 -0.017212
v 0.099121 -0.454102 -0.015869
v 0.093930 -0.407867 0.014010
v 0.076945 -0.431641 -0.013764
v 0.113932 -0.476237 -0.013448
v 0.096191 -0.453125 -0.009766
v 0.068929 -0.407552 -0.016917
v 0.080454 -0.405900 -0.004991
v 0.072803 -0.407048 0.010322
v 0.063743 -0.410242 -0.015068
v 0.071094 -0.407729 -0.012541
v 0.066159 -0.418001 -0.012983
v 0.061229 -0.410007 -0.012377
v 0.065470 -0.416016 -0.016296
v 0.069641 -0.406819 -0.001774
v 0.085613 -0.406557 -0.014667
v 0.064846 -0.416385 0.005674
v 0.064801 -0.410338 -0.001302
v 0.065306 -0.417242 -0.008112
v 0.065914 -0.415340 0.009328
v 0.061028 -0.408138 0.005347
v 0.077236 -0.430104 0.011117
v 0.065148 -0.410895 -0.007332
v 0.068319 -0.405816 0.005576
v 0.065521 -0.409461 0.009666
v 0.080404 -0.416751 0.014584
v 0.073450 -0.408890 0.013302
v 0.068593 -0.415649 0.012695
v 0.078788 -0.427849 0.013945
v 0.096191 -0.453125 -0.001480
v 0.096191 -0.453125 0.007629
v 0.067393 -0.409185 0.012073
v 0.115234 -0.476562 -0.010071
v 0.115723 -0.478516 -0.000938
v 0.129883 -0.496094 -0.000565
v 0.129883 -0.496094 -0.009583
v 0.134766 -0.500000 -0.014160
v 0.135742 -0.500000 0.008850
v 0.131836 -0.496094 -0.016235
v 0.136719 -0.500000 -0.016479
v 0.129883 -0.498047 -0.013489
v 0.116211 -0.478516 0.012756
v 0.127767 -0.490560 0.012400
v 0.135351 -0.497266 0.014477
v 0.116211 -0.476562 0.008606
v 0.117350 -0.476888 -0.015584
v 0.144694 -0.500000 0.010945
v 0.146345 -0.498884 0.014230
v 0.138184 -0.490560 0.015493
v 0.416992 -0.405599 -0.015930
v 0.400716 -0.398763 -0.016541
v 0.394857 -0.377279 -0.015696
v 0.403971 -0.386719 -0.013825
v 0.424805 -0.413737 -0.013672
v 0.448731 -0.449219 -0.015915
v 0.443638 -0.454799 -0.016776
v 0.357422 -0.375000 0.016357
v 0.406250 -0.429688 0.015869
v 0.380859 -0.369141 0.015442
v 0.437500 -0.443359 0.016357
v 0.416341 -0.404622 0.014882
v 0.404297 -0.394531 0.015442
v 0.433594 -0.423828 -0.001266
v 0.412109 -0.394531 -0.000324
v 0.414062 -0.396484 0.007812
v 0.433594 -0.423828 0.007874
v 0.431641 -0.423828 -0.010071
v 0.386393 -0.492188 -0.017131
v 0.332031 -0.476562 -0.017212
v 0.312500 -0.451172 -0.016602
v 0.410156 -0.394531 -0.010620
v 0.388672 -0.367188 -0.000793
v 0.388672 -0.367188 0.009033
v 0.406250 -0.431641 -0.016113
v 0.371094 -0.500000 0.015747
v 0.304408 -0.492188 0.015721
v 0.272624 -0.500000 0.012115
v 0.367188 -0.339844 -0.000223
v 0.388672 -0.369141 -0.010498
v 0.381836 -0.359050 -0.013570
v 0.365792 -0.344866 -0.015800
v 0.388672 -0.369141 0.016235
v 0.372070 -0.349935 0.015238
v 0.355469 -0.455078 0.016479
v 0.392578 -0.498047 0.015991
v 0.298828 -0.421875 0.015442
v 0.390625 -0.367188 0.012939
v 0.367513 -0.339844 0.012716
v 0.414062 -0.394531 0.012146
v 0.431315 -0.422852 0.012207
v 0.435547 -0.431315 0.015177
v 0.345703 -0.343750 -0.016479
v 0.335938 -0.431641 -0.017090
v 0.308919 -0.491536 -0.016887
v 0.449219 -0.449219 -0.001358
v 0.447266 -0.447266 -0.010559
v 0.447266 -0.451172 0.007996
v 0.462891 -0.466797 -0.001343
v 0.460938 -0.466797 -0.010254
v 0.464193 -0.471029 0.014598
v 0.451172 -0.453451 0.014832
v 0.448242 -0.463542 0.015869
v 0.462240 -0.466146 -0.013753
v 0.445592 -0.443080 -0.014326
v 0.441406 -0.480469 -0.016235
v 0.460380 -0.463728 0.010612
v 0.444922 -0.442578 0.013025
v 0.439453 -0.478516 0.014771
v 0.472331 -0.483399 -0.015737
v 0.422526 -0.492188 0.015462
v 0.425781 -0.498047 -0.017456
v 0.459961 -0.500000 0.011607
v 0.474185 -0.499127 0.010596
v 0.471910 -0.497545 0.013033
v 0.458333 -0.499349 0.014099
v 0.477865 -0.499674 -0.015829
v 0.431641 -0.500000 -0.016113
v 0.450847 -0.493490 -0.016500
v 0.471680 -0.493164 -0.016663
v 0.475911 -0.481771 0.012370
v 0.461914 -0.481445 0.015564
v 0.477214 -0.486654 0.014730
v 0.484885 -0.497776 -0.007431
v 0.483311 -0.492459 -0.006305
v 0.483659 -0.493425 -0.000098
v 0.483952 -0.497700 -0.000844
v 0.475641 -0.499620 -0.001484
v 0.481098 -0.499447 -0.012511
v 0.485833 -0.497227 -0.011792
v 0.483073 -0.493815 -0.016012
v 0.363002 -0.500000 -0.014073
v 0.474609 -0.482422 0.008667
v 0.480914 -0.491632 0.010630
v 0.482921 -0.491623 0.006422
v 0.480001 -0.497762 0.012385
v 0.473886 -0.498996 0.005423
v 0.452148 -0.492513 0.015442
v 0.472656 -0.493164 0.015004
v 0.482617 -0.491905 -0.012621
v 0.475586 -0.482096 -0.013804
v 0.483932 -0.497357 -0.014664
v 0.479836 -0.494579 0.013133
v 0.481074 -0.496448 0.005313
v 0.404688 -0.498828 0.015454
v 0.395369 -0.500000 0.012320
v 0.366406 -0.498828 -0.016565
v 0.306641 -0.378906 -0.015991
v 0.296875 -0.421875 -0.016602
v 0.331706 -0.314453 0.016540
v 0.338867 -0.300781 -0.013570
v 0.349219 -0.317578 -0.015539
v 0.329427 -0.291992 -0.015920
v 0.345703 -0.310547 0.008728
v 0.343750 -0.310547 -0.000916
v 0.345703 -0.310872 0.012818
v 0.335938 -0.313477 -0.016459
v 0.330078 -0.378906 0.015564
v 0.250000 -0.380859 0.016113
v 0.350261 -0.321615 0.015096
v 0.281250 -0.396484 0.015991
v 0.328776 -0.292318 0.015696
v 0.229655 -0.498047 0.014567
v 0.222656 -0.489909 0.015381
v 0.226562 -0.453125 -0.016724
v 0.225586 -0.455078 0.014832
v 0.275391 -0.437500 0.015869
v 0.231445 -0.491536 -0.016968
v 0.215402 -0.498884 -0.015852
v 0.182617 -0.500000 -0.016357
v 0.228516 -0.414062 -0.016846
v 0.239258 -0.435547 -0.016113
v 0.273438 -0.435547 -0.015991
v 0.184570 -0.500000 -0.014282
v 0.263672 -0.416016 0.016113
v 0.005402 -0.042725 -0.016846
v -0.009521 -0.139648 -0.016724
v -0.039062 -0.040771 -0.017334
v -0.096191 -0.010742 0.015442
v -0.003876 -0.096191 0.015442
v -0.076172 -0.144531 -0.017334
v -0.068848 -0.177734 0.015442
v -0.128399 0.000757 -0.008595
v -0.132793 0.012301 -0.008600
v -0.130936 0.010639 -0.014177
v -0.125000 0.001099 -0.000881
v -0.132243 -0.011182 -0.008519
v -0.127930 -0.006500 -0.001175
v -0.128955 -0.003306 -0.013785
v -0.128418 -0.032054 -0.017700
v -0.112956 0.000778 -0.017741
v -0.143229 -0.027293 0.012634
v -0.141113 -0.028681 0.014994
v -0.131348 -0.009866 0.012553
v -0.127930 -0.006653 0.008484
v -0.125977 0.000854 0.012695
v -0.132324 0.011404 0.012878
v -0.129150 -0.010905 0.015085
v -0.124861 0.001435 0.015494
v -0.125000 0.000893 0.008362
v -0.127848 -0.031916 0.015971
v -0.132731 0.015869 0.015595
v -0.135959 -0.017528 -0.013729
v -0.160156 -0.052246 -0.000652
v -0.138672 -0.023193 -0.000824
v -0.141927 -0.028585 -0.016581
v -0.148437 -0.034668 -0.014150
v -0.129300 -0.014726 -0.016186
v -0.124165 0.016508 -0.016811
v -0.124194 0.000063 -0.016389
v -0.170573 -0.091675 0.015361
v -0.141602 -0.100586 0.014893
v -0.160156 -0.052246 0.008972
v -0.186523 -0.084473 0.008972
v -0.160156 -0.052490 -0.010132
v -0.143555 -0.100586 -0.016968
v -0.177595 -0.095843 -0.017421
v -0.161621 -0.055135 -0.016327
v -0.170085 -0.063029 -0.013967
v -0.166016 -0.181641 0.014771
v -0.265625 -0.182617 0.008850
v -0.244629 -0.155436 0.012675
v -0.269531 -0.185547 -0.000687
v -0.187500 -0.084473 -0.000633
v -0.248698 -0.160807 -0.013845
v -0.273828 -0.189648 -0.013220
v -0.267578 -0.184570 -0.010376
v -0.266322 -0.183175 -0.015930
v -0.238002 -0.178153 -0.017125
v -0.282645 -0.231585 0.015939
v -0.255859 -0.171712 0.014883
v -0.281901 -0.203451 0.015116
v -0.232910 -0.153239 0.015656
v -0.296875 -0.215820 -0.009888
v -0.271094 -0.186719 0.013586
v -0.180664 -0.230469 -0.017334
v -0.296875 -0.215820 0.009949
v -0.289714 -0.207356 0.013062
v -0.292969 -0.210937 -0.013865
v -0.294922 -0.218890 -0.016724
v -0.011509 -0.183036 0.014648
v -0.003480 -0.179827 0.012791
v -0.003153 -0.175944 0.015533
v -0.002747 -0.167969 0.016479
v 0.008850 -0.188477 -0.001144
v 0.009583 -0.189453 -0.010925
v -0.016368 -0.169759 -0.017415
v 0.005096 -0.166016 -0.017334
v -0.003445 -0.173828 -0.017100
v -0.030126 -0.182943 0.015940
v 0.003870 -0.181153 0.014882
v 0.015302 -0.199707 -0.014486
v 0.000599 -0.178711 -0.017822
v 0.023743 -0.212240 0.012502
v 0.009094 -0.188477 0.008667
v 0.009113 -0.188867 -0.016565
v -0.006012 -0.179688 -0.010742
v -0.001579 -0.177734 -0.001129
v -0.006927 -0.179688 -0.000828
v -0.003198 -0.179130 -0.014858
v 0.000713 -0.178711 -0.010620
v 0.010431 -0.192709 0.012349
v 0.000198 -0.179688 -0.014893
v 0.002355 -0.182455 0.012217
v 0.000916 -0.179688 0.008301
v -0.002686 -0.178711 0.008240
v -0.006683 -0.180664 0.008606
v -0.010364 -0.184180 -0.015186
v -0.037598 -0.217773 -0.010864
v -0.018921 -0.192383 -0.010803
v -0.018677 -0.192383 0.008606
v -0.038086 -0.217773 -0.000977
v -0.060059 -0.251953 -0.011353
v -0.060913 -0.251790 -0.014486
v -0.038188 -0.219238 -0.014415
v -0.010529 -0.184766 0.011780
v -0.026789 -0.201335 0.015106
v -0.020615 -0.196777 0.012532
v -0.037842 -0.217773 0.008606
v -0.038167 -0.220703 0.012522
v -0.060303 -0.251953 0.007874
v -0.060791 -0.250000 -0.001404
v -0.020630 -0.196127 -0.014455
v -0.022206 -0.194173 -0.016551
v -0.064575 -0.243164 -0.017090
v -0.069906 -0.242839 0.015778
v -0.081055 -0.222656 0.015076
v -0.056152 -0.243164 -0.016248
v -0.061279 -0.254557 0.012462
v -0.226562 -0.298828 0.015076
v -0.112793 -0.259766 0.015442
v -0.113281 -0.327799 0.012248
v -0.119043 -0.334766 0.014575
v -0.160319 -0.390299 0.012187
v -0.139648 -0.363281 0.007996
v -0.089356 -0.264258 -0.016797
v -0.134684 -0.334310 -0.016846
v -0.140625 -0.363281 -0.002213
v -0.261719 -0.308594 -0.017456
v -0.141602 -0.363281 -0.011597
v -0.154297 -0.382161 -0.014598
v -0.104899 -0.314779 -0.014862
v -0.085999 -0.283569 -0.016213
v -0.220703 -0.347656 -0.016357
v -0.118489 -0.330729 -0.016368
v -0.070028 -0.264974 0.014882
v -0.176595 -0.392904 0.015534
v -0.320312 -0.246257 0.016296
v -0.321289 -0.235840 0.015401
v -0.333659 -0.242839 0.016174
v -0.314453 -0.234570 0.015686
v -0.314453 -0.232422 -0.010559
v -0.312500 -0.231445 -0.000664
v -0.326172 -0.232422 0.009033
v -0.342774 -0.215495 0.012411
v -0.328451 -0.228679 0.012756
v -0.326172 -0.232422 -0.000385
v -0.339844 -0.219727 0.008301
v -0.318359 -0.234375 0.009644
v -0.320312 -0.234375 -0.000557
v -0.354492 -0.237468 -0.017293
v -0.325307 -0.238700 -0.016564
v -0.305664 -0.245768 -0.017192
v -0.338504 -0.231313 -0.016287
v -0.312500 -0.231445 0.009949
v -0.320312 -0.232422 0.013062
v -0.310268 -0.226702 0.013646
v -0.330404 -0.231771 0.015228
v -0.310004 -0.227663 -0.013835
v -0.320584 -0.232468 -0.008496
v -0.341797 -0.220703 -0.000511
v -0.363281 -0.196289 0.007935
v -0.330621 -0.228399 -0.008362
v -0.346571 -0.214165 -0.008328
v -0.363281 -0.195312 -0.000648
v -0.302409 -0.225423 0.015472
v -0.352756 -0.208426 -0.013356
v -0.336953 -0.224660 -0.013678
v -0.351398 -0.215263 -0.015724
v -0.323917 -0.232783 -0.014219
v -0.354297 -0.220898 -0.017261
v -0.313249 -0.235432 -0.016194
v -0.344401 -0.218750 0.015106
v -0.362956 -0.196777 0.014801
v -0.394411 -0.163509 -0.001230
v -0.400044 -0.164489 0.005486
v -0.394790 -0.162500 0.006709
v -0.388347 -0.167318 -0.013479
v -0.395020 -0.160645 -0.007929
v -0.400174 -0.161268 -0.001004
v -0.380994 -0.176099 -0.001395
v -0.371419 -0.187337 -0.013590
v -0.363281 -0.197266 -0.010376
v -0.395833 -0.162435 -0.015666
v -0.361328 -0.200586 -0.015771
v -0.411784 -0.221680 0.014953
v -0.400725 -0.167948 0.013020
v -0.409831 -0.197591 0.012502
v -0.401042 -0.204427 0.016042
v -0.382487 -0.175944 0.014485
v -0.394958 -0.180028 0.014794
v -0.382813 -0.190267 0.015940
v -0.380469 -0.175586 0.011645
v -0.391663 -0.168240 0.011844
v -0.408203 -0.196289 0.009033
v -0.404438 -0.174349 -0.007868
v -0.408203 -0.197266 -0.010620
v -0.403972 -0.171224 -0.015818
v -0.403972 -0.169922 -0.013733
v -0.400391 -0.157031 -0.015125
v -0.409831 -0.197754 -0.013875
v -0.408203 -0.199056 -0.016123
v -0.396159 -0.179362 -0.016948
v -0.404203 -0.173268 0.010811
v -0.400645 -0.161800 0.010280
v -0.404785 -0.173991 0.006312
v -0.416016 -0.233724 0.012767
v -0.396951 -0.159776 -0.012338
v -0.401433 -0.161875 -0.011834
v -0.400695 -0.161138 -0.007545
v -0.380923 -0.176235 0.006249
v -0.398415 -0.161045 0.011287
v -0.416016 -0.234375 -0.010620
v -0.422526 -0.269531 -0.016093
v -0.416016 -0.235352 -0.001541
v -0.416016 -0.235352 0.008606
v -0.409505 -0.272135 -0.016948
v -0.419364 -0.263951 0.015206
v -0.424479 -0.269369 -0.013885
v -0.433594 -0.304688 -0.010010
v -0.421875 -0.269531 -0.010254
v -0.433594 -0.305013 -0.013926
v -0.423503 -0.269857 0.012736
v -0.405274 -0.271322 0.016154
v -0.357422 -0.285156 0.016479
v -0.429966 -0.307757 -0.015843
v -0.414062 -0.302734 -0.016357
v -0.421875 -0.269531 0.009338
v -0.376953 -0.314453 -0.017090
v -0.423828 -0.269531 -0.000652
v -0.431641 -0.304688 0.009583
v -0.432292 -0.305990 0.012848
v -0.433594 -0.304688 -0.000610
v -0.428060 -0.333984 0.015839
v -0.429036 -0.302734 0.015045
v -0.443359 -0.343750 0.013123
v -0.421875 -0.365234 0.015076
v -0.402344 -0.304688 0.016235
v -0.300781 -0.388672 -0.016846
v -0.337891 -0.347656 -0.016602
v -0.263672 -0.373047 -0.016724
v -0.343750 -0.318359 -0.016968
v -0.314453 -0.275391 -0.016724
v -0.261719 -0.341797 -0.016724
v -0.341797 -0.345703 0.015320
v -0.443359 -0.343750 -0.010254
v -0.265625 -0.371094 0.015442
v -0.310547 -0.310547 0.015442
v -0.289062 -0.312500 0.014893
v -0.337891 -0.316406 0.016235
v -0.443359 -0.342122 -0.013896
v -0.427344 -0.328125 -0.016846
v -0.443685 -0.347330 -0.015950
v -0.316406 -0.314453 -0.017578
v -0.353516 -0.373047 -0.016479
v -0.371094 -0.345703 -0.017578
v -0.408203 -0.341797 -0.016479
v -0.443359 -0.341797 -0.000515
v -0.439453 -0.336263 0.014913
v -0.324219 -0.421875 0.016113
v -0.355469 -0.427734 0.015198
v -0.406250 -0.400391 0.015442
v -0.392578 -0.427734 0.014893
v -0.339844 -0.451172 0.015869
v -0.455078 -0.380859 0.015869
v -0.455078 -0.380859 0.013550
v -0.443359 -0.355469 0.016235
v -0.439453 -0.392578 0.015320
v -0.302734 -0.410156 -0.017090
v -0.453450 -0.415690 -0.017090
v -0.419922 -0.376953 -0.017212
v -0.365234 -0.429688 -0.016479
v -0.363281 -0.400391 -0.015991
v -0.464844 -0.417969 0.009094
v -0.455078 -0.380859 0.009216
v -0.455078 -0.380859 -0.000961
v -0.316406 -0.476562 -0.016846
v -0.419922 -0.460938 -0.017578
v -0.454241 -0.388114 -0.016105
v -0.455729 -0.380208 -0.013967
v -0.435221 -0.358724 -0.016703
v -0.466146 -0.417318 -0.014109
v -0.453125 -0.378906 -0.010437
v -0.464844 -0.417969 0.016724
v -0.466797 -0.417969 0.013000
v -0.466797 -0.417969 -0.010315
v -0.308594 -0.443359 -0.016235
v -0.466797 -0.419922 -0.001801
v -0.431641 -0.425781 0.015991
v -0.414062 -0.455078 0.015564
v -0.474935 -0.449870 0.012431
v -0.474609 -0.451172 0.008179
v -0.435547 -0.500000 -0.016113
v -0.483073 -0.483724 -0.016368
v -0.473307 -0.449870 0.014903
v -0.468750 -0.453125 0.016113
v -0.482422 -0.480469 -0.010925
v -0.455078 -0.425781 0.014832
v -0.326497 -0.491211 0.015625
v -0.316406 -0.476562 0.016113
v -0.460938 -0.500000 0.011943
v -0.470703 -0.475912 -0.017191
v -0.443359 -0.457031 0.014954
v -0.476562 -0.455078 -0.001038
v -0.483317 -0.498372 -0.015093
v -0.477051 -0.499458 -0.013434
v -0.484158 -0.497721 -0.013047
v -0.476780 -0.497830 -0.015642
v -0.453125 -0.476562 0.015869
v -0.477539 -0.492188 0.015290
v -0.486653 -0.492513 -0.001480
v -0.485677 -0.489800 0.006088
v -0.486979 -0.492513 -0.009107
v -0.482096 -0.476563 -0.014302
v -0.483425 -0.488851 0.013867
v -0.481418 -0.496609 0.013811
v -0.468750 -0.498698 0.014618
v -0.481120 -0.476563 0.014730
v -0.464844 -0.500000 -0.016724
v -0.476237 -0.500000 -0.001946
v -0.473904 -0.499620 -0.008846
v -0.477973 -0.499241 0.011023
v -0.479492 -0.500000 0.006213
v -0.486979 -0.499349 -0.001495
v -0.484592 -0.497070 0.005687
v -0.483073 -0.475260 0.012167
v -0.477214 -0.492188 -0.016805
v -0.483615 -0.497179 -0.008336
v -0.485568 -0.491048 -0.013203
v -0.485921 -0.488742 0.011412
v -0.485379 -0.496663 0.011014
v -0.486084 -0.495199 0.013433
v -0.482422 -0.476562 0.008850
v -0.292969 -0.500000 0.013123
v -0.176758 -0.416016 -0.014465
v -0.177734 -0.416016 -0.018188
v -0.174805 -0.406901 -0.016439
v -0.175781 -0.410156 -0.010925
v -0.177734 -0.414062 -0.010803
v -0.170573 -0.403646 -0.014404
v -0.176758 -0.417969 -0.015137
v -0.147461 -0.447266 -0.017456
v -0.166992 -0.427734 -0.014954
v -0.146484 -0.447266 -0.014954
v -0.186523 -0.416016 -0.017334
v -0.177734 -0.416016 0.015869
v -0.238281 -0.425781 0.015991
v -0.183594 -0.423828 0.015198
v -0.187500 -0.375000 0.015198
v -0.175456 -0.408203 0.014689
v -0.173014 -0.407227 0.012136
v -0.193359 -0.441406 -0.016968
v -0.202148 -0.410156 -0.016357
v -0.172852 -0.423828 0.012146
v -0.146484 -0.445312 0.007874
v -0.172852 -0.423828 0.007690
v -0.175781 -0.421875 0.015747
v -0.159961 -0.435937 0.014172
v -0.177734 -0.416016 0.012573
v -0.164062 -0.394531 -0.001923
v -0.176758 -0.410156 -0.001938
v -0.177734 -0.416016 -0.001740
v -0.175781 -0.408203 0.008240
v -0.182617 -0.408203 -0.017090
v -0.195312 -0.464844 0.015869
v -0.159505 -0.443685 0.015320
v -0.173828 -0.423828 -0.001678
v -0.178711 -0.416016 0.007874
v -0.166016 -0.429688 -0.011780
v -0.146484 -0.447266 -0.001328
v -0.257812 -0.492188 0.016113
v -0.145508 -0.482422 0.014832
v -0.237305 -0.451172 -0.016724
v -0.131836 -0.466797 -0.016724
v -0.248047 -0.492188 -0.017212
v -0.255859 -0.500000 -0.016724
v -0.092631 -0.494954 0.013719
v -0.089200 -0.497938 0.011037
v -0.088786 -0.492839 0.011026
v -0.106689 -0.493164 0.015198
v -0.106656 -0.497721 0.013666
v -0.091878 -0.498291 0.013301
v -0.096843 -0.486654 0.014201
v -0.125163 -0.466797 -0.016307
v -0.129883 -0.500000 -0.010132
v -0.106511 -0.498906 -0.007971
v -0.104072 -0.499566 -0.001341
v -0.130859 -0.500000 -0.017090
v -0.090725 -0.495651 -0.011468
v -0.091653 -0.492030 -0.007798
v -0.092254 -0.496470 -0.007332
v -0.095068 -0.495449 -0.013966
v -0.093239 -0.491363 -0.012717
v -0.100506 -0.498045 -0.012278
v -0.120768 -0.467448 -0.014364
v -0.118652 -0.468750 -0.011292
v -0.099447 -0.483399 -0.014344
v -0.103841 -0.483073 -0.016246
v -0.120117 -0.466797 -0.001648
v -0.092076 -0.492178 -0.000757
v -0.098145 -0.486328 -0.010742
v -0.119141 -0.468750 0.008179
v -0.121094 -0.466146 0.011851
v -0.098145 -0.486328 0.008240
v -0.116211 -0.472005 0.014120
v -0.099040 -0.483073 0.012034
v -0.089139 -0.497504 0.005852
v -0.104797 -0.499349 0.011118
v -0.093737 -0.496582 -0.001103
v -0.089166 -0.492459 0.006117
v -0.105599 -0.497504 -0.015731
v -0.096959 -0.491754 -0.015588
v -0.107422 -0.493490 -0.016988
v -0.131673 -0.500000 0.011759
v -0.254069 -0.500000 0.012411
v -0.277344 -0.478516 -0.017578
v -0.294922 -0.500000 -0.017212
v -0.271484 -0.392578 -0.017456
v -0.273438 -0.414062 -0.016724
v -0.231445 -0.382812 -0.017090
v -0.277344 -0.447266 0.015076
v -0.273438 -0.417969 0.015869
v -0.306641 -0.449219 0.015564
v -0.292969 -0.496094 0.015869
v -0.242188 -0.462891 0.015991
v -0.304688 -0.419922 0.016479
v -0.241211 -0.404297 -0.016602
v -0.261440 -0.497768 0.014980
v -0.230469 -0.378906 0.015869
vn -0.0183 -0.0161 -0.9997
vn 0.0007 0.0038 -1.0000
vn -0.0045 0.0083 -1.0000
vn 0.0000 0.0000 1.0000
vn -0.0012 0.0074 -1.0000
vn -0.0040 0.0470 0.9989
vn -0.0027 0.1284 0.9917
vn -0.0007 0.0290 0.9996
vn -0.0023 -0.0008 1.0000
vn -0.0032 -0.0032 1.0000
vn -0.0026 0.0030 1.0000
vn -0.0071 -0.0094 0.9999
vn -0.0005 0.0139 0.9999
vn -0.0060 0.0031 -1.0000
vn 0.0024 0.0039 -1.0000
vn -0.0034 0.0113 -0.9999
vn -0.0059 0.0047 -1.0000
vn -0.0046 0.0332 -0.9994
vn 0.0019 0.0041 1.0000
vn 0.0078 0.0775 -0.9970
vn 0.0035 0.0788 -0.9969
vn 0.0015 0.0438 -0.9990
vn 0.0230 0.2511 -0.9677
vn 0.0012 1.0000 -0.0015
vn 0.0005 1.0000 -0.0019
vn 0.0249 0.9284 -0.3708
vn -0.0114 -0.0068 -0.9999
vn -0.0258 0.0058 -0.9997
vn -0.0009 0.0069 1.0000
vn -0.0002 0.0049 1.0000
vn -0.0007 0.0030 1.0000
vn -0.0039 0.1172 0.9931
vn -0.0021 0.0113 -0.9999
vn 0.0070 -0.0060 1.0000
vn 0.0000 1.0000 0.0000
vn 0.0012 1.0000 0.0024
vn 0.0087 -0.0079 -0.9999
vn 0.0039 -0.0011 -1.0000
vn -0.0010 -0.0073 -1.0000
vn -0.0152 -0.0234 -0.9996
vn -0.0598 0.8148 0.5767
vn 0.0017 0.9999 0.0114
vn -0.0001 1.0000 0.0096
vn -0.0084 -0.0105 0.9999
vn 0.0060 0.0031 1.0000
vn 0.0020 0.0091 -1.0000
vn 0.0000 0.1139 0.9935
vn 0.0050 0.0038 1.0000
vn -0.0030 0.1396 0.9902
vn -0.0008 0.3530 0.9356
vn -0.4899 -0.4812 0.7270
vn -0.4576 -0.4224 0.7824
vn -0.4899 -0.4811 0.7270
vn -0.5096 -0.5188 0.6864
vn -0.0107 -0.0051 0.9999
vn -0.0012 0.0091 1.0000
vn -0.0015 0.0008 -1.0000
vn -0.0045 0.0084 -1.0000
vn 0.0011 0.0118 -0.9999
vn -0.2114 -0.2144 -0.9536
vn -0.7023 -0.6954 0.1523
vn -0.6890 -0.7225 0.0575
vn -0.6858 -0.7278 0.0047
vn -0.0001 0.0042 1.0000
vn -0.0020 0.0033 1.0000
vn -0.0941 -0.0952 0.9910
vn -0.0982 -0.1009 0.9900
vn -0.6115 -0.6351 0.4719
vn -0.4349 -0.4614 -0.7733
vn -0.4546 -0.4786 -0.7512
vn -0.3341 -0.3525 -0.8741
vn -0.6804 -0.7290 -0.0744
vn -0.0034 0.0185 -0.9998
vn -0.0026 -0.0022 -1.0000
vn 0.0044 0.3974 0.9176
vn -0.6866 -0.7205 0.0970
vn -0.6595 -0.7300 -0.1796
vn 0.0143 0.1733 0.9848
vn 0.0041 0.0763 0.9971
vn -0.0158 0.0377 0.9992
vn -0.0031 0.6067 0.7949
vn -0.0095 0.6245 0.7810
vn -0.0055 0.6333 0.7739
vn -0.0138 0.0913 0.9957
vn 0.0085 -0.0566 0.9984
vn -0.9689 0.1282 -0.2118
vn -0.8413 0.1799 -0.5098
vn -0.7256 0.1844 -0.6630
vn -0.7234 -0.6841 -0.0932
vn -0.6626 -0.7489 0.0104
vn -0.6572 -0.7537 -0.0081
vn -0.9938 0.0861 -0.0708
vn -0.9742 0.2154 -0.0675
vn -0.7390 -0.6172 -0.2699
vn -0.0653 -0.0463 0.9968
vn -0.1414 0.0020 0.9900
vn -0.6414 -0.6189 0.4534
vn -0.7472 -0.4051 0.5269
vn -0.7858 -0.5871 0.1944
vn -0.4345 -0.5169 0.7376
vn -0.4236 -0.5005 0.7550
vn -0.0663 -0.0783 0.9947
vn -0.0108 -0.0009 -0.9999
vn -0.0108 -0.0008 -0.9999
vn 0.0186 0.0158 -0.9997
vn 0.0235 0.0290 -0.9993
vn -0.0082 0.0031 -1.0000
vn -0.0663 -0.0624 -0.9958
vn -0.4601 -0.5111 -0.7261
vn -0.2214 -0.2170 -0.9507
vn -0.9684 -0.2126 0.1300
vn -0.8006 -0.0046 0.5992
vn -0.9738 -0.2108 -0.0858
vn -0.1237 0.9922 0.0164
vn -0.0683 0.9971 -0.0331
vn -0.1597 0.9724 -0.1701
vn -0.0695 0.9882 0.1368
vn -0.1092 0.9737 0.1998
vn -0.4930 0.7806 -0.3842
vn -0.5730 0.6931 -0.4373
vn -0.2181 0.8749 -0.4323
vn -0.2236 0.6118 -0.7587
vn -0.4515 -0.4100 -0.7925
vn -0.3159 -0.1898 -0.9296
vn -0.4395 -0.4944 -0.7499
vn -0.6645 -0.7473 0.0023
vn -0.6579 -0.7471 0.0951
vn -0.6499 -0.7593 0.0331
vn -0.5381 -0.3505 -0.7665
vn -0.0100 0.6811 0.7321
vn 0.0324 0.7108 0.7026
vn -0.1374 -0.0621 0.9886
vn -0.0594 0.9974 -0.0419
vn -0.0447 0.9971 -0.0619
vn -0.0915 0.9956 -0.0204
vn -0.0128 0.9998 -0.0144
vn -0.2076 0.9301 -0.3030
vn -0.0113 0.9997 -0.0228
vn -0.2664 0.9336 0.2398
vn -0.1921 0.5420 -0.8181
vn -0.1728 0.7203 -0.6718
vn -0.1941 0.6014 -0.7750
vn -0.6545 -0.7553 -0.0342
vn -0.6549 -0.7554 0.0210
vn -0.6537 -0.7565 -0.0207
vn -0.4103 -0.4732 0.7796
vn -0.9799 0.0692 -0.1869
vn -0.9580 -0.0617 -0.2799
vn -0.0723 0.9974 0.0031
vn -0.0096 1.0000 0.0018
vn -0.6631 -0.7426 0.0941
vn -0.1778 0.5992 -0.7806
vn -0.0750 -0.0795 0.9940
vn -0.3964 -0.4599 0.7946
vn -0.8440 0.5331 -0.0587
vn -0.6304 0.5086 -0.5865
vn -0.4738 -0.6104 0.6347
vn -0.6605 -0.7473 0.0727
vn -0.6134 0.2509 -0.7489
vn -0.5965 0.2359 -0.7672
vn -0.6508 -0.7571 -0.0574
vn -0.9267 -0.1687 -0.3358
vn -0.9767 -0.2006 -0.0762
vn -0.6334 -0.7696 -0.0809
vn -0.8995 0.4279 0.0879
vn -0.8037 0.5863 0.1020
vn -0.8171 0.5759 0.0270
vn -0.7982 -0.3866 0.4620
vn -0.7189 -0.2396 0.6525
vn -0.9077 0.3978 -0.1335
vn -0.8243 -0.4817 0.2975
vn -0.9487 -0.3162 0.0000
vn -0.9258 -0.3766 -0.0312
vn -0.7992 -0.6008 0.0159
vn -0.8902 0.4401 0.1176
vn -0.6062 0.4754 -0.6376
vn -0.6027 0.4738 -0.6420
vn -0.6106 0.4694 -0.6378
vn -0.0540 0.0007 0.9985
vn -0.1151 -0.0301 0.9929
vn -0.1011 0.0448 0.9939
vn -0.0070 0.0001 1.0000
vn -0.0134 -0.0169 0.9998
vn 0.0104 0.0052 0.9999
vn 0.0024 0.0056 1.0000
vn -0.0018 0.0026 1.0000
vn -0.0066 -0.0112 0.9999
vn -0.0112 0.0334 0.9994
vn -0.0136 0.0115 0.9998
vn -0.8528 0.5158 -0.0816
vn -0.8136 0.5810 -0.0226
vn -0.7866 0.6133 0.0713
vn -0.0180 -0.0032 -0.9998
vn -0.1100 -0.0713 -0.9914
vn -0.1860 -0.1777 -0.9663
vn -0.6426 -0.1652 0.7482
vn -0.9156 0.2311 0.3291
vn -0.8979 -0.3113 -0.3111
vn -0.7727 -0.6164 -0.1515
vn -0.7769 -0.6296 -0.0013
vn -0.8374 0.4477 -0.3137
vn -0.8149 0.3760 -0.4411
vn -0.5710 0.3128 0.7590
vn -0.5934 0.3788 0.7102
vn -0.5934 0.3787 0.7103
vn -0.0616 0.0470 0.9970
vn -0.7029 -0.7105 0.0330
vn -0.7475 -0.6643 0.0072
vn -0.0516 0.0086 -0.9986
vn -0.6521 -0.4360 -0.6202
vn -0.8217 -0.3182 -0.4728
vn -0.7185 -0.3325 -0.6109
vn -0.5913 -0.4667 -0.6577
vn -0.6423 0.3913 -0.6590
vn -0.6359 0.4495 -0.6273
vn -0.6372 0.3739 -0.6739
vn -0.5916 0.2878 -0.7532
vn -0.7810 0.5992 0.1762
vn -0.7719 0.5913 0.2336
vn -0.7264 0.5583 0.4008
vn -0.7273 0.5545 0.4044
vn -0.8215 0.5283 -0.2147
vn -0.7734 0.2860 -0.5657
vn -0.7077 -0.7050 0.0460
vn -0.6781 -0.6591 0.3253
vn -0.0136 0.0388 0.9992
vn -0.0200 0.0413 0.9989
vn -0.0133 0.0192 0.9997
vn -0.0511 0.0346 -0.9981
vn -0.0036 -0.0040 -1.0000
vn -0.0226 0.0228 -0.9995
vn -0.6641 -0.7033 0.2539
vn -0.0930 -0.0896 0.9916
vn -0.5188 -0.4344 0.7363
vn -0.0031 0.0027 1.0000
vn -0.6064 0.4230 0.6733
vn -0.7943 0.6060 0.0421
vn 0.0056 -0.0070 -1.0000
vn 0.0043 -0.0222 -0.9997
vn 0.0098 -0.0208 -0.9997
vn 0.0039 -0.0092 -1.0000
vn 0.0141 0.0211 0.9997
vn 0.0175 0.0343 0.9993
vn -0.5768 -0.5317 -0.6201
vn -0.7950 0.6067 0.0000
vn -0.7879 0.6121 -0.0676
vn 0.0075 0.0426 -0.9991
vn 0.0527 0.0146 -0.9985
vn 0.0068 0.0432 -0.9990
vn 0.0297 0.0331 -0.9990
vn 0.0011 0.0468 -0.9989
vn -0.0025 0.0665 -0.9978
vn 0.0137 0.9916 -0.1283
vn 0.0053 1.0000 -0.0025
vn 0.0552 0.9958 -0.0724
vn 0.1107 -0.0333 0.9933
vn 0.1148 -0.0257 0.9931
vn 0.0030 0.0143 0.9999
vn 0.8166 -0.2151 0.5356
vn 0.7515 -0.2087 0.6259
vn 0.7459 -0.1996 0.6355
vn 0.0050 -0.0026 1.0000
vn 0.9984 0.0070 0.0567
vn 0.9811 -0.1931 0.0145
vn 0.9976 -0.0600 0.0352
vn 0.0837 0.9963 0.0180
vn 0.0696 0.9923 -0.1020
vn 0.0436 0.9984 -0.0354
vn 0.0159 0.0765 0.9969
vn -0.0110 0.2751 0.9613
vn 0.7689 0.5173 -0.3756
vn 0.9007 0.4048 -0.1579
vn 0.8402 0.4680 -0.2741
vn 0.9592 -0.2696 0.0855
vn 0.9519 -0.2306 -0.2019
vn 0.9273 -0.1009 -0.3604
vn 0.7404 0.5121 -0.4355
vn 0.1454 -0.0165 -0.9892
vn 0.1180 -0.0102 -0.9930
vn 0.1643 0.9792 -0.1189
vn 0.1268 0.9862 0.1061
vn 0.0456 0.0302 0.9985
vn -0.0150 0.0043 0.9999
vn 0.0017 -0.0261 0.9997
vn 0.0535 0.8542 -0.5172
vn 0.0365 0.9506 -0.3082
vn 0.0942 0.2405 -0.9661
vn 0.1344 0.1620 -0.9776
vn 0.1910 0.1005 -0.9764
vn -0.0059 0.1524 -0.9883
vn -0.0526 0.7386 -0.6721
vn 0.9449 -0.3200 0.0692
vn 0.9475 -0.3021 0.1049
vn 0.9540 -0.2993 -0.0159
vn -0.0053 0.9995 0.0300
vn 0.0257 0.9983 0.0516
vn 0.9243 -0.2742 0.2653
vn 0.1314 0.9661 0.2224
vn 0.9517 0.1247 0.2807
vn 0.9729 -0.2086 -0.0994
vn -0.0013 0.9998 0.0209
vn -0.0049 0.0173 0.9998
vn 0.9256 0.3557 -0.1294
vn 0.7522 -0.1413 -0.6437
vn 0.8478 -0.0446 -0.5284
vn 0.9063 0.3654 -0.2123
vn 0.9261 -0.2643 -0.2694
vn 0.9107 -0.2673 -0.3148
vn 0.6799 -0.1847 0.7097
vn -0.0002 0.9494 -0.3141
vn -0.0042 0.9530 -0.3030
vn 0.0009 0.1553 -0.9879
vn 0.1236 0.9807 0.1514
vn 0.8748 0.4074 -0.2621
vn 0.0001 0.1782 0.9840
vn 0.6730 -0.1793 -0.7176
vn 0.1558 0.0161 0.9877
vn 0.6745 -0.0973 0.7318
vn 0.0298 0.9350 0.3535
vn -0.0263 -0.0064 -0.9996
vn 0.9015 -0.2196 0.3729
vn 0.9016 -0.2196 0.3728
vn 0.8163 -0.2182 0.5349
vn 0.8909 -0.2190 -0.3980
vn 0.8921 -0.2199 -0.3947
vn 0.8909 -0.2190 -0.3979
vn 0.8874 -0.2164 -0.4070
vn 0.1114 -0.0234 -0.9935
vn 0.0027 -0.0095 -1.0000
vn 0.0180 -0.0122 -0.9998
vn 0.1349 -0.0175 -0.9907
vn 0.0219 0.0109 0.9997
vn 0.0182 0.0128 0.9998
vn 0.0023 0.0023 1.0000
vn 0.0135 0.0124 0.9998
vn 0.0455 0.0542 0.9975
vn 0.0534 0.0028 -0.9986
vn -0.0019 -0.0167 -0.9999
vn 0.9416 -0.2582 -0.2161
vn 0.8581 -0.2267 -0.4608
vn 0.8195 -0.2014 -0.5365
vn 0.9608 -0.2693 0.0653
vn 0.9600 -0.2797 0.0100
vn 0.7480 -0.2272 0.6236
vn 0.7695 -0.2050 0.6049
vn 0.7297 -0.2381 0.6410
vn 0.7834 -0.2048 0.5868
vn 0.6925 -0.2793 0.6651
vn 0.9664 -0.2174 -0.1373
vn 0.9648 -0.2631 0.0000
vn 0.9647 -0.2631 0.0073
vn 0.8868 -0.2432 -0.3930
vn -0.0159 -0.0101 -0.9998
vn 0.9444 -0.2160 0.2480
vn 0.0684 -0.0029 0.9977
vn 0.0713 -0.0024 0.9975
vn 0.5991 -0.1553 0.7854
vn -0.0040 0.0170 -0.9998
vn -0.0217 0.0090 -0.9997
vn 0.0046 0.0223 -0.9997
vn 0.0192 0.0217 -0.9996
vn -0.0172 0.0260 0.9995
vn -0.0033 0.0221 0.9998
vn 0.0007 0.0218 0.9998
vn -0.0088 -0.0050 0.9999
vn -0.0247 -0.0001 0.9997
vn -0.0007 0.9999 0.0116
vn -0.0008 0.9999 0.0113
vn -0.0016 1.0000 0.0016
vn 0.0087 0.0028 1.0000
vn 0.0036 0.8747 -0.4847
vn 0.0094 -0.0074 0.9999
vn -0.0045 -0.0436 0.9990
vn 0.0002 0.9997 0.0232
vn 0.0204 0.0222 -0.9995
vn 0.0428 0.0117 -0.9990
vn 0.0100 0.0226 -0.9997
vn 0.0034 0.1867 -0.9824
vn 0.0175 0.0202 0.9996
vn -0.0093 0.0032 1.0000
vn 0.0092 0.0178 0.9998
vn 0.7903 -0.1858 0.5839
vn 0.8972 -0.2337 -0.3747
vn 0.8711 -0.2338 -0.4319
vn 0.8764 -0.2227 -0.4271
vn 0.9827 -0.1818 0.0353
vn 0.9717 -0.2334 0.0360
vn 0.7862 -0.2127 -0.5802
vn 0.0732 -0.0265 -0.9970
vn 0.0989 -0.0304 -0.9946
vn 0.0885 -0.0286 -0.9957
vn 0.9600 -0.2798 0.0133
vn 0.8869 -0.2314 0.3998
vn 0.9691 -0.2386 0.0620
vn 0.9590 -0.2819 -0.0304
vn 0.8733 -0.2216 -0.4339
vn 0.0747 -0.0263 -0.9969
vn -0.0036 -0.0026 1.0000
vn -0.0056 -0.0005 1.0000
vn 0.0010 -0.0088 -1.0000
vn -0.0023 -0.0011 -1.0000
vn -0.0201 0.0012 -0.9998
vn 0.0077 -0.0096 -0.9999
vn -0.0081 0.0098 0.9999
vn -0.0130 0.0117 0.9998
vn 0.0293 -0.0110 0.9995
vn 0.1218 -0.0307 0.9921
vn 0.1217 -0.0299 0.9921
vn 0.8512 -0.1768 -0.4942
vn 0.9717 -0.2013 0.1232
vn 0.9718 -0.2013 0.1232
vn 0.9764 -0.1954 0.0924
vn 0.9719 -0.2289 -0.0541
vn 0.8940 -0.2072 -0.3972
vn 0.0101 0.0010 0.9999
vn -0.0003 0.0089 1.0000
vn 0.9684 -0.2487 -0.0173
vn 0.9672 -0.2536 -0.0126
vn 0.9687 -0.2469 -0.0245
vn 0.9209 -0.2325 0.3129
vn 0.0000 -0.0201 -0.9998
vn 0.1317 -0.0346 -0.9907
vn 0.1165 -0.0301 0.9927
vn 0.8122 -0.2015 0.5475
vn 0.0940 -0.0337 0.9950
vn 0.7424 -0.1879 0.6430
vn 0.6742 -0.1492 0.7233
vn -0.0079 0.0234 0.9997
vn -0.0079 0.0259 0.9996
vn -0.0156 0.0014 -0.9999
vn 0.0048 0.0000 -1.0000
vn 0.5740 -0.1312 -0.8083
vn 0.9750 -0.2216 0.0136
vn 0.9414 -0.2614 0.2131
vn 0.7103 -0.1942 -0.6766
vn 0.0014 0.0012 -1.0000
vn -0.0163 -0.0099 0.9998
vn 0.0003 -0.0146 0.9999
vn -0.0048 -0.0005 1.0000
vn 0.0112 0.0020 0.9999
vn 0.0218 0.0228 0.9995
vn -0.0134 -0.0461 0.9988
vn -0.0042 0.0014 1.0000
vn -0.0028 0.0105 0.9999
vn -0.0060 0.0037 -1.0000
vn 0.0093 -0.0088 -0.9999
vn 0.0108 -0.0289 -0.9995
vn -0.0008 0.0095 -1.0000
vn -0.0108 -0.0039 -0.9999
vn -0.0060 0.0064 -1.0000
vn -0.0037 0.0013 -1.0000
vn -0.0061 -0.0078 -1.0000
vn 0.0045 -0.0270 -0.9996
vn 0.0152 0.0093 -0.9998
vn -0.0210 0.0195 0.9996
vn -0.0017 0.0008 1.0000
vn -0.0288 0.0243 0.9993
vn -0.0332 0.0147 0.9993
vn 0.0000 -0.0045 1.0000
vn -0.0124 -0.0267 -0.9996
vn -0.0032 0.0102 -0.9999
vn -0.0006 0.0122 0.9999
vn -0.0345 0.0133 0.9993
vn 0.0099 0.0025 0.9999
vn 0.0924 -0.0500 0.9945
vn 0.0342 0.0108 0.9994
vn -0.0022 -0.0315 0.9995
vn -0.0267 -0.0431 0.9987
vn 0.0039 0.0071 1.0000
vn 0.0285 0.0391 0.9988
vn 0.4646 -0.8454 0.2634
vn 0.0715 -0.9280 0.3656
vn 0.0059 -0.9928 0.1197
vn 0.2384 -0.9698 0.0521
vn -0.1088 -0.4186 0.9016
vn 0.6010 -0.7707 0.2117
vn -0.0316 0.0137 0.9994
vn 0.0217 -0.0372 0.9991
vn 0.5317 -0.8303 0.1671
vn 0.5550 -0.8021 0.2206
vn 0.4472 -0.8944 0.0000
vn 0.1451 -0.4613 0.8753
vn 0.3155 -0.4389 0.8413
vn 0.3684 -0.4318 0.8233
vn 0.0155 -0.0035 -0.9999
vn 0.0052 -0.0148 -0.9999
vn 0.0250 -0.0129 -0.9996
vn 0.5985 -0.6170 0.5110
vn 0.6106 -0.6238 0.4879
vn 0.3858 -0.4051 -0.8289
vn 0.1621 -0.1337 -0.9777
vn 0.1377 -0.1699 -0.9758
vn 0.0857 -0.3308 -0.9398
vn 0.5652 -0.5203 -0.6401
vn -0.0105 0.0072 0.9999
vn -0.0063 0.0273 0.9996
vn -0.0002 -0.0124 0.9999
vn -0.0243 -0.0368 -0.9990
vn -0.0067 -0.0011 -1.0000
vn -0.0132 -0.0135 -0.9998
vn -0.0201 -0.0102 -0.9997
vn -0.0107 0.0039 -0.9999
vn 0.7380 -0.6748 0.0080
vn 0.6505 -0.7579 -0.0505
vn 0.7378 -0.6739 -0.0390
vn 0.7712 -0.6335 -0.0621
vn -0.0191 -0.1362 -0.9905
vn 0.0411 -0.1203 -0.9919
vn 0.0171 -0.0101 -0.9998
vn 0.0400 -0.0329 -0.9987
vn 0.0039 -0.0090 1.0000
vn 0.0565 0.0147 0.9983
vn 0.6066 -0.6578 -0.4465
vn 0.6466 -0.7432 -0.1720
vn 0.3430 -0.7364 -0.5832
vn 0.4314 -0.4185 0.7992
vn 0.6732 -0.6378 -0.3743
vn 0.7216 -0.6840 -0.1069
vn 0.0002 0.0201 -0.9998
vn 0.3517 -0.9237 -0.1521
vn -0.0389 -0.0456 -0.9982
vn 0.0163 -0.9919 -0.1262
vn 0.5792 -0.5197 -0.6281
vn -0.0105 -0.0028 0.9999
vn -0.0086 0.0080 0.9999
vn 0.0379 -0.0571 0.9976
vn 0.7421 -0.6703 0.0000
vn 0.4331 -0.4210 0.7970
vn -0.0102 0.0077 -0.9999
vn 0.0103 0.0050 -0.9999
vn 0.9611 -0.2564 0.1025
vn 0.9686 -0.2467 0.0304
vn 0.9123 -0.2323 0.3373
vn 0.9625 -0.2709 -0.0145
vn 0.8678 -0.2437 0.4330
vn 0.0046 -0.0067 -1.0000
vn 0.8319 -0.2231 0.5082
vn 0.7946 -0.2116 0.5690
vn 0.8650 -0.2274 0.4472
vn 0.8726 -0.2359 0.4278
vn 0.9624 -0.2380 -0.1313
vn 0.9693 -0.2441 -0.0289
vn 0.9578 -0.2556 -0.1313
vn 0.7851 -0.1938 -0.5882
vn 0.7292 -0.1916 -0.6569
vn 0.9728 -0.2290 0.0363
vn 0.9596 -0.2672 -0.0881
vn 0.7384 -0.2087 0.6413
vn 0.0083 -0.0190 -0.9998
vn 0.0183 -0.0121 -0.9998
vn 0.0562 -0.0135 -0.9983
vn 0.0386 -0.0141 -0.9992
vn 0.9734 -0.2290 0.0000
vn 0.0917 -0.0282 0.9954
vn 0.0195 -0.0069 0.9998
vn 0.1200 -0.0647 0.9907
vn 0.0085 -0.0042 1.0000
vn 0.1442 -0.0917 0.9853
vn -0.0011 0.0033 1.0000
vn 0.0083 0.0043 1.0000
vn 0.0051 -0.0004 1.0000
vn 0.5029 -0.1340 -0.8539
vn 0.6273 -0.1848 -0.7565
vn 0.9368 -0.2445 -0.2502
vn 0.7825 -0.2050 -0.5879
vn 0.0373 -0.0148 -0.9992
vn 0.0618 -0.0182 -0.9979
vn -0.1927 -0.8205 0.5382
vn -0.2117 -0.9772 -0.0140
vn -0.3124 -0.9402 0.1359
vn -0.3124 -0.9402 0.1360
vn -0.7263 -0.6810 -0.0928
vn -0.7306 -0.6813 -0.0459
vn -0.7527 -0.6575 -0.0338
vn -0.7144 -0.6923 -0.1016
vn -0.6936 -0.7037 -0.1539
vn -0.0148 -0.0116 -0.9998
vn -0.0900 -0.1436 -0.9855
vn -0.0564 -0.0884 -0.9945
vn -0.1992 -0.1710 -0.9649
vn -0.7293 -0.6838 0.0238
vn -0.7250 -0.6866 -0.0541
vn 0.0141 0.0013 0.9999
vn -0.0080 -0.0112 0.9999
vn 0.0062 -0.0086 0.9999
vn -0.2204 -0.3070 -0.9258
vn -0.1046 -0.3258 -0.9396
vn -0.0011 -0.0125 0.9999
vn 0.0432 0.0381 0.9983
vn -0.0132 -0.0121 0.9998
vn -0.6845 -0.7213 0.1058
vn -0.6979 -0.7148 0.0444
vn -0.3780 -0.8940 0.2406
vn -0.7035 -0.7105 -0.0149
vn -0.6767 -0.7235 -0.1362
vn -0.7112 -0.7008 -0.0558
vn -0.1251 -0.0891 -0.9881
vn -0.4440 -0.3714 -0.8154
vn -0.0099 -0.0036 0.9999
vn -0.1606 -0.9570 -0.2414
vn -0.3162 -0.9487 0.0000
vn -0.0281 -0.9078 -0.4184
vn -0.0069 -0.0031 -1.0000
vn -0.0005 0.0025 -1.0000
vn -0.7096 -0.7014 -0.0675
vn -0.6352 -0.5510 -0.5411
vn -0.7381 -0.6666 0.1041
vn 0.9559 -0.2491 -0.1557
vn 0.7698 -0.1093 -0.6289
vn 0.9615 -0.2747 0.0000
vn 0.9529 -0.2730 0.1319
vn 0.9430 -0.2735 0.1898
vn 0.9415 -0.2627 0.2111
vn 0.9407 -0.2582 0.2199
vn 0.0908 -0.0166 -0.9957
vn 0.8726 -0.2516 0.4187
vn 0.8279 -0.2372 0.5083
vn 0.8713 -0.2299 0.4337
vn 0.7874 -0.1286 0.6029
vn 0.1629 -0.0761 0.9837
vn 0.1329 -0.0478 0.9900
vn 0.0786 -0.0309 0.9964
vn 0.0645 -0.0234 0.9976
vn 0.0362 -0.0177 0.9992
vn 0.6855 -0.0362 0.7271
vn 0.7675 -0.0870 0.6352
vn 0.9242 -0.2634 0.2766
vn 0.8429 -0.2040 -0.4979
vn 0.8619 -0.2267 -0.4536
vn 0.7541 -0.1563 -0.6379
vn 0.8970 -0.2554 -0.3607
vn 0.9531 -0.2725 0.1318
vn 0.9460 -0.2623 0.1904
vn 0.8922 -0.2698 -0.3622
vn 0.9636 -0.2640 -0.0430
vn 0.9596 -0.2801 0.0253
vn 0.9699 -0.2338 0.0686
vn -0.4813 -0.8639 0.1484
vn -0.5635 -0.7249 0.3963
vn -0.4341 -0.9004 -0.0306
vn 0.7109 -0.4643 0.5283
vn 0.6243 -0.4794 0.6167
vn 0.3127 -0.2160 0.9250
vn 0.0419 -0.1108 0.9930
vn 0.0377 -0.1803 0.9829
vn -0.4439 -0.4572 0.7707
vn -0.4127 -0.4758 0.7767
vn -0.7154 -0.6958 0.0643
vn -0.7051 -0.6690 0.2351
vn -0.7051 -0.6690 0.2350
vn -0.7441 -0.6498 -0.1553
vn -0.6773 -0.6896 0.2564
vn -0.6773 -0.6896 0.2563
vn -0.6665 -0.7455 -0.0002
vn 0.9517 -0.3044 0.0397
vn 0.8737 -0.4858 -0.0266
vn 0.9083 -0.4130 0.0664
vn 0.6922 -0.0768 -0.7176
vn 0.9295 -0.3088 0.2016
vn 0.9454 -0.2800 0.1665
vn 0.9894 -0.1333 -0.0582
vn -0.7439 -0.6655 -0.0613
vn -0.7360 -0.6770 0.0037
vn -0.7480 -0.6636 0.0058
vn -0.7546 -0.6562 0.0019
vn -0.7542 -0.6548 -0.0495
vn -0.3918 -0.3433 -0.8536
vn -0.5065 -0.4526 -0.7339
vn -0.1481 -0.1543 -0.9769
vn -0.3847 -0.4436 -0.8095
vn -0.7390 -0.6588 -0.1411
vn -0.7205 -0.6926 -0.0343
vn -0.5163 -0.8564 0.0000
vn -0.1661 -0.7698 -0.6163
vn -0.0495 -0.1968 -0.9792
vn -0.2571 -0.8375 0.4821
vn -0.2943 -0.8189 0.4927
vn -0.2944 -0.8189 0.4927
vn 0.6944 -0.2562 -0.6724
vn 0.7351 -0.2857 -0.6148
vn 0.8009 -0.2451 -0.5463
vn 0.8600 -0.3698 0.3517
vn 0.9400 -0.2210 0.2600
vn 0.9373 -0.2792 0.2087
vn 0.8587 -0.4433 0.2571
vn 0.8779 -0.2076 0.4316
vn 0.0890 -0.0549 0.9945
vn 0.3467 -0.1125 0.9312
vn 0.0560 -0.0246 0.9981
vn 0.0421 0.0016 0.9991
vn 0.0169 0.0135 0.9998
vn 0.0522 0.0551 0.9971
vn -0.3331 -0.9429 -0.0038
vn -0.5993 -0.7991 -0.0468
vn -0.6556 -0.7531 0.0556
vn -0.3055 -0.9513 0.0407
vn -0.3207 -0.8047 0.4996
vn -0.1477 -0.8432 -0.5170
vn -0.6846 -0.7246 0.0791
vn -0.0414 -0.0308 -0.9987
vn -0.5689 -0.5247 -0.6333
vn -0.0004 -0.0291 -0.9996
vn -0.7550 -0.6557 -0.0098
vn -0.7330 -0.6766 -0.0702
vn -0.2950 -0.6493 0.7010
vn 0.4646 -0.8783 0.1129
vn 0.0840 -0.0115 -0.9964
vn 0.0626 -0.0349 -0.9974
vn 0.7981 -0.2031 -0.5672
vn 0.0209 -0.0345 0.9992
vn 0.8027 -0.1759 -0.5699
vn 0.7423 -0.1513 -0.6528
vn 0.9210 -0.3854 -0.0562
vn 0.6387 -0.3416 0.6895
vn 0.7472 -0.6639 0.0315
vn 0.9720 -0.2318 -0.0384
vn 0.9272 -0.3745 -0.0065
vn 0.0060 0.0066 -1.0000
vn 0.0065 0.0020 -1.0000
vn 0.0104 0.0000 -0.9999
vn -0.0026 0.0017 -1.0000
vn -0.0105 0.0064 -0.9999
vn -0.0083 0.0107 -0.9999
vn -0.0295 0.0259 -0.9992
vn -0.5215 0.3966 -0.7555
vn -0.6097 0.4449 -0.6561
vn -0.5324 0.4038 -0.7440
vn -0.7886 0.5629 -0.2474
vn -0.8141 0.5728 -0.0952
vn -0.8137 0.5804 -0.0316
vn -0.7972 0.5950 -0.1018
vn 0.0055 0.0046 -1.0000
vn 0.0038 -0.0018 -1.0000
vn 0.0114 -0.0006 -0.9999
vn -0.0054 -0.0002 1.0000
vn -0.0049 -0.0024 1.0000
vn -0.0025 -0.0020 1.0000
vn 0.0036 0.0367 0.9993
vn -0.0209 0.0286 0.9994
vn 0.0035 0.0002 1.0000
vn -0.0421 0.0399 -0.9983
vn -0.0026 0.0016 1.0000
vn -0.0027 0.0054 1.0000
vn -0.0024 -0.0065 1.0000
vn -0.8141 0.5793 0.0400
vn -0.7749 0.6069 0.1764
vn -0.8242 0.5622 -0.0679
vn -0.8302 0.5535 -0.0660
vn -0.6729 0.5164 0.5297
vn -0.6665 0.5153 0.5387
vn -0.7845 0.6201 0.0000
vn -0.7815 0.6223 0.0441
vn -0.7119 0.5428 0.4457
vn -0.0007 0.0018 -1.0000
vn -0.0056 0.0019 -1.0000
vn -0.0479 0.0392 0.9981
vn -0.0513 0.0424 0.9978
vn -0.7837 0.6139 0.0940
vn 0.0348 -0.0220 0.9992
vn -0.7929 0.6087 0.0285
vn -0.8159 0.5777 -0.0246
vn -0.7876 0.6146 0.0440
vn 0.0043 -0.0070 1.0000
vn 0.0077 0.0026 -1.0000
vn 0.0135 0.0005 -0.9999
vn 0.0072 0.0042 -1.0000
vn -0.6150 0.4738 0.6303
vn -0.6033 0.4887 0.6303
vn -0.6744 0.5991 0.4316
vn -0.6286 0.4635 0.6245
vn -0.0449 0.0525 0.9976
vn -0.0058 0.0089 0.9999
vn -0.0635 0.0510 0.9967
vn -0.6645 0.4889 0.5652
vn -0.0074 0.0424 0.9991
vn -0.7684 0.6116 -0.1884
vn -0.7808 0.5419 -0.3109
vn -0.7775 0.5761 -0.2524
vn -0.7679 0.6163 -0.1749
vn -0.0059 0.0063 1.0000
vn 0.0091 0.0002 1.0000
vn -0.1158 0.0814 -0.9899
vn -0.0333 0.0312 -0.9990
vn -0.2085 0.1416 -0.9677
vn -0.3756 0.2551 -0.8910
vn -0.3535 0.2306 -0.9066
vn -0.3442 0.2306 -0.9101
vn -0.6801 0.5147 0.5220
vn -0.8115 0.5834 0.0344
vn -0.8178 0.5658 -0.1056
vn -0.1234 0.0991 -0.9874
vn -0.7790 0.6267 0.0190
vn -0.8039 0.5942 0.0271
vn -0.7830 0.5251 -0.3334
vn -0.8039 0.5944 0.0212
vn -0.7660 0.5966 0.2395
vn 0.0032 -0.0022 1.0000
vn 0.0054 -0.0014 1.0000
vn -0.0005 0.0014 1.0000
vn -0.8117 0.5837 0.0195
vn -0.7929 0.6088 0.0269
vn -0.7781 0.6269 -0.0404
vn 0.0197 -0.0138 -0.9997
vn -0.7567 0.6036 0.2513
vn -0.0127 -0.0151 0.9998
vn -0.3481 0.2778 -0.8953
vn -0.7622 0.6443 0.0625
vn -0.8287 0.5525 -0.0896
vn -0.7916 0.6081 0.0604
vn -0.7993 0.5965 -0.0731
vn -0.6517 0.7521 0.0978
vn -0.5499 0.8347 0.0299
vn -0.6042 0.7795 0.1651
vn -0.7170 0.6951 0.0513
vn -0.7562 0.6498 0.0777
vn -0.5280 0.8377 -0.1392
vn 0.5647 0.7209 -0.4017
vn 0.4126 0.8061 -0.4243
vn 0.4131 0.8746 -0.2537
vn 0.4883 0.4668 0.7374
vn 0.5220 0.5296 0.6686
vn 0.5304 0.4914 0.6908
vn 0.3412 0.4883 0.8032
vn 0.0872 0.5161 0.8521
vn 0.6652 0.7381 -0.1128
vn 0.7638 0.6088 -0.2142
vn 0.0073 0.0099 -0.9999
vn -0.0065 0.0087 -0.9999
vn -0.0176 -0.0059 -0.9998
vn 0.1000 0.1175 -0.9880
vn 0.2470 0.1443 -0.9582
vn -0.0106 -0.0026 0.9999
vn 0.0061 -0.0011 1.0000
vn 0.0078 0.0017 1.0000
vn -0.0740 0.0927 -0.9929
vn -0.0584 0.0033 -0.9983
vn -0.0222 0.0051 -0.9997
vn -0.0044 0.1968 -0.9804
vn -0.2210 0.2169 -0.9508
vn -0.2943 0.1920 -0.9362
vn 0.0095 0.2707 -0.9626
vn 0.0159 -0.0067 0.9999
vn -0.0015 -0.0098 1.0000
vn -0.0047 -0.0084 1.0000
vn -0.0632 0.0241 -0.9977
vn 0.7807 0.6248 -0.0111
vn 0.7808 0.6243 -0.0231
vn 0.8009 0.5988 0.0025
vn 0.6763 0.7280 0.1126
vn 0.6813 0.7320 -0.0026
vn -0.0251 0.5696 0.8215
vn -0.2239 0.4390 0.8701
vn -0.6191 0.7155 -0.3236
vn -0.7348 0.6778 -0.0266
vn -0.6426 0.7649 -0.0438
vn -0.3408 0.9265 0.1596
vn -0.6803 0.7276 0.0883
vn 0.4557 0.5155 0.7257
vn 0.7943 0.5877 -0.1538
vn 0.4444 0.8401 0.3109
vn 0.4609 0.8825 0.0942
vn -0.4938 0.8672 -0.0641
vn 0.4192 0.8444 -0.3336
vn 0.5369 0.8244 -0.1792
vn -0.7758 0.6205 0.1141
vn -0.8147 0.5720 0.0958
vn 0.4856 0.3255 -0.8113
vn 0.3665 0.2785 -0.8877
vn -0.0242 -0.0115 0.9996
vn 0.0117 0.0141 0.9998
vn -0.0217 0.0210 0.9995
vn -0.0052 -0.0539 0.9985
vn 0.0591 0.0717 0.9957
vn -0.9296 0.3679 0.0234
vn 0.7253 0.6763 -0.1289
vn 0.7919 0.5999 -0.1137
vn 0.0686 0.0782 0.9946
vn 0.0281 -0.0281 0.9992
vn -0.7791 0.6268 0.0152
vn -0.7622 0.6442 0.0638
vn -0.6804 0.7275 0.0883
vn -0.8146 0.5720 0.0958
vn 0.0695 0.0777 0.9946
vn 0.7227 -0.5787 0.3778
vn 0.7228 -0.5787 0.3777
vn 0.7221 -0.6216 0.3034
vn 0.5400 -0.4700 0.6982
vn 0.0560 -0.0449 0.9974
vn 0.0593 -0.0508 0.9969
vn 0.0157 -0.0128 0.9998
vn 0.0238 -0.0183 0.9995
vn 0.7805 -0.6251 -0.0073
vn 0.0394 -0.0293 -0.9988
vn 0.0440 -0.0282 -0.9986
vn 0.0070 -0.0070 -1.0000
vn 0.6334 -0.5280 -0.5657
vn 0.6336 -0.5135 -0.5787
vn 0.6184 -0.4858 -0.6177
vn 0.6051 -0.5184 -0.6043
vn 0.0840 -0.0635 -0.9944
vn 0.0011 0.0017 -1.0000
vn 0.5861 -0.4461 -0.6764
vn 0.5941 -0.4510 -0.6661
vn -0.0096 0.0088 0.9999
vn -0.0184 0.0099 -0.9998
vn -0.0239 0.0171 -0.9996
vn -0.0152 0.0042 -0.9999
vn 0.7620 -0.5960 0.2533
vn 0.7410 -0.5849 0.3298
vn 0.7411 -0.5849 0.3297
vn 0.7806 -0.6060 -0.1532
vn 0.6757 -0.6095 0.4148
vn 0.0447 -0.0351 -0.9984
vn 0.7884 -0.6059 -0.1065
vn 0.7771 -0.6236 -0.0850
vn 0.7577 -0.6408 -0.1233
vn 0.7888 -0.6131 -0.0433
vn 0.7958 -0.6052 0.0219
vn 0.7953 -0.6062 0.0052
vn 0.7708 -0.6312 0.0862
vn 0.7468 -0.6072 0.2713
vn 0.7391 -0.6686 0.0822
vn 0.7613 -0.6473 -0.0366
vn -0.0109 0.0017 0.9999
vn -0.0100 0.0053 0.9999
vn 0.6000 -0.4651 -0.6509
vn 0.0508 -0.0387 0.9980
vn 0.5847 -0.5260 -0.6176
vn 0.7709 -0.6035 0.2038
vn 0.7628 -0.6201 -0.1833
vn -0.0092 0.0082 0.9999
vn 0.7488 -0.6540 0.1079
vn -0.0100 0.0054 0.9999
vn 0.7841 -0.6206 -0.0096
vn 0.7620 -0.6476 0.0068
vn 0.7906 -0.6109 0.0407
vn 0.7800 -0.6248 -0.0355
vn 0.7835 -0.6214 -0.0018
vn -0.0022 -0.0060 1.0000
vn 0.0647 -0.0465 0.9968
vn 0.0035 -0.0024 1.0000
vn 0.0849 -0.0177 0.9962
vn 0.7904 -0.6121 -0.0249
vn 0.7999 -0.5929 0.0930
vn 0.7894 -0.6116 0.0518
vn -0.0035 -0.0250 0.9997
vn 0.0433 -0.0238 0.9988
vn -0.0110 -0.0046 0.9999
vn 0.0277 -0.0302 -0.9992
vn 0.0136 -0.0150 -0.9998
vn 0.0282 -0.0384 -0.9989
vn 0.5911 -0.4551 -0.6659
vn 0.6006 -0.4615 -0.6529
vn 0.5841 -0.4451 -0.6788
vn 0.1034 -0.0030 0.9946
vn 0.0664 0.0015 0.9978
vn 0.5480 0.2626 0.7942
vn 0.4982 0.3283 0.8025
vn 0.5597 0.2190 0.7993
vn 0.6327 -0.0542 0.7725
vn 0.1103 0.0776 0.9909
vn -0.0067 0.0060 1.0000
vn -0.0114 0.0030 0.9999
vn 0.5811 -0.3259 -0.7457
vn 0.9068 -0.4199 0.0364
vn 0.5912 -0.0119 -0.8064
vn 0.0223 0.0029 -0.9997
vn 0.0122 0.0002 -0.9999
vn 0.0420 -0.0290 -0.9987
vn 0.8870 0.4614 0.0200
vn 0.8755 0.4679 0.1206
vn 0.9394 0.3429 -0.0002
vn 0.9490 0.3152 0.0085
vn 0.8661 0.4951 -0.0694
vn 0.8217 0.5692 0.0284
vn 0.0530 -0.0414 0.9977
vn 0.6749 -0.5487 0.4934
vn 0.6691 -0.4853 0.5628
vn 0.6654 -0.5350 0.5206
vn 0.8039 0.5921 0.0557
vn 0.8167 0.5766 0.0248
vn 0.6580 -0.2099 0.7232
vn 0.8331 0.1977 -0.5166
vn 0.8761 0.4527 -0.1659
vn 0.7978 0.2299 -0.5573
vn 0.7545 -0.3748 -0.5388
vn 0.8158 -0.5231 -0.2468
vn 0.7875 -0.5334 -0.3088
vn 0.6726 -0.4583 0.5810
vn 0.7811 -0.6242 -0.0160
vn 0.7828 -0.6199 0.0541
vn 0.7930 -0.6041 -0.0789
vn 0.0101 0.0016 -0.9999
vn 0.8929 0.2080 0.3993
vn 0.8059 0.3303 0.4914
vn 0.7263 0.1099 0.6786
vn 0.6251 -0.5315 0.5717
vn 0.0520 -0.0394 0.9979
vn -0.0029 0.0080 1.0000
vn 0.8084 0.5272 0.2619
vn 0.6133 0.2863 -0.7362
vn 0.6048 0.2351 -0.7609
vn 0.5783 0.3780 -0.7230
vn 0.0055 0.0140 -0.9999
vn 0.0132 0.0003 -0.9999
vn 0.1207 0.2479 0.9612
vn 0.8187 0.5503 0.1639
vn 0.0555 0.0035 -0.9985
vn 0.0014 0.0025 1.0000
vn 0.0031 0.0032 1.0000
vn 0.0026 0.0013 1.0000
vn -0.0010 -0.0054 -1.0000
vn 0.0048 -0.0020 -1.0000
vn 0.0002 -0.0015 -1.0000
vn -0.0002 0.0026 1.0000
vn 0.0154 0.0112 -0.9998
vn -0.0018 -0.0004 -1.0000
vn -0.0018 0.0033 -1.0000
vn 0.0009 0.0032 1.0000
vn -0.0007 0.0031 1.0000
vn 0.0030 0.0059 -1.0000
vn -0.0014 0.0012 1.0000
vn -0.0193 -0.0012 0.9998
vn -0.0012 0.0099 -1.0000
vn 0.0140 -0.0053 0.9999
vn -0.0837 0.0329 0.9959
vn -0.0849 0.0261 0.9960
vn -0.1170 0.0728 0.9905
vn 0.0101 0.0310 -0.9995
vn 0.0194 0.0221 -0.9996
vn 0.1962 0.1774 -0.9644
vn 0.4495 0.3417 -0.8253
vn -0.0063 0.0204 -0.9998
vn 0.1489 0.1553 -0.9766
vn -0.0079 0.0092 -0.9999
vn -0.0101 0.1379 -0.9904
vn 0.1049 0.1951 -0.9752
vn -0.0055 0.0151 -0.9999
vn -0.0278 0.9594 -0.2805
vn 0.7058 0.4200 0.5704
vn 0.7486 0.4469 0.4897
vn 0.7167 0.4199 0.5568
vn 0.0834 0.0586 0.9948
vn -0.0046 -0.0027 1.0000
vn -0.0122 0.0119 0.9999
vn 0.8318 0.5047 0.2312
vn 0.0173 -0.0120 0.9998
vn -0.0061 -0.0019 1.0000
vn 0.0115 -0.0043 0.9999
vn -0.0015 0.0128 0.9999
vn 0.0036 0.0102 0.9999
vn 0.0849 0.1444 0.9859
vn 0.0066 0.1264 0.9920
vn 0.2289 0.9731 0.0262
vn 0.5112 0.8576 -0.0572
vn 0.2212 0.9752 0.0063
vn 0.6862 0.6298 0.3640
vn 0.6615 0.5395 0.5209
vn 0.8449 0.5348 0.0103
vn 0.0403 0.9886 0.1453
vn 0.8770 0.4804 -0.0108
vn 0.8600 0.4839 -0.1620
vn 0.8601 0.4791 -0.1752
vn 0.8598 0.5104 -0.0120
vn 0.0045 0.9941 0.1082
vn -0.0555 -0.0006 0.9985
vn 0.0309 0.0080 0.9995
vn 0.8669 0.4985 -0.0033
vn 0.7794 0.5772 -0.2437
vn 0.5950 0.4338 -0.6766
vn 0.5982 0.4365 -0.6720
vn -0.0726 0.0908 0.9932
vn 0.8111 0.4285 -0.3981
vn 0.6466 0.5761 -0.5001
vn 0.4269 0.4066 -0.8077
vn 0.2170 0.2188 -0.9513
vn -0.0162 0.0145 -0.9998
vn -0.0201 0.0064 -0.9998
vn 0.7338 0.6543 -0.1827
vn 0.0823 0.9903 -0.1118
vn 0.3638 0.9302 -0.0488
vn 0.5197 0.8543 -0.0113
vn 0.5519 0.4829 -0.6798
vn 0.5977 0.6980 -0.3943
vn 0.0324 0.9884 0.1487
vn -0.0030 0.0185 -0.9998
vn 0.1628 0.1002 0.9816
vn 0.1401 0.0743 0.9873
vn 0.6105 0.3754 -0.6974
vn 0.1094 0.0810 -0.9907
vn 0.1019 0.0309 0.9943
vn 0.8648 0.4794 0.1493
vn 0.8668 0.4914 0.0847
vn 0.8662 0.4964 0.0580
vn 0.8279 0.4823 -0.2863
vn 0.8181 0.5017 -0.2811
vn 0.8078 0.5210 -0.2757
vn 0.8639 0.5000 0.0601
vn 0.8274 0.4951 0.2652
vn 0.8629 0.5010 0.0667
vn 0.7553 0.4681 0.4587
vn 0.7055 0.4711 0.5294
vn 0.7923 0.4630 0.3973
vn 0.8181 0.5016 -0.2811
vn 0.8020 0.5961 -0.0393
vn 0.8010 0.5973 -0.0405
vn 0.7982 0.5725 -0.1874
vn 0.9914 -0.0939 0.0911
vn 0.9636 -0.1164 0.2408
vn 0.9350 -0.1570 0.3179
vn 0.9219 0.3814 -0.0682
vn 0.7846 0.6188 0.0382
vn 0.9995 -0.0307 0.0030
vn 0.0000 -1.0000 0.0000
vn 0.0251 -0.9997 -0.0072
vn -0.0059 -0.9960 0.0888
vn 0.0172 -0.8021 -0.5970
vn 0.0303 -0.8028 -0.5954
vn -0.0380 -0.8016 -0.5966
vn 0.0824 -0.8012 -0.5926
vn 0.0317 0.0148 -0.9994
vn 0.0766 -0.1577 -0.9845
vn 0.1343 -0.9909 -0.0005
vn 0.1642 -0.9862 0.0232
vn 0.2674 -0.9634 -0.0205
vn 0.0899 -0.9936 0.0688
vn 0.0797 0.0674 -0.9945
vn 0.0798 0.0517 -0.9955
vn 0.7606 0.4836 -0.4331
vn 0.7636 0.4840 -0.4274
vn 0.7659 0.4795 -0.4284
vn 0.0267 -0.9996 0.0079
vn 0.0830 -0.8044 -0.5882
vn -0.0719 -0.9972 -0.0192
vn 0.1727 -0.9803 0.0963
vn 0.1208 -0.9927 0.0010
vn 0.0510 -0.9925 -0.1113
vn 0.1799 -0.9837 -0.0070
vn 0.0350 -0.1352 0.9902
vn 0.0960 -0.3543 0.9302
vn 0.0489 -0.4074 0.9119
vn -0.0574 -0.8766 0.4778
vn -0.0266 -0.8740 0.4852
vn 0.0350 -0.7408 0.6708
vn 0.8724 -0.1158 0.4748
vn 0.9953 -0.0213 0.0940
vn 0.8545 0.1233 0.5046
vn 0.0462 -0.7207 0.6917
vn 0.0656 -0.6569 0.7511
vn 0.0732 -0.9248 -0.3733
vn -0.0340 -0.9953 0.0912
vn 0.0181 -0.0049 0.9998
vn -0.0101 -0.1023 0.9947
vn 0.0275 -0.0761 0.9967
vn 0.0961 0.0808 0.9921
vn 0.0599 0.0491 0.9970
vn 0.0223 -0.0717 0.9972
vn 0.2894 -0.9487 0.1275
vn 0.8393 0.5419 -0.0425
vn 0.3035 -0.9435 0.1333
vn 0.8752 -0.1020 0.4728
vn 0.8819 0.4570 -0.1153
vn 0.8371 0.5446 -0.0514
vn 0.8211 0.3945 -0.4125
vn 0.3461 -0.9256 -0.1531
vn 0.7856 0.6110 0.0976
vn 0.8122 0.5074 0.2879
vn -0.0686 -0.9788 0.1930
vn 0.6783 0.4357 0.5917
vn 0.7549 0.3816 0.5334
vn 0.8532 0.5209 0.0263
vn 0.9632 0.2142 0.1621
vn 0.3689 0.0656 0.9271
vn 0.8023 0.5208 -0.2916
vn -0.0031 0.0147 -0.9999
vn 0.7897 0.6045 0.1047
vn 0.7727 0.6311 0.0681
vn 0.0058 -0.0049 -1.0000
vn 0.0258 -0.9813 0.1907
vn 0.0310 -0.9995 -0.0008
vn 0.0863 -0.9886 0.1231
vn -0.0686 -0.9794 0.1899
vn 0.0919 -0.9755 0.1999
vn 0.0626 -0.8808 -0.4693
vn 0.0065 -0.9128 -0.4083
vn 0.0303 -0.9339 -0.3562
vn -0.0034 -0.9265 -0.3763
vn -0.0109 -0.0032 -0.9999
vn -0.0328 -0.4340 -0.9003
vn -0.0344 -0.2450 -0.9689
vn -0.0095 0.0115 0.9999
vn -0.0103 0.0039 0.9999
vn -0.0075 0.0198 0.9998
vn -0.0028 -0.0162 0.9999
vn 0.0426 -0.9990 -0.0161
vn 0.0458 -0.9988 -0.0173
vn 0.0362 -0.9889 -0.1438
vn -0.0006 -0.0190 0.9998
vn -0.0051 -0.1173 0.9931
vn 0.0253 -0.7851 0.6188
vn 0.0371 -0.7797 0.6251
vn 0.0186 -0.7741 0.6328
vn -0.0005 -0.0925 0.9957
vn 0.0500 -0.8167 0.5749
vn 0.0900 -0.8284 0.5528
vn 0.0321 -0.9909 -0.1309
vn 0.0742 -0.9751 -0.2090
vn 0.0252 -0.9916 -0.1269
vn 0.1051 -0.8193 0.5636
vn 0.0140 -0.0964 0.9952
vn 0.1155 -0.7577 -0.6423
vn 0.2408 -0.6475 -0.7231
vn -0.0109 -0.0026 -0.9999
vn -0.0087 0.0126 -0.9999
vn 0.0157 -0.9297 -0.3679
vn -0.0223 -0.2114 -0.9771
vn -0.0041 -0.0041 1.0000
vn -0.0008 0.0059 -1.0000
vn 0.0026 -0.0059 -1.0000
vn 0.0793 -0.1105 -0.9907
vn 0.9797 -0.1295 -0.1532
vn 0.9797 -0.1294 -0.1532
vn 0.9768 0.0140 -0.2136
vn 0.3918 -0.9153 -0.0933
vn 0.3718 -0.9243 0.0863
vn 0.3842 -0.9231 0.0166
vn 0.3723 -0.8977 -0.2356
vn 0.3056 -0.8282 -0.4697
vn 0.9620 -0.2555 -0.0959
vn 0.7074 -0.2783 -0.6497
vn 0.6237 -0.1313 -0.7706
vn 0.9073 0.4082 0.1004
vn 0.9121 0.4087 0.0330
vn 0.8919 0.4473 -0.0662
vn 0.9080 0.3883 0.1572
vn 0.9404 0.2467 0.2341
vn 0.0618 -0.2343 -0.9702
vn 0.3084 -0.2090 -0.9280
vn 0.2136 0.0089 -0.9769
vn -0.0070 0.0014 -1.0000
vn -0.0074 0.0073 -0.9999
vn -0.0099 0.0019 -0.9999
vn 0.0058 -0.0634 0.9980
vn 0.1005 -0.0417 0.9941
vn 0.0071 -0.1072 0.9942
vn 0.8886 0.4433 -0.1179
vn 0.9235 0.0897 0.3729
vn 0.5883 0.2894 0.7551
vn 0.5603 0.1518 0.8143
vn 0.1922 0.0657 0.9792
vn -0.0035 0.0181 -0.9998
vn 0.3793 -0.9127 0.1523
vn 0.3527 -0.9215 0.1628
vn 0.9523 0.0720 0.2967
vn 0.9606 0.2218 0.1672
vn 0.5077 0.0846 -0.8574
vn 0.2484 0.0815 -0.9652
vn 0.8846 -0.0735 0.4605
vn 0.1112 -0.7468 0.6556
vn 0.2338 -0.7842 -0.5748
vn 0.3293 -0.9353 0.1298
vn -0.1007 0.0736 0.9922
vn 0.0239 0.0118 0.9996
vn 0.9516 0.0910 0.2935
vn 0.3002 -0.9415 0.1532
vn 0.8874 0.4419 -0.1310
vn 0.5928 -0.0854 -0.8008
vn 0.8680 0.4165 -0.2704
vn 0.0326 0.0146 0.9994
vn -0.0126 0.0029 0.9999
vn -0.0059 -0.0026 1.0000
vn 0.0006 0.0027 1.0000
vn 0.8267 0.5188 -0.2177
vn 0.8159 0.5666 -0.1154
vn 0.8414 0.5323 -0.0932
vn 0.7017 0.4055 0.5859
vn 0.7295 0.4036 0.5522
vn 0.6817 0.3855 0.6219
vn 0.7684 0.4100 0.4915
vn 0.8688 0.4879 -0.0847
vn 0.6904 0.3825 0.6140
vn 0.1778 0.1109 -0.9778
vn 0.0320 0.0246 -0.9992
vn 0.0010 0.0021 -1.0000
vn 0.2426 0.1670 -0.9556
vn 0.0822 0.0390 0.9959
vn 0.0713 -0.0005 0.9975
vn 0.8668 0.4976 0.0312
vn 0.8712 0.4907 -0.0112
vn 0.8542 0.5187 -0.0344
vn 0.8697 0.4682 -0.1565
vn 0.8339 0.5519 0.0044
vn 0.8224 0.5679 -0.0354
vn 0.8504 0.5261 0.0014
vn 0.8327 0.5525 0.0375
vn 0.6739 0.4637 0.5752
vn 0.6184 0.4322 0.6563
vn 0.8107 0.5749 -0.1109
vn 0.7856 0.5767 -0.2243
vn 0.0151 -0.0090 -0.9998
vn -0.0002 -0.0087 -1.0000
vn -0.0034 -0.0012 -1.0000
vn 0.0061 -0.0197 -0.9998
vn 0.7762 0.3351 0.5340
vn 0.0724 0.0488 0.9962
vn 0.8242 0.5124 -0.2413
vn 0.3764 0.1685 -0.9110
vn 0.3611 0.2181 -0.9067
vn 0.1730 0.0933 -0.9805
vn -0.0084 -0.0014 1.0000
vn 0.0004 -0.0020 1.0000
vn 0.0111 -0.0015 0.9999
vn 0.8199 0.5669 -0.0800
vn 0.0078 0.0063 0.9999
vn 0.0065 -0.0099 -0.9999
vn 0.0142 -0.0077 0.9999
vn 0.7112 0.4842 0.5097
vn 0.8298 0.5500 0.0950
vn 0.1193 0.1177 -0.9859
vn 0.0074 0.0003 1.0000
vn 0.0191 -0.0114 0.9998
vn 0.0731 0.0480 0.9962
vn -0.0095 0.0027 1.0000
vn -0.0079 0.0005 1.0000
vn -0.0002 0.0002 1.0000
vn 0.0005 0.0006 1.0000
vn -0.0003 -0.0063 1.0000
vn -0.0049 0.0024 1.0000
vn -0.8105 -0.5840 -0.0455
vn -0.8142 -0.5785 -0.0494
vn -0.8128 -0.5826 -0.0010
vn -0.4108 -0.3937 -0.8223
vn -0.1030 -0.0853 -0.9910
vn -0.1967 -0.2059 -0.9586
vn -0.0047 0.0088 -1.0000
vn 0.0006 0.0042 -1.0000
vn -0.0008 0.0029 -1.0000
vn -0.0037 -0.0024 -1.0000
vn 0.0018 0.0050 -1.0000
vn 0.0463 0.0305 -0.9985
vn 0.1143 0.0845 0.9898
vn 0.1925 0.1217 0.9737
vn -0.8098 -0.5864 -0.0216
vn 0.4051 0.2738 0.8723
vn 0.0007 0.0037 -1.0000
vn -0.0426 -0.0331 -0.9985
vn -0.0051 0.0027 1.0000
vn -0.0446 -0.0093 0.9990
vn 0.0032 0.0060 1.0000
vn 0.3299 0.2571 0.9083
vn 0.0562 0.0399 -0.9976
vn -0.0114 0.0412 0.9991
vn 0.0000 0.0032 1.0000
vn 0.7965 0.6046 -0.0101
vn 0.7966 0.5999 -0.0747
vn 0.8000 0.6000 -0.0102
vn 0.0091 0.0050 0.9999
vn -0.8057 -0.5813 0.1137
vn -0.1283 -0.0462 0.9907
vn -0.0198 -0.0038 0.9998
vn -0.1900 -0.0636 0.9797
vn 0.8005 0.5952 -0.0704
vn -0.0031 0.0013 -1.0000
vn -0.7864 -0.5457 0.2895
vn -0.8060 -0.5155 0.2910
vn 0.7643 0.5830 -0.2756
vn 0.7585 0.5900 -0.2766
vn -0.0544 -0.0133 0.9984
vn -0.5535 -0.3691 0.7466
vn 0.8022 0.5717 -0.1720
vn 0.7903 0.5877 -0.1730
vn 0.8072 0.5647 -0.1716
vn -0.0043 -0.0044 1.0000
vn 0.8023 0.5717 -0.1720
vn -0.7958 -0.5939 -0.1182
vn -0.7960 -0.5830 -0.1627
vn -0.8050 -0.5933 0.0008
vn -0.0602 -0.0645 0.9961
vn -0.1327 -0.1112 0.9849
vn -0.0284 -0.0285 0.9992
vn 0.0128 0.0073 0.9999
vn -0.0466 -0.0399 0.9981
vn -0.0008 0.0017 -1.0000
vn 0.0034 0.0053 -1.0000
vn -0.0064 -0.0011 -1.0000
vn -0.0007 0.0030 -1.0000
vn -0.0464 -0.0365 -0.9983
vn -0.0641 -0.0505 -0.9967
vn 0.0031 0.0007 -1.0000
vn -0.8108 -0.5838 0.0414
vn -0.8100 -0.5850 0.0414
vn -0.8106 -0.5825 0.0602
vn -0.7336 -0.5331 -0.4214
vn -0.7524 -0.5432 -0.3726
vn -0.7944 -0.5712 -0.2064
vn -0.7511 -0.5494 -0.3659
vn -0.0280 -0.0195 -0.9994
vn -0.8116 -0.5830 -0.0381
vn -0.8127 -0.5825 -0.0137
vn -0.8041 -0.5945 0.0034
vn -0.8135 -0.5810 0.0252
vn -0.8059 -0.5836 -0.1000
vn -0.8051 -0.5902 0.0586
vn 0.0327 0.0109 0.9994
vn 0.0320 -0.0002 0.9995
vn 0.0158 0.0056 0.9999
vn 0.0011 0.0148 -0.9999
vn -0.7982 -0.5888 -0.1275
vn 0.0089 0.0030 1.0000
vn 0.0023 0.0015 -1.0000
vn -0.0337 -0.0276 -0.9991
vn 0.0069 -0.0068 1.0000
vn 0.0065 -0.0101 0.9999
vn 0.0164 -0.0374 0.9992
vn 0.0005 -0.0023 1.0000
vn 0.0034 -0.0229 0.9997
vn 0.0105 -0.0148 0.9998
vn 0.0228 -0.0144 0.9996
vn 0.0005 0.0227 0.9997
vn -0.0110 0.0271 0.9996
vn -0.0258 -0.0171 0.9995
vn -0.7879 -0.5899 0.1766
vn -0.7788 -0.6273 0.0083
vn -0.7923 -0.5941 0.1393
vn -0.0017 0.9996 -0.0273
vn -0.0045 1.0000 -0.0032
vn -0.0041 1.0000 0.0075
vn -0.0299 -0.0308 -0.9991
vn -0.1003 -0.0849 -0.9913
vn -0.0826 -0.0772 -0.9936
vn -0.7978 -0.5925 0.1119
vn -0.7857 -0.6178 0.0335
vn -0.7754 -0.6304 0.0361
vn -0.7849 -0.6187 0.0333
vn 0.0377 -0.0272 0.9989
vn 0.0004 0.1788 0.9839
vn -0.7422 -0.5590 0.3698
vn -0.7754 -0.6313 -0.0105
vn -0.7777 -0.6099 0.1522
vn 0.0064 -0.0170 -0.9998
vn 0.0049 -0.0145 -0.9999
vn 0.0061 -0.0099 -0.9999
vn 0.0067 -0.0241 -0.9997
vn 0.0132 0.0040 0.9999
vn -0.5814 -0.4328 0.6889
vn -0.6950 -0.5289 0.4871
vn -0.1180 -0.0838 0.9895
vn -0.0910 -0.0669 0.9936
vn 0.0075 0.0080 -0.9999
vn -0.0045 0.0139 -0.9999
vn 0.0176 -0.0342 -0.9993
vn -0.6859 -0.5207 -0.5083
vn -0.6026 -0.4751 -0.6412
vn -0.6025 -0.4751 -0.6413
vn -0.5170 -0.4250 -0.7430
vn -0.0024 0.0079 1.0000
vn 0.0011 0.0444 0.9990
vn -0.0066 0.3224 0.9466
vn -0.0020 0.2516 0.9678
vn 0.0218 0.0001 -0.9998
vn -0.0079 0.9979 0.0641
vn -0.0025 0.9988 0.0496
vn 0.0041 0.0192 0.9998
vn 0.0058 0.0977 -0.9952
vn -0.0287 -0.0258 -0.9993
vn 0.0130 0.0047 -0.9999
vn -0.0035 -0.0206 -0.9998
vn 0.0074 -0.0021 -1.0000
vn 0.0209 0.0000 -0.9998
vn -0.1149 0.9933 0.0081
vn -0.2259 0.9740 -0.0190
vn -0.4671 0.8841 -0.0109
vn -0.1031 0.9946 -0.0148
vn -0.4968 0.8428 -0.2071
vn -0.1098 0.9805 0.1629
vn -0.0380 0.9987 0.0343
vn -0.8084 -0.5730 0.1347
vn -0.8277 -0.5402 0.1519
vn -0.8177 -0.5370 0.2074
vn -0.0187 0.0346 -0.9992
vn -0.2128 0.0171 -0.9769
vn -0.1337 0.1932 -0.9720
vn 0.0136 0.1978 -0.9801
vn -0.1047 -0.0317 -0.9940
vn -0.8073 -0.5856 -0.0734
vn -0.8821 -0.4515 0.1341
vn -0.8422 -0.5388 -0.0169
vn -0.8171 -0.5736 0.0577
vn -0.8045 -0.5929 0.0360
vn -0.7838 -0.5912 -0.1903
vn -0.8088 -0.4937 0.3195
vn -0.6879 -0.1834 0.7023
vn -0.8450 -0.3416 0.4114
vn -0.7411 -0.1690 0.6498
vn -0.6450 -0.0692 0.7611
vn -0.9406 -0.2133 -0.2640
vn -0.4941 0.8442 -0.2077
vn -0.1057 0.9917 -0.0733
vn -0.0194 0.9996 -0.0224
vn -0.0793 0.9430 -0.3231
vn -0.1716 0.8756 -0.4516
vn -0.1967 0.9803 0.0199
vn -0.2438 0.9523 -0.1834
vn 0.0295 -0.1248 0.9917
vn 0.0290 -0.0439 0.9986
vn 0.0346 -0.0507 0.9981
vn 0.0046 0.4932 0.8699
vn 0.0063 0.4960 0.8683
vn -0.0350 0.1339 0.9904
vn -0.0684 -0.0436 -0.9967
vn -0.0118 0.0008 -0.9999
vn -0.6738 -0.4482 -0.5874
vn -0.6414 -0.4346 -0.6323
vn -0.6489 -0.3981 -0.6484
vn -0.8071 -0.5873 0.0600
vn -0.6347 -0.4260 0.6447
vn -0.9470 0.1441 0.2872
vn -0.9716 0.1989 0.1283
vn -0.9806 0.1862 0.0613
vn 0.0608 -0.9978 0.0252
vn 0.0092 0.0246 0.9997
vn -0.1050 -0.0700 0.9920
vn -0.0270 0.0595 0.9979
vn -0.9828 0.1733 0.0644
vn -0.9940 -0.0075 0.1094
vn -0.9960 0.0692 0.0563
vn 0.0068 0.0452 -0.9990
vn -0.6332 -0.4540 -0.6268
vn -0.6687 -0.3119 -0.6749
vn -0.6693 -0.3364 -0.6625
vn -0.1008 0.0474 -0.9938
vn -0.2219 0.8944 -0.3883
vn -0.9087 -0.1400 0.3933
vn -0.9902 -0.0816 0.1130
vn -0.9576 -0.1509 0.2456
vn 0.0056 0.4951 0.8688
vn -0.0304 0.6531 0.7566
vn -0.0459 0.4304 0.9015
vn -0.1868 0.1895 0.9639
vn -0.0624 0.1823 0.9813
vn -0.5942 -0.4441 0.6706
vn -0.5914 -0.4428 0.6739
vn 0.0041 -0.1797 0.9837
vn -0.8443 -0.5263 0.1013
vn -0.6494 -0.3454 -0.6775
vn -0.7828 -0.6020 0.1576
vn -0.8086 -0.5862 0.0507
vn -0.8171 -0.5683 0.0973
vn -0.0048 -0.0121 0.9999
vn 0.0020 0.0120 0.9999
vn -0.0036 0.0322 0.9995
vn 0.0132 -0.0008 0.9999
vn -0.0097 0.0020 1.0000
vn -0.0373 -0.0166 -0.9992
vn -0.0094 -0.0286 -0.9995
vn -0.0111 0.0027 -0.9999
vn -0.0656 -0.0517 -0.9965
vn -0.0319 0.0441 0.9985
vn -0.0084 0.0149 0.9999
vn 0.0024 -0.0864 0.9963
vn -0.8249 -0.5626 0.0545
vn -0.8117 -0.5839 0.0121
vn -0.8332 -0.5522 0.0283
vn -0.6711 -0.5072 -0.5407
vn -0.6876 -0.5172 -0.5096
vn -0.6712 -0.5072 -0.5406
vn -0.0782 -0.0615 -0.9950
vn -0.0246 -0.0110 -0.9996
vn -0.6504 -0.4945 -0.5766
vn -0.5800 -0.4325 0.6903
vn -0.0678 -0.0541 0.9962
vn 0.0039 0.9997 -0.0223
vn -0.0427 -0.0367 0.9984
vn -0.0414 -0.0431 0.9982
vn 0.0068 -0.0410 -0.9991
vn -0.0053 -0.0120 -0.9999
vn -0.8124 -0.5787 -0.0708
vn -0.7672 -0.5645 0.3045
vn 0.0074 -0.0585 0.9983
vn -0.0195 0.0500 -0.9986
vn -0.7803 -0.5829 -0.2268
vn 0.0150 -0.1284 0.9916
vn -0.0080 0.0746 0.9972
vn 0.0009 0.0769 -0.9970
vn 0.0089 0.0146 -0.9999
vn -0.0095 0.0343 -0.9994
vn 0.0054 0.0102 -0.9999
vn 0.0089 -0.0145 0.9999
vn 0.0018 0.0027 1.0000
vn 0.0129 0.0066 0.9999
vn 0.0103 0.0062 0.9999
vn 0.0091 0.0016 1.0000
vn 0.0016 0.0066 1.0000
vn -0.0057 0.1477 0.9890
vn -0.0042 0.0061 1.0000
vn -0.0023 0.0069 1.0000
vn -0.0012 0.0142 -0.9999
vn 0.0050 0.0098 -0.9999
vn -0.0011 0.0142 -0.9999
vn 0.0101 -0.0138 -0.9999
vn 0.0003 0.0227 0.9997
vn 0.0024 0.0471 0.9989
vn -0.0014 0.1062 0.9943
vn -0.0026 0.0195 0.9998
vn -0.0011 0.0064 1.0000
vn 0.0169 -0.0041 -0.9998
vn 0.0070 0.0380 0.9993
vn -0.0204 0.0239 0.9995
vn -0.0020 0.9990 0.0449
vn -0.0006 0.9999 0.0126
vn -0.0040 0.0162 -0.9999
vn -0.0030 0.0049 -1.0000
vn -0.6417 -0.6863 -0.3424
vn -0.0040 -0.0058 -1.0000
vn -0.6721 -0.4828 -0.5614
vn -0.6541 -0.4607 -0.6000
vn -0.6873 -0.4802 -0.5450
vn -0.8103 -0.5855 0.0258
vn -0.8042 -0.5944 -0.0009
vn -0.6822 -0.4956 -0.5375
vn -0.6467 -0.4865 -0.5874
vn -0.8041 -0.5910 -0.0651
vn 0.0099 0.0123 -0.9999
vn 0.0320 0.0079 -0.9995
vn -0.0534 -0.0360 -0.9979
vn -0.0062 0.0198 -0.9998
vn 0.0112 0.0140 -0.9998
vn -0.8088 -0.5813 0.0887
vn -0.7761 -0.6306 0.0000
vn -0.7924 -0.6063 0.0680
vn -0.8134 -0.5804 -0.0383
vn -0.8226 -0.5593 0.1022
vn -0.8008 -0.5949 0.0691
vn -0.7816 -0.6238 -0.0046
vn -0.5018 -0.3688 0.7824
vn -0.4299 -0.2814 0.8579
vn -0.1857 -0.1304 0.9739
vn -0.3608 -0.2647 0.8943
vn -0.8229 -0.5346 0.1922
vn -0.8163 -0.5758 0.0458
vn -0.8045 -0.5933 0.0265
vn -0.0250 0.0217 0.9995
vn -0.0300 0.0074 0.9995
vn -0.0201 -0.0133 -0.9997
vn 0.0089 0.0023 -1.0000
vn -0.0631 -0.0385 -0.9973
vn -0.0944 -0.0640 -0.9935
vn -0.0002 0.0053 -1.0000
vn 0.0015 -0.0070 -1.0000
vn -0.0020 -0.0024 -1.0000
vn -0.0040 -0.0141 -0.9999
vn -0.1109 -0.0713 0.9913
vn -0.0176 0.0015 0.9998
vn -0.0141 -0.0028 0.9999
vn -0.0033 0.0143 -0.9999
vn -0.8039 -0.5940 0.0319
vn -0.7729 -0.5987 0.2099
vn -0.0845 -0.0608 -0.9946
vn -0.0487 -0.0198 0.9986
vn -0.2360 -0.1448 0.9609
vn -0.0015 0.0081 1.0000
vn 0.0067 0.0011 1.0000
vn -0.0029 0.0249 0.9997
vn -0.0272 0.0218 0.9994
vn -0.0041 0.0238 0.9997
vn -0.5350 -0.3910 -0.7489
vn -0.7692 -0.5948 0.2337
vn -0.8171 -0.5664 -0.1077
vn -0.7649 -0.5933 0.2508
vn -0.0142 -0.0091 0.9999
vn 0.0072 -0.0021 1.0000
vn -0.0287 0.0280 0.9992
vn 0.0133 -0.0146 0.9998
vn -0.8215 -0.5599 -0.1083
vn 0.4099 0.8878 0.2093
vn -0.7802 -0.4822 -0.3984
vn -0.8167 -0.5770 0.0083
vn -0.5930 -0.4118 0.6920
vn -0.7553 -0.6419 -0.1323
vn -0.0389 -0.0394 0.9985
vn -0.8105 -0.5856 0.0130
vn -0.8158 -0.5771 0.0377
vn -0.6119 -0.4289 0.6645
vn 0.0197 -0.0023 0.9998
vn -0.0156 0.0486 0.9987
vn 0.0010 -0.0050 1.0000
vn -0.0005 -0.0032 1.0000
vn 0.0067 0.0027 1.0000
vn 0.0020 -0.0027 1.0000
vn 0.0013 0.0038 1.0000
vn 0.0036 -0.0001 -1.0000
vn 0.0040 -0.0040 -1.0000
vn 0.0085 0.0019 -1.0000
vn 0.0059 -0.0033 -1.0000
vn 0.0021 -0.0037 -1.0000
vn -0.8479 -0.5299 -0.0167
vn -0.8326 -0.5351 -0.1433
vn -0.8423 -0.5353 -0.0629
vn -0.8467 -0.5294 0.0528
vn 0.7942 0.6072 0.0217
vn 0.8112 0.5819 0.0579
vn 0.8024 0.5958 -0.0340
vn 0.8002 0.5984 -0.0396
vn 0.7990 0.5715 0.1872
vn 0.7996 0.5717 0.1838
vn 0.0280 0.0148 -0.9995
vn 0.0172 0.0058 -0.9998
vn 0.1514 0.0635 -0.9864
vn 0.1123 0.0752 -0.9908
vn 0.0067 0.0002 1.0000
vn 0.0118 -0.0019 0.9999
vn -0.0104 -0.0074 -0.9999
vn -0.0548 -0.0395 -0.9977
vn -0.0462 -0.0322 -0.9984
vn -0.0035 0.0081 -1.0000
vn 0.8117 0.5837 -0.0201
vn 0.7958 0.5885 -0.1427
vn 0.6902 0.4840 0.5379
vn 0.7169 0.5005 0.4854
vn -0.8004 -0.5201 0.2982
vn -0.8224 -0.5431 -0.1695
vn 0.6072 0.4321 0.6667
vn 0.0895 0.0702 -0.9935
vn -0.0537 -0.0322 0.9980
vn -0.6750 -0.4250 0.6031
vn 0.0111 0.0056 0.9999
vn 0.0663 0.0485 0.9966
vn 0.0628 0.0521 0.9967
vn 0.7903 0.6105 -0.0530
vn 0.0206 0.0169 0.9996
vn 0.0008 -0.0015 1.0000
vn -0.0063 -0.0004 1.0000
vn 0.8134 0.5812 0.0248
vn -0.3507 -0.2526 -0.9018
vn -0.7104 -0.4471 -0.5435
vn 0.0067 -0.0025 1.0000
vn 0.0037 -0.0062 -1.0000
vn 0.7222 0.5081 0.4693
vn 0.0419 0.0097 0.9991
vn 0.7019 0.4886 0.5182
vn 0.4712 0.3394 0.8141
vn 0.4598 0.3194 0.8286
vn 0.4588 0.3171 0.8300
vn 0.4587 0.3170 0.8301
vn 0.8073 0.5846 0.0807
vn 0.8042 0.5942 -0.0106
vn 0.8148 0.5775 -0.0516
vn 0.8224 0.5532 0.1327
vn 0.8047 0.5626 0.1896
vn 0.8010 0.5963 0.0539
vn 0.7927 0.6025 0.0931
vn 0.0164 -0.0003 0.9999
vn -0.0003 0.0006 1.0000
vn 0.0151 -0.0073 0.9999
vn -0.0007 0.0020 -1.0000
vn -0.0016 -0.0037 -1.0000
vn 0.0010 0.0001 -1.0000
vn 0.8135 0.5778 0.0657
vn 0.7597 0.5435 0.3570
vn 0.7810 0.5873 -0.2126
vn 0.5162 0.4844 -0.7063
vn 0.6181 0.5079 -0.6000
vn 0.6198 0.4853 -0.6167
vn 0.8029 0.5952 -0.0337
vn 0.0014 -0.0051 1.0000
vn -0.0073 -0.0015 1.0000
vn 0.0533 0.0320 -0.9981
vn 0.0453 0.0317 -0.9985
vn 0.5593 0.3973 -0.7275
vn 0.5873 0.4253 -0.6886
vn 0.5749 0.4146 -0.7054
vn -0.0012 -0.0019 -1.0000
vn -0.0009 -0.0053 -1.0000
vn 0.6508 0.5021 0.5695
vn 0.6965 0.5518 0.4587
vn 0.7152 0.5555 0.4242
vn 0.8062 0.5866 -0.0770
vn 0.7999 0.5968 -0.0633
vn 0.5637 0.4181 0.7124
vn 0.5810 0.4372 0.6865
vn 0.7982 0.6018 0.0254
vn -0.0010 0.0032 1.0000
vn -0.0090 -0.0024 1.0000
vn 0.0533 0.0446 0.9976
vn 0.4547 0.3084 0.8355
vn 0.0281 0.0361 0.9990
vn -0.0047 0.0004 -1.0000
vn 0.7673 0.5325 0.3574
vn -0.0073 0.0117 0.9999
vn -0.0146 -0.0175 -0.9997
vn -0.0105 -0.0039 -0.9999
vn 0.0157 0.0232 -0.9996
vn 0.0199 0.0252 -0.9995
vn 0.7962 0.5992 -0.0835
vn 0.5610 0.4169 0.7152
vn -0.0148 -0.0236 -0.9996
vn -0.0056 -0.0045 1.0000
vn 0.0097 -0.0115 0.9999
vn 0.6339 0.4708 -0.6137
vn 0.8046 0.5791 -0.1314
vn 0.0298 0.0251 0.9992
vn 0.0292 0.0271 -0.9992
vn 0.8038 0.5941 0.0305
vn 0.8021 0.5842 -0.1238
vn -0.0070 0.0149 -0.9999
vn 0.0003 0.0048 -1.0000
vn -0.0117 0.0082 -0.9999
vn -0.1353 -0.0938 -0.9864
vn -0.1315 -0.0925 -0.9870
vn -0.0561 -0.0400 -0.9976
vn -0.0153 -0.0120 0.9998
vn -0.0043 -0.0031 1.0000
vn 0.0004 0.0006 1.0000
vn -0.8126 -0.5804 -0.0527
vn -0.8141 -0.5792 -0.0433
vn -0.8159 -0.5768 -0.0404
vn -0.8081 -0.5843 0.0745
vn -0.8110 -0.5823 -0.0559
vn -0.8238 -0.5597 -0.0901
vn -0.8344 -0.5482 0.0571
vn -0.8294 -0.5586 -0.0064
vn -0.8279 -0.5548 0.0823
vn -0.8391 -0.5424 0.0411
vn -0.8336 -0.5512 0.0347
vn -0.6579 -0.4555 0.5998
vn -0.6997 -0.4651 0.5424
vn -0.6976 -0.4675 0.5430
vn -0.0481 -0.0319 0.9983
vn -0.0189 -0.0122 0.9997
vn -0.0480 -0.0307 0.9984
vn -0.0008 0.0011 1.0000
vn -0.0092 0.0019 -1.0000
vn -0.0019 0.0042 -1.0000
vn 0.0037 0.0011 -1.0000
vn -0.0139 -0.0061 -0.9999
vn -0.0454 -0.0364 -0.9983
vn -0.8145 -0.5792 -0.0329
vn -0.8140 -0.5800 -0.0301
vn -0.0041 0.0026 1.0000
vn -0.0016 0.0193 0.9998
vn 0.0126 0.0084 0.9999
vn -0.0021 0.0109 0.9999
vn -0.6538 -0.4348 -0.6193
vn -0.8486 -0.5285 0.0232
vn -0.8388 -0.5395 -0.0732
vn -0.8420 -0.5395 0.0005
vn 0.0052 0.0027 1.0000
vn 0.0099 -0.0033 -0.9999
vn 0.0026 0.0001 -1.0000
vn 0.0084 0.0024 -1.0000
vn -0.8162 -0.5767 -0.0340
vn -0.0019 -0.0042 -1.0000
vn -0.7505 -0.4927 0.4405
vn -0.6654 -0.4693 0.5805
vn -0.6485 -0.4649 0.6027
vn 0.0216 -0.0014 0.9998
vn -0.0223 -0.0347 0.9991
vn -0.7064 -0.4720 -0.5275
vn 0.0054 -0.0022 -1.0000
vn -0.0255 -0.0211 -0.9995
vn -0.0386 -0.0080 -0.9992
vn 0.0008 -0.0014 -1.0000
vn -0.8294 -0.5587 0.0001
vn -0.8257 -0.5627 0.0408
vn -0.8298 -0.5576 0.0239
vn 0.0092 -0.0036 -1.0000
vn 0.0288 0.0046 -0.9996
vn 0.0042 -0.0046 -1.0000
vn 0.0288 0.0328 -0.9990
vn -0.0234 -0.0116 -0.9997
vn -0.0110 0.9996 0.0269
vn -0.1537 0.9804 0.1234
vn -0.1999 0.9788 0.0457
vn 0.0145 0.0076 -0.9999
vn -0.0248 0.0139 -0.9996
vn -0.1499 -0.0612 -0.9868
vn -0.0203 -0.0389 -0.9990
vn -0.1201 0.0789 -0.9896
vn -0.3974 -0.0553 -0.9160
vn -0.4251 -0.2360 -0.8738
vn -0.4050 -0.3650 -0.8383
vn -0.4557 -0.2007 0.8672
vn -0.6484 -0.4401 0.6212
vn -0.6485 -0.4401 0.6211
vn -0.2521 0.5894 0.7675
vn 0.0165 0.6133 0.7897
vn -0.0765 0.6349 0.7688
vn -0.9149 -0.3828 0.1281
vn -0.8839 -0.4670 0.0258
vn -0.9387 -0.3414 0.0470
vn -0.2391 0.9704 0.0335
vn -0.2651 0.9499 0.1658
vn -0.1362 0.9904 -0.0224
vn -0.3665 0.6632 0.6525
vn 0.0091 -0.0088 0.9999
vn -0.0029 0.0257 -0.9997
vn -0.0367 0.9993 0.0000
vn 0.1034 0.6596 0.7445
vn 0.0205 -0.0028 0.9998
vn 0.0002 0.0618 0.9981
vn -0.0117 0.0550 0.9984
vn -0.0531 -0.0273 0.9982
vn -0.0243 0.0276 0.9993
vn -0.2039 0.9737 -0.1013
vn -0.1510 0.9807 -0.1245
vn -0.0570 0.9895 -0.1327
vn -0.4618 0.8837 -0.0757
vn -0.3544 0.9306 -0.0912
vn -0.3876 0.8910 0.2365
vn -0.8599 -0.4901 -0.1429
vn -0.9512 -0.3086 0.0021
vn -0.8289 -0.5126 -0.2240
vn -0.9509 -0.3086 -0.0242
vn -0.9490 -0.0244 0.3143
vn -0.8820 0.0870 0.4632
vn -0.9808 -0.1942 0.0172
vn -0.8683 0.0859 0.4885
vn -0.6763 -0.4819 0.5571
vn -0.0551 -0.0417 0.9976
vn -0.8672 -0.4965 0.0388
vn -0.8321 -0.5546 0.0059
vn -0.0762 0.3229 -0.9434
vn -0.0729 0.5667 -0.8207
vn -0.1612 0.4347 -0.8860
vn -0.0219 0.1583 -0.9871
vn -0.0150 0.6854 -0.7281
vn 0.0048 -0.0395 0.9992
vn 0.0057 -0.0396 0.9992
vn -0.9857 -0.1504 0.0755
vn -0.0294 0.0695 -0.9971
vn -0.0209 -0.0372 0.9991
vn -0.8503 -0.5204 0.0792
vn -0.8662 -0.4507 0.2160
vn -0.0051 -0.0096 0.9999
vn -0.0138 -0.0021 0.9999
vn -0.0035 -0.0102 0.9999
vn -0.0105 -0.0012 0.9999
vn 0.0038 -0.0158 0.9999
vn -0.0565 0.9983 0.0156
vn -0.1591 -0.0927 0.9829
vn -0.0152 -0.0237 -0.9996
vn -0.0252 -0.0343 -0.9991
vn 0.0008 -0.0018 -1.0000
vn -0.1215 -0.1066 -0.9869
vn 0.0038 -0.0132 0.9999
vn -0.1259 0.9920 0.0000
vn 0.0087 0.0604 -0.9981
vn -0.0057 -0.0005 -1.0000
vn -0.7410 -0.6126 0.2751
vn -0.4902 -0.4120 -0.7681
vn 0.0242 0.0692 -0.9973
vn 0.0100 0.8833 -0.4687
vn -0.0383 0.9826 -0.1819
vn -0.0381 0.9921 -0.1197
vn -0.0221 0.0298 -0.9993
vn 0.0147 0.0143 0.9998
vn 0.0147 -0.0065 0.9999
vn -0.0209 0.0535 0.9983
vn -0.0473 -0.0201 0.9987
vn -0.0566 0.9983 0.0159
vn -0.3838 0.8953 0.2261
vn -0.1232 0.9914 -0.0440
vn -0.1671 0.9783 0.1223
vn -0.6921 -0.3804 -0.6134
vn -0.9563 -0.2912 0.0244
vn -0.7056 -0.5496 -0.4473
vn -0.8388 -0.5260 -0.1407
vn -0.3734 0.0848 -0.9238
vn -0.0292 0.0874 -0.9957
vn -0.1030 -0.0673 -0.9924
vn -0.2201 0.9323 -0.2870
vn -0.0591 0.9960 -0.0672
vn -0.2967 0.9350 -0.1943
vn -0.0880 0.9947 -0.0528
vn -0.9645 -0.2027 -0.1695
vn -0.9751 -0.1661 -0.1471
vn -0.9986 -0.0354 -0.0381
vn -0.7679 -0.6354 0.0813
vn -0.7713 -0.3909 0.5022
vn -0.8003 -0.2390 0.5499
vn -0.8461 -0.4054 -0.3460
vn -0.7069 -0.5225 0.4767
vn -0.5708 0.7805 -0.2550
vn -0.5715 0.8099 -0.1320
vn -0.5394 0.8351 -0.1082
vn -0.4130 0.8435 -0.3433
vn -0.9983 -0.0180 -0.0558
vn -0.0661 0.2315 0.9706
vn -0.0615 0.1808 0.9816
vn -0.0933 0.9919 0.0862
vn -0.2725 0.8033 0.5295
vn -0.3019 0.8386 0.4534
vn -0.0935 0.0448 0.9946
vn -0.0963 0.0868 0.9916
vn -0.0716 0.8049 0.5891
vn -0.0809 0.8399 0.5367
vn -0.0765 0.7866 0.6127
vn -0.7349 -0.5993 0.3173
vn -0.7614 -0.6451 0.0647
vn -0.7662 -0.6421 0.0271
vn -0.6631 -0.5663 -0.4896
vn -0.6000 -0.5367 -0.5933
vn -0.1655 -0.0007 0.9862
vn -0.1560 -0.0593 0.9860
vn 0.0084 0.1126 -0.9936
vn -0.0647 -0.0476 -0.9968
vn 0.0154 0.1531 -0.9881
vn -0.2078 0.9230 0.3239
vn -0.0507 0.9973 0.0525
vn -0.7581 -0.6522 -0.0068
vn -0.7624 -0.6471 -0.0002
vn -0.7018 -0.3688 0.6094
vn -0.7487 -0.0873 0.6572
vn 0.0016 0.9557 -0.2942
vn -0.0261 0.9919 -0.1240
vn 0.0091 0.8879 -0.4600
vn -0.7592 -0.6416 0.1090
vn -0.7604 -0.6487 0.0320
vn -0.8515 -0.5200 -0.0681
vn -0.6040 -0.4277 0.6725
vn -0.6063 -0.4254 0.6719
vn -0.7817 -0.0857 0.6178
vn -0.2348 0.8985 0.3710
vn -0.0845 -0.0858 -0.9927
vn -0.1577 -0.0921 0.9832
vn -0.2012 0.0568 0.9779
vn -0.7942 -0.0936 0.6005
vn 0.0180 0.9963 0.0837
vn -0.0976 0.8619 0.4975
vn -0.0234 0.9881 -0.1520
vn -0.0346 0.9957 -0.0861
vn -0.0191 0.0114 0.9998
vn -0.0021 -0.0003 1.0000
vn -0.7851 -0.6194 0.0002
vn -0.7806 -0.6215 0.0661
vn -0.7830 -0.6220 -0.0022
vn -0.7431 -0.6681 0.0385
vn -0.7685 -0.5872 0.2543
vn -0.7786 -0.6175 0.1114
vn -0.5934 -0.8047 0.0181
vn -0.7290 -0.6700 0.1401
vn -0.4515 -0.6585 -0.6021
vn -0.5484 -0.4832 -0.6824
vn -0.5640 -0.6754 -0.4750
vn -0.5417 -0.4271 -0.7240
vn -0.7640 -0.6433 0.0497
vn -0.7126 -0.6168 0.3344
vn -0.7836 -0.5991 0.1642
vn -0.7375 -0.6749 0.0244
vn -0.6730 -0.6612 0.3315
vn -0.7718 -0.6355 -0.0228
vn -0.7693 -0.6382 0.0302
vn 0.0282 -0.0210 0.9994
vn -0.1190 -0.0813 -0.9896
vn -0.1272 -0.0905 -0.9877
vn -0.1332 -0.1189 -0.9839
vn -0.0829 -0.0415 -0.9957
vn -0.1076 -0.0517 -0.9928
vn -0.1113 -0.9065 0.4073
vn -0.1267 -0.9181 0.3756
vn -0.7815 -0.6211 0.0592
vn 0.0000 -0.0192 -0.9998
vn -0.0567 -0.1261 0.9904
vn 0.0002 -0.1499 0.9887
vn -0.0566 -0.1261 0.9904
vn -0.5517 -0.4148 -0.7236
vn -0.5376 -0.4160 -0.7334
vn -0.5350 -0.4371 -0.7230
vn -0.7739 -0.5665 0.2833
vn -0.2841 -0.8576 0.4288
vn -0.1004 -0.8976 0.4292
vn -0.0800 -0.1162 0.9900
vn 0.0588 0.0509 -0.9970
vn 0.0111 0.0062 -0.9999
vn 0.0650 0.0569 -0.9963
vn 0.6699 0.5054 -0.5439
vn 0.7707 0.6143 -0.1694
vn 0.7749 0.5795 -0.2524
vn 0.6693 0.4868 -0.5614
vn 0.5841 0.4877 -0.6488
vn 0.0005 0.0196 -0.9998
vn 0.0037 -0.0057 1.0000
vn 0.0011 0.0084 1.0000
vn 0.0105 0.0072 0.9999
vn 0.0075 0.0305 0.9995
vn 0.1058 0.0713 0.9918
vn 0.0091 0.0133 0.9999
vn 0.8052 0.5879 -0.0780
vn 0.7787 0.6204 -0.0934
vn 0.7799 0.6147 -0.1183
vn 0.8109 0.5792 -0.0839
vn 0.8001 0.5880 -0.1187
vn 0.0034 0.0068 -1.0000
vn 0.0108 0.0323 -0.9994
vn 0.7774 0.6223 -0.0918
vn 0.7683 0.6351 -0.0794
vn 0.7617 0.6416 -0.0902
vn 0.0023 -0.0027 -1.0000
vn -0.0352 -0.2972 0.9542
vn 0.7940 0.6073 -0.0278
vn 0.7836 0.6209 -0.0201
vn 0.7984 0.5847 0.1440
vn 0.5598 0.4787 -0.6764
vn 0.4931 0.4398 -0.7506
vn -0.0585 -0.0497 0.9970
vn -0.1009 -0.0356 0.9943
vn -0.0040 -0.0149 0.9999
vn -0.0039 0.0017 1.0000
vn 0.5174 0.4603 0.7214
vn 0.5470 0.4721 0.6913
vn 0.4774 0.4098 0.7773
vn 0.5284 0.4230 0.7361
vn 0.7135 0.6181 -0.3299
vn 0.7556 0.5972 -0.2691
vn 0.5237 0.3780 0.7634
vn 0.7147 0.6012 -0.3574
vn 0.5505 0.3782 0.7443
vn 0.6299 0.4217 0.6523
vn 0.8103 0.4943 0.3148
vn 0.7170 0.5210 0.4630
vn 0.0052 0.0064 -1.0000
vn 0.0088 -0.0053 -0.9999
vn -0.0033 -0.0166 -0.9999
vn 0.0041 0.0054 -1.0000
vn -0.0022 0.0284 0.9996
vn 0.0679 0.0577 -0.9960
vn 0.0936 0.0678 -0.9933
vn 0.0959 0.0657 -0.9932
vn 0.8386 0.5422 0.0524
vn 0.8423 0.5329 -0.0813
vn 0.8631 0.4705 0.1838
vn 0.8308 0.5563 0.0148
vn 0.8057 0.5539 0.2098
vn 0.7571 0.6527 0.0284
vn 0.8071 0.5900 -0.0229
vn 0.1116 0.0695 0.9913
vn 0.1525 0.0828 0.9848
vn 0.0458 0.0094 0.9989
vn 0.0568 -0.0147 0.9983
vn 0.1754 0.1241 0.9766
vn 0.1530 0.1209 0.9808
vn 0.8273 0.5614 -0.0211
vn 0.7663 0.5522 0.3284
vn 0.8052 0.5630 0.1863
vn 0.0142 0.0098 -0.9999
vn 0.0142 0.0099 -0.9999
vn 0.6950 0.7179 -0.0383
vn 0.6749 0.5011 -0.5417
vn 0.6138 0.5167 -0.5969
vn 0.7290 0.4828 -0.4852
vn 0.8385 0.4208 0.3462
vn 0.7355 0.4990 0.4583
vn 0.7548 0.5037 0.4203
vn 0.7331 0.5060 0.4544
vn 0.7185 0.5071 0.4760
vn 0.0266 -0.0326 0.9991
vn 0.0988 0.0631 -0.9931
vn 0.6981 0.4917 -0.5206
vn 0.6981 0.4917 -0.5205
vn 0.0385 -0.0301 0.9988
vn 0.0103 0.0378 0.9992
vn 0.8149 0.5758 0.0666
vn 0.7279 0.5206 0.4463
vn 0.0018 0.0677 -0.9977
vn 0.0212 -0.0229 -0.9995
vn 0.7194 0.4942 -0.4880
vn 0.6707 0.4876 -0.5589
vn 0.0395 -0.9434 0.3294
vn 0.0673 -0.8070 0.5867
vn 0.0977 -0.8582 0.5040
vn 0.0143 -0.9506 0.3101
vn 0.0230 -0.1028 -0.9944
vn 0.0267 -0.1375 -0.9901
vn 0.0158 -0.0435 -0.9989
vn 0.0156 0.0004 -0.9999
vn 0.6791 0.5631 0.4709
vn 0.7098 0.4942 0.5020
vn 0.7090 0.5852 0.3936
vn 0.0958 0.0711 0.9929
vn 0.0160 0.0047 0.9999
vn 0.0949 0.0192 0.9953
vn 0.0099 -0.0095 0.9999
vn 0.7684 0.5652 0.3002
vn 0.6933 0.4551 0.5587
vn 0.9748 0.1949 0.1082
vn 0.8309 0.5560 0.0223
vn 0.8716 0.4901 0.0118
vn 0.9917 0.0471 0.1197
vn 0.2754 -0.9589 0.0682
vn 0.2101 -0.9639 0.1633
vn 0.1415 -0.9863 0.0853
vn 0.2576 -0.9662 -0.0060
vn 0.9059 0.4156 -0.0819
vn 0.4355 -0.8935 -0.1091
vn 0.1468 0.0745 -0.9864
vn 0.2442 0.1996 -0.9490
vn 0.0028 -1.0000 -0.0029
vn 0.0167 -0.9998 -0.0084
vn 0.7003 0.6192 -0.3551
vn 0.7801 0.6248 -0.0322
vn 0.7887 0.6090 -0.0838
vn 0.8543 0.3688 0.3663
vn 0.8430 0.3566 0.4028
vn 0.7015 0.6832 -0.2026
vn 0.0226 -0.8288 0.5591
vn 0.1122 -0.9932 -0.0316
vn 0.1968 -0.9799 0.0319
vn 0.2979 -0.9500 -0.0932
vn -0.0226 0.0071 0.9997
vn -0.0016 -0.0367 0.9993
vn 0.0621 -0.1258 0.9901
vn 0.7784 0.6257 -0.0501
vn 0.8631 0.4807 -0.1547
vn 0.8072 0.5541 -0.2035
vn 0.7634 0.3799 -0.5225
vn 0.9720 0.2351 -0.0017
vn 0.0718 -0.2246 0.9718
vn 0.1704 -0.2406 0.9556
vn 0.1221 -0.3855 0.9146
vn 0.2832 -0.2804 -0.9172
vn 0.4133 -0.8622 -0.2930
vn 0.0431 -0.0278 -0.9987
vn 0.0170 0.0095 -0.9998
vn -0.0061 0.0029 -1.0000
vn 0.2890 -0.9507 0.1128
vn 0.9028 -0.2933 0.3145
vn 0.7926 -0.4076 0.4534
vn 0.8064 -0.4072 0.4289
vn 0.9795 -0.0950 0.1778
vn 0.0247 -0.1516 0.9881
vn 0.0094 -0.0451 0.9989
vn -0.0002 -0.9364 0.3509
vn 0.0012 -0.9518 0.3068
vn 0.0245 -0.0671 0.9974
vn 0.9938 0.0509 0.0984
vn 0.7816 0.6231 -0.0286
vn 0.7393 0.6536 -0.1620
vn 0.3710 0.3496 -0.8603
vn 0.5261 0.3943 -0.7535
vn 0.6396 0.4461 -0.6261
vn 0.7115 0.5941 0.3753
vn 0.7015 0.5736 0.4229
vn 0.8592 0.1101 0.4996
vn 0.6894 0.5509 0.4704
vn 0.0085 -1.0000 0.0002
vn 0.9343 -0.0984 0.3427
vn 0.8224 0.1622 0.5452
vn 0.0057 -0.0918 0.9958
vn 0.0322 -0.1764 0.9838
vn 0.0375 -0.1020 0.9941
vn -0.0032 -0.0889 0.9960
vn -0.0221 -0.3500 -0.9365
vn -0.0059 -0.3492 -0.9370
vn -0.0218 -0.3073 -0.9514
vn -0.0010 0.0111 -0.9999
vn -0.0066 -0.0526 0.9986
vn 0.0007 -1.0000 0.0052
vn 0.3148 -0.9490 -0.0163
vn -0.0395 -0.3508 -0.9356
vn -0.0235 -0.6133 -0.7895
vn 0.0028 -0.0090 1.0000
vn 0.0075 -0.9986 0.0532
vn 0.0359 -0.9664 0.2545
vn -0.0010 0.0000 -1.0000
vn 0.0013 0.0028 -1.0000
vn -0.0163 0.0118 -0.9998
vn 0.0016 0.0139 -0.9999
vn 0.0580 0.0512 0.9970
vn 0.2914 0.2070 0.9339
vn 0.1839 0.1047 0.9774
vn -0.0056 0.0035 1.0000
vn 0.0435 0.0191 0.9989
vn 0.0034 0.0049 1.0000
vn 0.5921 0.4343 -0.6788
vn 0.6188 0.4563 -0.6394
vn 0.6052 0.4500 -0.6567
vn 0.5627 0.4129 -0.7161
vn 0.7937 0.6003 -0.0986
vn 0.7894 0.6121 -0.0459
vn 0.8022 0.5971 0.0057
vn 0.8110 0.5789 -0.0851
vn 0.8045 0.5939 0.0060
vn 0.0054 -0.0053 -1.0000
vn 0.0179 0.0104 -0.9998
vn 0.6037 0.4317 -0.6702
vn 0.6669 0.4623 -0.5845
vn 0.6269 0.4479 -0.6375
vn -0.0013 -0.0088 1.0000
vn -0.0047 -0.0021 1.0000
vn 0.0885 0.0642 0.9940
vn 0.1045 0.0706 0.9920
vn 0.0151 0.0086 -0.9998
vn 0.7940 0.6028 0.0793
vn 0.7734 0.5650 0.2876
vn 0.8041 0.5914 0.0613
vn 0.7991 0.5868 0.1306
vn 0.0068 -0.0007 -1.0000
vn 0.0692 0.0529 -0.9962
vn 0.0621 0.0438 -0.9971
vn 0.5510 0.4279 0.7165
vn 0.5294 0.4035 0.7463
vn 0.5375 0.3992 0.7428
vn 0.7942 0.6073 -0.0200
vn 0.7894 0.6135 -0.0198
vn -0.0106 -0.0290 0.9995
vn 0.0059 -0.0094 0.9999
vn -0.0050 0.0008 1.0000
vn 0.0358 0.0369 -0.9987
vn 0.0693 0.0492 -0.9964
vn 0.8123 0.5830 -0.0145
vn 0.8112 0.5825 -0.0521
vn 0.2187 0.1663 0.9615
vn 0.5408 0.3892 0.7457
vn -0.0162 0.0120 0.9998
vn -0.0275 0.0180 0.9995
vn -0.0179 0.0091 0.9998
vn 0.8141 0.5750 -0.0809
vn -0.0156 0.0258 0.9995
vn 0.1468 0.0951 -0.9846
vn 0.2979 0.1899 -0.9355
vn 0.0031 -0.2101 0.9777
vn 0.0263 -0.5051 0.8627
vn -0.0051 -0.0379 0.9993
vn -0.0060 -0.0172 0.9998
vn -0.0020 -0.0023 -1.0000
vn -0.0028 -0.0155 -0.9999
vn 0.0069 0.0044 -1.0000
vn -0.0062 0.0041 1.0000
vn -0.0079 0.0002 1.0000
vn -0.0026 -0.0233 -0.9997
vn 0.0086 -0.2222 -0.9750
vn -0.0044 -0.0138 -0.9999
vn 0.0008 -0.0214 -0.9998
vn 0.0015 -0.0053 1.0000
vn -0.0002 -0.1254 0.9921
vn -0.0068 0.0035 1.0000
vn 0.0079 0.0129 0.9999
vn 0.0053 -0.0047 -1.0000
vn 0.0122 0.0084 -0.9999
vn 0.0109 -0.0051 -0.9999
vn 0.0060 0.0220 -0.9997
vn 0.0037 0.0092 -1.0000
vn -0.0048 -0.0052 -1.0000
vn -0.0048 -0.0089 -0.9999
vn 0.0005 -0.9992 -0.0399
vn -0.0081 -1.0000 -0.0043
vn 0.0047 -0.9997 0.0238
vn 0.0027 0.0072 -1.0000
vn -0.0021 -0.0056 -1.0000
vn 0.0000 -0.9962 0.0870
vn 0.0082 -0.9481 0.3179
vn 0.0180 -0.9981 0.0589
vn -0.0097 -0.0044 0.9999
vn -0.0073 -0.9997 -0.0250
vn -0.0133 -0.0041 0.9999
vn 0.0017 0.0047 1.0000
vn -0.0020 -0.0089 1.0000
vn 0.0048 0.0000 1.0000
vn -0.0156 -0.0265 0.9995
vn 0.0143 -0.9998 -0.0134
vn -0.0159 0.0009 -0.9999
vn -0.0198 0.0088 -0.9998
vn -0.0144 -0.0077 -0.9999
vn -0.0005 -0.0008 1.0000
vn 0.0097 -0.2592 -0.9658
vn 0.0027 0.0089 1.0000
vn -0.0008 -0.0066 -1.0000
vn -0.0120 -0.0031 -0.9999
vn -0.0002 -0.0029 -1.0000
vn 0.0076 -0.0233 -0.9997
vn 0.0107 -0.0067 -0.9999
vn 0.0129 -0.0102 -0.9999
vn -0.0025 -0.0027 1.0000
vn -0.0021 -0.0030 1.0000
vn -0.0060 -0.0092 0.9999
vn -0.0003 -0.0076 1.0000
vn 0.0010 -0.0099 1.0000
vn -0.0057 -0.0048 -1.0000
vn 0.0121 -0.0043 -0.9999
vn 0.0004 -0.0070 1.0000
vn 0.0125 -0.0231 -0.9997
vn -0.9701 -0.2424 0.0117
vn -0.8818 -0.4682 0.0577
vn -0.9163 -0.3986 -0.0385
vn -0.8594 -0.3269 0.3932
vn -0.8497 -0.5214 0.0788
vn -0.9250 0.3108 0.2186
vn -0.8906 0.4405 0.1131
vn -0.8611 0.5053 0.0571
vn -0.9237 0.3830 -0.0039
vn -0.9694 -0.1319 0.2071
vn -0.9276 0.3541 0.1190
vn -0.8464 -0.5302 0.0498
vn -0.8370 -0.5468 0.0221
vn -0.8421 -0.5392 0.0108
vn -0.4225 -0.2803 -0.8619
vn -0.2230 -0.1777 -0.9585
vn -0.3283 -0.1491 -0.9327
vn 0.0005 0.0082 -1.0000
vn -0.0256 0.0157 -0.9995
vn -0.0268 0.0143 -0.9995
vn -0.0148 0.0143 -0.9998
vn -0.5620 0.3866 0.7312
vn -0.5831 0.3948 0.7100
vn -0.5982 0.3776 0.7068
vn -0.8209 0.5647 -0.0851
vn -0.8383 0.4719 -0.2731
vn -0.8581 0.5091 -0.0667
vn -0.8419 -0.5057 -0.1884
vn -0.8437 -0.5044 -0.1838
vn -0.7922 0.3194 0.5199
vn -0.7058 0.3634 0.6081
vn -0.9048 0.3046 0.2975
vn -0.8503 -0.5215 -0.0706
vn -0.8761 0.4415 -0.1936
vn -0.9088 0.3846 -0.1615
vn -0.7787 -0.4756 0.4092
vn -0.7532 -0.4342 0.4940
vn -0.6958 -0.4444 0.5642
vn -0.0083 -0.0112 0.9999
vn -0.0218 0.0014 0.9998
vn 0.0118 -0.0218 0.9997
vn -0.0967 0.0302 0.9949
vn -0.0991 0.0015 0.9951
vn -0.3797 -0.2554 0.8892
vn -0.3200 -0.2318 0.9186
vn -0.5757 -0.4150 0.7045
vn -0.8277 0.5553 0.0815
vn -0.8004 0.5924 0.0918
vn -0.8283 0.5592 0.0362
vn -0.5204 0.3809 -0.7642
vn -0.5711 0.4800 -0.6660
vn -0.6727 0.5030 -0.5426
vn -0.4691 0.0965 -0.8778
vn -0.2128 0.1221 -0.9694
vn -0.1055 -0.0900 -0.9903
vn -0.1445 -0.0710 -0.9870
vn -0.0642 0.0381 0.9972
vn -0.0034 -0.0080 1.0000
vn -0.0057 -0.0068 1.0000
vn -0.8175 -0.5742 -0.0450
vn -0.0609 0.0838 -0.9946
vn -0.8151 -0.5790 -0.0203
vn -0.2569 0.0040 -0.9664
vn -0.0047 -0.0036 1.0000
vn -0.1396 -0.0992 0.9852
vn -0.1085 -0.0661 0.9919
vn -0.8216 -0.5528 -0.1391
vn -0.8175 -0.5742 -0.0451
vn -0.0124 -0.0013 0.9999
vn -0.0047 -0.0040 1.0000
vn -0.0647 0.0360 0.9973
vn -0.0120 -0.0133 0.9998
vn -0.6113 0.3077 0.7291
vn -0.7736 0.6329 -0.0305
vn -0.8118 0.5811 -0.0570
vn -0.8040 0.5946 0.0000
vn -0.8161 0.5687 -0.1031
vn -0.8204 0.5710 0.0314
vn -0.7625 0.5703 0.3055
vn -0.8102 0.5761 0.1078
vn -0.0044 -0.0053 -1.0000
vn -0.0071 -0.0025 -1.0000
vn -0.0021 -0.0064 -1.0000
vn -0.0091 -0.0008 -1.0000
vn -0.0158 0.0078 -0.9998
vn -0.0789 0.0543 -0.9954
vn 0.6958 -0.7052 0.1365
vn -0.6671 0.4894 -0.5617
vn -0.6376 0.4752 -0.6064
vn -0.0714 0.0434 -0.9965
vn -0.6100 0.4615 -0.6442
vn -0.7411 0.5680 0.3579
vn -0.0027 -0.0047 1.0000
vn 0.0151 0.0025 0.9999
vn -0.8118 0.5811 -0.0571
vn -0.8229 0.5680 -0.0146
vn -0.0069 0.0006 1.0000
vn -0.0016 -0.0010 1.0000
vn 0.0054 -0.0031 1.0000
vn -0.7749 0.6310 0.0379
vn -0.7667 0.6421 0.0005
vn -0.7698 0.6279 -0.1147
vn -0.7708 0.6371 0.0032
vn -0.7731 0.6343 -0.0051
vn -0.6797 0.6013 0.4200
vn -0.6812 0.6241 0.3827
vn -0.7502 0.6599 0.0413
vn -0.6653 0.5692 -0.4831
vn -0.6718 0.5935 -0.4432
vn -0.0661 0.0424 -0.9969
vn 0.0023 -0.0007 -1.0000
vn -0.0209 0.0204 -0.9996
vn -0.0010 0.0050 1.0000
vn -0.1217 0.1081 0.9867
vn -0.0796 0.0726 0.9942
vn -0.0115 0.0165 0.9998
vn -0.7291 0.6839 0.0262
vn -0.4575 0.3956 0.7964
vn -0.1320 0.1099 0.9851
vn -0.1207 0.0936 -0.9883
vn -0.1156 0.0720 -0.9907
vn -0.7740 0.6332 0.0000
vn -0.7662 0.6423 0.0206
vn -0.0590 0.0962 -0.9936
vn -0.0234 0.0207 0.9995
vn -0.0009 0.0031 -1.0000
vn -0.7230 0.6256 -0.2930
vn -0.7241 0.6843 0.0863
vn -0.7135 0.6504 -0.2606
vn -0.6778 0.6213 -0.3932
vn -0.7716 0.6328 -0.0646
vn -0.0689 0.0380 0.9969
vn -0.7738 0.6311 -0.0545
vn -0.7698 0.6322 -0.0879
vn -0.7741 0.6326 -0.0237
vn -0.0536 0.0651 -0.9964
vn 0.3911 -0.5526 0.7360
vn -0.0108 0.0113 0.9999
vn -0.0069 0.0101 0.9999
vn -0.0091 -0.0051 0.9999
vn -0.0060 0.0050 1.0000
vn -0.8449 -0.5349 -0.0109
vn -0.7955 -0.6059 -0.0024
vn -0.8244 -0.5638 0.0500
vn -0.8355 -0.5471 0.0521
vn 0.0018 0.0113 -0.9999
vn -0.0089 0.0108 -0.9999
vn 0.0097 0.0246 -0.9997
vn -0.0252 -0.0024 -0.9997
vn -0.0028 0.0049 1.0000
vn -0.0273 0.0140 0.9995
vn -0.0130 0.0070 -0.9999
vn -0.0120 0.0019 -0.9999
vn 0.0023 -0.1190 0.9929
vn -0.0712 -0.0857 0.9938
vn -0.7895 -0.5342 0.3021
vn -0.8019 -0.5152 0.3026
vn -0.0140 -0.0207 -0.9997
vn -0.8431 -0.5373 -0.0213
vn -0.8285 -0.5582 -0.0454
vn -0.8390 -0.5441 0.0119
vn -0.0631 -0.0451 -0.9970
vn -0.0648 -0.0968 -0.9932
vn 0.2192 -0.9735 0.0645
vn 0.2688 -0.9622 0.0435
vn 0.3673 -0.9294 -0.0374
vn 0.0408 -0.9973 0.0610
vn 0.1010 -0.9892 0.1058
vn -0.6225 -0.4059 0.6692
vn -0.6360 -0.4055 0.6566
vn -0.6442 -0.4401 0.6255
vn -0.6453 -0.4673 0.6043
vn -0.7490 -0.5800 -0.3203
vn -0.6133 -0.4291 -0.6631
vn -0.6183 -0.4078 -0.6719
vn -0.5803 -0.3397 -0.7402
vn -0.6590 -0.5416 -0.5219
vn -0.6573 -0.5239 -0.5418
vn -0.7436 -0.5785 0.3353
vn -0.5698 -0.5479 0.6124
vn -0.3156 -0.6289 0.7106
vn -0.5351 -0.5983 0.5965
vn -0.3191 -0.5286 0.7866
vn -0.2575 -0.9575 -0.1303
vn -0.2489 -0.9338 -0.2570
vn -0.3125 -0.9113 -0.2682
vn -0.7172 -0.6962 -0.0283
vn -0.7316 -0.6789 -0.0620
vn -0.7485 -0.6631 0.0017
vn 0.3876 -0.9174 -0.0900
vn -0.7760 -0.6131 -0.1480
vn -0.3492 -0.8616 -0.3685
vn -0.4168 -0.8633 -0.2844
vn -0.0761 -0.0671 0.9948
vn -0.0679 -0.0639 0.9956
vn 0.4273 -0.8965 -0.1173
vn 0.2946 -0.3605 -0.8850
vn -0.1563 -0.9303 -0.3317
vn -0.7098 -0.6332 -0.3084
vn -0.1551 -0.9588 0.2379
vn 0.4236 -0.8941 -0.1454
vn -0.5533 -0.3462 -0.7577
vn 0.8107 -0.5846 0.0311
vn 0.7696 -0.6368 0.0479
vn 0.7758 -0.6297 -0.0396
vn 0.8120 -0.5835 0.0107
vn 0.8347 -0.5491 0.0412
vn 0.8158 -0.5697 0.0995
vn 0.8000 -0.5822 0.1453
vn 0.6004 -0.5535 0.5772
vn 0.5798 -0.5947 0.5569
vn 0.4152 -0.7092 0.5697
vn 0.6536 -0.4769 0.5877
vn 0.6242 -0.4819 0.6149
vn 0.0686 -0.0806 0.9944
vn -0.0024 -0.0057 1.0000
vn 0.0557 -0.0351 0.9978
vn 0.0542 -0.1514 0.9870
vn 0.8032 -0.5873 -0.0999
vn 0.7950 -0.5155 -0.3198
vn 0.7525 -0.5777 -0.3162
vn 0.8174 -0.5756 -0.0208
vn 0.6951 -0.7090 0.1187
vn 0.7154 -0.6987 -0.0090
vn 0.7464 -0.6385 0.1875
vn -0.0116 0.0093 0.9999
vn -0.0122 0.0046 0.9999
vn 0.6815 -0.6923 -0.2370
vn 0.6819 -0.7222 -0.1164
vn 0.5768 -0.7642 -0.2886
vn 0.6636 -0.4677 0.5838
vn 0.0070 -0.0031 -1.0000
vn 0.0123 -0.0383 -0.9992
vn 0.0670 -0.0557 -0.9962
vn 0.0028 -0.0083 -1.0000
vn -0.0076 -0.0034 -1.0000
vn -0.0035 0.0003 -1.0000
vn 0.0007 -0.0032 1.0000
vn -0.0213 0.0055 0.9998
vn 0.6981 -0.7150 0.0391
vn 0.5471 -0.7936 0.2664
vn 0.0992 -0.0749 -0.9922
vn 0.7087 -0.4847 0.5127
vn 0.0076 0.0212 -0.9997
vn 0.5848 -0.4606 -0.6677
vn 0.6421 -0.4616 -0.6121
vn 0.7115 -0.4961 -0.4977
vn 0.4998 -0.4134 -0.7611
vn 0.4706 -0.4544 -0.7563
vn 0.4681 -0.4509 -0.7600
vn 0.0461 -0.1200 0.9917
vn 0.7549 -0.5536 -0.3516
vn 0.8111 -0.5294 -0.2486
vn 0.7181 -0.4902 -0.4940
vn 0.7523 -0.5373 -0.3813
vn 0.0004 0.0018 1.0000
vn 0.0031 0.0010 1.0000
vn -0.0057 0.0048 1.0000
vn -0.0028 0.0015 1.0000
vn 0.7729 -0.5575 0.3031
vn 0.7861 -0.5714 0.2357
vn 0.7866 -0.5922 0.1748
vn 0.8089 -0.5766 -0.1146
vn 0.8103 -0.5695 -0.1379
vn 0.8269 -0.5400 -0.1572
vn 0.8175 -0.5755 0.0227
vn 0.0009 -0.0025 -1.0000
vn 0.0086 -0.0088 -0.9999
vn 0.0016 -0.0057 -1.0000
vn 0.8135 -0.5804 -0.0380
vn -0.0011 0.0027 -1.0000
vn 0.7981 -0.6015 0.0360
vn 0.7729 -0.5655 0.2880
vn 0.8069 -0.5823 0.0992
vn 0.0041 -0.0025 -1.0000
vn 0.0424 -0.0354 -0.9985
vn -0.0046 -0.0068 -1.0000
vn 0.5767 -0.4255 -0.6974
vn 0.5285 -0.3786 -0.7599
vn 0.5734 -0.3916 -0.7196
vn 0.0594 -0.0445 0.9972
vn 0.0129 -0.0092 0.9999
vn 0.0206 -0.0166 0.9997
vn 0.7511 -0.5256 0.3994
vn 0.7330 -0.5115 0.4485
vn 0.7202 -0.4911 0.4900
vn 0.0723 -0.0552 0.9959
vn 0.0547 -0.0407 0.9977
vn 0.0023 0.0022 -1.0000
vn 0.0056 0.0051 1.0000
vn 0.8044 -0.5690 0.1709
vn 0.6354 -0.4443 -0.6315
vn 0.6747 -0.4859 -0.5556
vn 0.7095 -0.4942 -0.5024
vn 0.0992 -0.0741 -0.9923
vn 0.8176 -0.5579 -0.1427
vn 0.8097 -0.5674 -0.1498
vn 0.0363 -0.0223 -0.9991
vn 0.0114 -0.0033 0.9999
vn 0.8013 -0.5702 -0.1811
vn 0.7997 -0.5753 0.1718
vn -0.0123 0.0591 0.9982
vn -0.0263 0.1974 0.9800
vn 0.0327 0.0772 0.9965
vn -0.1070 0.1873 0.9765
vn -0.7210 0.6926 0.0240
vn -0.5879 0.8029 0.0989
vn -0.6007 0.7990 0.0273
vn -0.7096 0.6931 0.1272
vn -0.7421 0.6646 0.0871
vn 0.5719 0.8137 -0.1043
vn 0.6745 0.6955 -0.2477
vn 0.6492 0.6973 -0.3037
vn 0.5560 0.8311 0.0080
vn 0.6692 0.7206 -0.1814
vn 0.2457 0.9682 -0.0470
vn -0.0033 0.9983 0.0577
vn 0.2364 0.7538 -0.6131
vn 0.3210 0.8240 -0.4669
vn 0.3210 0.8239 -0.4670
vn 0.0320 0.1764 -0.9838
vn 0.0025 0.1857 -0.9826
vn -0.0239 0.0951 -0.9952
vn 0.1280 0.1559 -0.9794
vn -0.6688 0.7363 -0.1031
vn -0.3404 0.6914 -0.6373
vn -0.5378 0.6610 -0.5233
vn -0.7283 0.6846 -0.0295
vn -0.3312 0.7252 -0.6036
vn -0.3942 0.9183 0.0370
vn -0.3795 0.5939 0.7094
vn -0.2532 0.3629 0.8968
vn 0.2113 0.5176 0.8291
vn 0.1338 0.2158 0.9672
vn 0.4112 0.8726 -0.2636
vn 0.3587 0.4559 0.8146
vn -0.6980 0.7110 0.0850
vn 0.3052 0.9456 0.1126
vn 0.2981 0.3363 0.8933
vn 0.6836 0.7288 -0.0388
vn 0.6908 0.6872 -0.2248
vn 0.5733 0.8188 0.0292
vn 0.7143 0.6994 0.0235
vn 0.7611 0.6444 0.0741
vn -0.0792 0.1085 0.9909
vn -0.6947 0.6771 -0.2428
vn -0.3500 0.3450 0.8709
vn 0.3610 0.3684 -0.8567
vn 0.2806 0.3245 -0.9033
vn 0.2796 0.2711 -0.9211
vn 0.7133 0.6960 -0.0830
vn 0.6438 0.7531 -0.1351
vn -0.7203 0.6723 -0.1709
vn -0.4322 0.4020 -0.8072
vn -0.3083 0.3851 -0.8699
vn -0.4761 0.3987 -0.7838
vn -0.3913 0.3312 0.8586
vn -0.0144 0.0296 0.9995
vn -0.4040 0.3676 0.8376
vn -0.3451 0.9265 0.1500
vn 0.4602 0.8782 -0.1306
vn 0.0985 0.0565 -0.9935
vn -0.0117 0.0381 0.9992
vn -0.0273 0.0283 -0.9992
vn -0.1087 0.1832 -0.9770
vn -0.0859 0.3497 -0.9329
vn 0.2871 0.2929 0.9120
vn 0.4437 0.4295 0.7866
vn 0.4725 0.4098 0.7802
vn -0.7421 0.6703 0.0000
vn 0.0479 0.0388 -0.9981
vn 0.0732 0.1676 -0.9831
vn -0.6469 0.6766 -0.3517
vn -0.6947 0.6771 -0.2429
vn -0.4435 0.3977 -0.8032
vn -0.0696 0.0452 -0.9966
vn 0.1649 0.3280 -0.9302
vn -0.3233 0.9367 -0.1345
vn -0.2798 0.9160 -0.2876
vn -0.2551 0.9172 -0.3062
vn 0.6536 0.7468 0.1231
vn 0.7380 0.6733 -0.0448
vn 0.6504 0.7473 0.1360
vn 0.3485 0.8584 0.3765
vn 0.6964 0.7105 0.1007
vn 0.7278 0.6856 0.0159
vn 0.3442 0.8437 0.4119
vn 0.7624 0.6443 0.0602
vn 0.7663 0.6424 0.0097
vn 0.5764 0.5120 -0.6369
vn 0.5960 0.5570 -0.5784
vn 0.6201 0.5623 -0.5470
vn -0.3059 0.0970 0.9471
vn -0.2626 0.1348 0.9554
vn -0.5576 0.1571 0.8151
vn -0.1392 0.0751 0.9874
vn 0.0263 0.1365 0.9903
vn -0.0386 0.1169 0.9924
vn 0.0110 0.0832 0.9965
vn 0.0892 0.0987 0.9911
vn 0.4964 0.7444 0.4466
vn 0.0477 0.2286 0.9723
vn -0.9875 0.1569 -0.0163
vn -0.9798 0.1998 0.0069
vn -0.9774 0.1718 0.1230
vn -0.9659 0.2197 -0.1372
vn -0.9722 0.2062 0.1114
vn -0.9638 0.2665 -0.0112
vn -0.9704 0.2049 -0.1280
vn -0.7683 0.1237 -0.6280
vn -0.0879 0.0479 -0.9950
vn 0.0096 0.0627 -0.9980
vn -0.1142 0.0282 -0.9931
vn -0.0467 0.0605 -0.9971
vn 0.0421 0.0730 -0.9964
vn -0.9162 0.4006 0.0124
vn -0.9245 0.3573 -0.1330
vn -0.9232 0.2740 -0.2694
vn -0.9399 0.3377 0.0510
vn -0.9653 0.2612 0.0057
vn -0.1796 0.8672 -0.4644
vn -0.9154 0.1540 -0.3718
vn -0.9595 0.1698 -0.2249
vn 0.6439 0.7252 -0.2440
vn -0.9552 0.2711 0.1189
vn -0.8896 0.1863 0.4170
vn -0.1818 0.5791 0.7947
vn -0.2391 0.9670 0.0881
vn -0.4301 0.8992 -0.0805
vn -0.1712 0.9834 0.0609
vn 0.7236 0.6370 -0.2658
vn -0.0788 0.9910 0.1081
vn 0.7351 0.6779 0.0052
vn 0.7165 0.6924 0.0851
vn -0.9583 0.2691 0.0964
vn 0.6766 0.6602 0.3260
vn 0.6712 0.6627 0.3321
vn -0.1308 0.9103 -0.3928
vn 0.1324 0.1994 0.9709
vn -0.4826 0.3617 0.7976
vn -0.6911 0.3017 0.6568
vn -0.8895 0.1873 0.4168
vn 0.6856 0.7137 -0.1435
vn 0.7492 0.6472 -0.1409
vn 0.5410 0.8284 -0.1452
vn -0.0847 0.9961 0.0265
vn -0.7480 0.2306 0.6223
vn 0.0786 0.0738 -0.9942
vn -0.9155 0.1310 -0.3805
vn -0.9691 0.2304 0.0883
vn -0.9771 0.1787 -0.1153
vn 0.6649 0.5832 -0.4667
vn 0.6219 0.4924 -0.6089
vn 0.7390 0.6557 0.1545
vn 0.7266 0.6810 -0.0912
vn 0.7308 0.6821 0.0266
vn -0.7175 0.1278 0.6847
vn -0.1010 0.0201 -0.9947
vn 0.6091 0.5834 0.5373
vn 0.5895 0.5615 0.5807
vn 0.6090 0.5834 0.5374
vn 0.6185 0.5941 0.5144
vn -0.9801 0.1977 -0.0151
vn -0.9799 0.1997 0.0000
vn -0.9803 0.1963 -0.0223
vn -0.9796 0.2010 0.0000
vn -0.0065 0.0013 -1.0000
vn -0.0069 0.0010 -1.0000
vn 0.0549 0.0628 -0.9965
vn -0.9775 0.1964 -0.0768
vn 0.7611 0.6444 0.0734
vn 0.7543 0.6524 0.0743
vn 0.5487 0.3688 -0.7502
vn 0.7131 0.6904 -0.1218
vn 0.7312 0.6688 -0.1343
vn 0.7455 0.6622 0.0754
vn 0.0541 0.0334 -0.9980
vn -0.7854 0.0781 -0.6140
vn 0.6737 0.6289 -0.3882
vn 0.0231 0.0261 0.9994
vn 0.0824 0.0820 0.9932
vn 0.0307 0.0333 0.9990
vn 0.0012 0.0056 1.0000
vn 0.0850 0.0855 0.9927
vn 0.0071 0.0136 -0.9999
vn 0.7223 0.6780 -0.1362
vn 0.1177 0.1131 -0.9866
vn -0.9783 0.2060 0.0222
vn -0.7300 0.1349 0.6700
vn -0.6850 0.1337 0.7162
vn -0.6788 0.1439 0.7201
vn -0.0781 0.0153 0.9968
vn -0.0197 0.0041 0.9998
vn -0.0637 0.0092 -0.9979
vn -0.0563 0.0034 -0.9984
vn -0.1938 0.0367 -0.9804
vn -0.7875 0.2226 0.5747
vn -0.7783 0.2634 0.5699
vn -0.7332 0.1620 -0.6604
vn -0.7352 0.1491 -0.6612
vn -0.7917 0.2016 0.5767
vn -0.5486 0.1206 -0.8273
vn -0.9686 0.2477 -0.0206
vn -0.9761 0.2023 -0.0792
vn -0.9790 0.1746 -0.1052
vn -0.9366 0.1916 -0.2935
vn -0.6552 0.1522 0.7400
vn -0.0153 0.0059 0.9999
vn -0.0041 0.0095 0.9999
vn -0.0020 0.0044 1.0000
vn -0.1048 0.0082 -0.9945
vn -0.0275 -0.0152 -0.9995
vn -0.9749 0.2222 0.0108
vn -0.9759 0.2056 0.0728
vn -0.0056 -0.0010 -1.0000
vn -0.9708 0.2373 0.0355
vn -0.9529 0.2653 0.1470
vn -0.9347 0.2420 -0.2605
vn -0.9714 0.1829 -0.1512
vn -0.9582 0.2333 -0.1656
vn -0.9590 0.2835 0.0000
vn -0.0700 0.0177 0.9974
vn -0.6630 0.1629 0.7307
vn -0.6583 0.1624 0.7350
vn -0.1047 0.0220 0.9943
vn -0.9256 0.1506 -0.3473
vn -0.1539 0.0335 0.9875
vn -0.9487 0.3162 0.0000
vn -0.9478 0.2952 0.1202
vn -0.9568 0.2798 -0.0792
vn -0.9478 0.2952 0.1203
vn 0.0101 -0.0224 0.9997
vn -0.0029 -0.0109 0.9999
vn -0.0029 -0.0110 0.9999
vn 0.0006 0.0065 -1.0000
vn 0.0037 -0.0102 -0.9999
vn -0.0006 0.0031 -1.0000
vn 0.0029 -0.0017 -1.0000
vn 0.0019 -0.0038 -1.0000
vn -0.0013 -0.0021 -1.0000
vn -0.0068 0.0067 -1.0000
vn 0.0018 -0.0178 -0.9998
vn 0.0027 -0.0051 -1.0000
vn 0.0127 -0.0148 -0.9998
vn 0.0075 -0.0031 1.0000
vn -0.0004 -0.0116 0.9999
vn -0.9699 0.2426 -0.0201
vn 0.0142 -0.0132 -0.9998
vn 0.0030 -0.0117 0.9999
vn 0.0009 0.0057 1.0000
vn 0.0104 -0.0074 0.9999
vn 0.0040 0.0029 1.0000
vn 0.0137 -0.0156 0.9998
vn -0.4014 0.1049 -0.9099
vn -0.0157 0.0002 -0.9999
vn -0.0267 0.0239 -0.9994
vn -0.0974 0.0364 -0.9946
vn 0.0022 -0.0056 1.0000
vn -0.0019 0.0029 -1.0000
vn -0.0101 0.0001 -0.9999
vn -0.0041 -0.0066 -1.0000
vn 0.0281 -0.0221 -0.9994
vn 0.0064 0.0007 -1.0000
vn -0.0137 0.0051 -0.9999
vn -0.0247 -0.0156 -0.9996
vn 0.0073 -0.0122 0.9999
vn 0.0079 -0.0091 0.9999
vn -0.9671 0.2545 0.0000
vn 0.0120 -0.0067 0.9999
vn -0.6820 0.2091 0.7008
vn -0.0855 0.0226 0.9961
vn 0.0263 0.0165 0.9995
vn 0.0235 0.0124 0.9996
vn -0.0165 0.0010 0.9999
vn -0.0733 0.0396 -0.9965
vn -0.9376 0.2976 0.1797
vn -0.0167 -0.0134 0.9998
vn -0.0024 -0.0043 1.0000
vn 0.0005 0.0094 1.0000
vn -0.0167 -0.0105 0.9998
vn -0.0119 0.0228 0.9997
vn -0.7630 0.2562 0.5935
vn -0.7993 0.2913 0.5256
vn -0.9592 0.2810 0.0318
vn -0.9561 0.2932 0.0000
vn -0.9606 0.2780 0.0000
vn -0.7159 0.2147 0.6644
vn -0.0069 -0.0073 0.9999
vn 0.0097 0.0115 0.9999
vn 0.0049 -0.0004 1.0000
vn 0.0182 0.0030 0.9998
vn 0.0054 0.0109 -0.9999
vn -0.0098 -0.0029 -0.9999
vn -0.0056 0.0047 -1.0000
vn -0.0080 0.0004 -1.0000
vn 0.0105 0.0055 -0.9999
vn 0.0041 -0.0026 -1.0000
vn -0.0004 -0.0021 -1.0000
vn -0.0002 -0.0050 -1.0000
vn -0.0180 -0.0316 -0.9993
vn -0.0087 -0.0080 -0.9999
vn -0.9582 0.2856 0.0136
vn -0.9586 0.2774 -0.0649
vn 0.0098 0.0180 -0.9998
vn -0.1809 0.0552 -0.9819
vn -0.5787 0.1689 -0.7979
vn -0.2678 0.0811 -0.9601
vn -0.0290 0.0147 -0.9995
vn -0.4893 0.1407 -0.8607
vn -0.9633 0.2651 -0.0424
vn -0.9552 0.2878 0.0690
vn -0.9259 0.2668 0.2673
vn -0.9616 0.2745 0.0000
vn -0.9689 0.2425 -0.0486
vn -0.9609 0.2529 0.1131
vn 0.0020 0.0109 0.9999
vn -0.7791 0.2716 -0.5650
vn -0.7906 0.2669 -0.5511
vn -0.0004 0.0094 1.0000
vn 0.0437 0.0115 0.9990
vn -0.1789 0.1037 0.9784
vn -0.9536 0.3011 0.0000
vn -0.8192 0.2769 0.5022
vn -0.8183 0.2880 0.4974
vn -0.0183 -0.0132 0.9997
vn -0.0018 -0.0254 -0.9997
vn -0.0147 -0.0009 -0.9999
vn -0.9481 0.2874 -0.1362
vn 0.0145 0.0071 0.9999
vn -0.9664 0.2544 0.0364
vn -0.0056 0.0290 0.9996
vn 0.0015 0.0119 -0.9999
vn 0.0016 0.0120 -0.9999
vn -0.9598 0.2765 -0.0476
vn -0.9186 0.2594 -0.2980
vn -0.8704 0.2301 -0.4352
vn -0.8703 0.2305 -0.4352
vn -0.9535 0.2857 0.0961
vn -0.9592 0.2760 0.0612
vn -0.9516 0.2829 0.1199
vn 0.0013 -0.0380 -0.9993
vn -0.2370 0.0741 -0.9687
vn -0.2369 0.0741 -0.9687
vn -0.5488 0.1678 -0.8189
vn -0.8184 0.1992 0.5390
vn -0.8479 0.2023 0.4901
vn -0.2493 0.0109 0.9684
vn 0.0416 0.0041 0.9991
vn 0.0765 -0.0459 0.9960
vn -0.8606 0.2361 0.4513
vn -0.9624 0.2418 -0.1236
vn -0.9601 0.2519 -0.1215
vn 0.0269 -0.0114 0.9996
vn 0.0168 -0.0226 0.9996
vn -0.9560 0.2688 -0.1179
vn -0.0264 -0.0151 0.9995
vn -0.0264 -0.0149 0.9995
vn -0.0174 -0.0373 0.9992
vn -0.0151 -0.0430 0.9990
vn 0.0001 -0.0805 0.9968
vn -0.8544 0.2632 0.4481
vn -0.0089 0.0042 -1.0000
vn -0.9411 0.3296 0.0756
vn -0.0172 -0.0070 0.9998
vn -0.0070 -0.0073 0.9999
vn 0.0282 0.0024 0.9996
vn -0.9603 0.2684 0.0762
vn -0.0993 0.0327 -0.9945
vn -0.8511 0.2274 0.4732
vn -0.9511 0.3012 0.0691
vn 0.0071 -0.0103 0.9999
vn -0.2211 -0.9519 0.2120
vn -0.1243 -0.9903 0.0624
vn -0.2308 -0.9623 0.1439
vn 0.0171 -0.8058 -0.5920
vn -0.1226 -0.7916 -0.5987
vn 0.7413 -0.3437 0.5765
vn 0.0356 -0.0523 0.9980
vn -0.0216 0.0024 0.9998
vn -0.0361 -0.0619 0.9974
vn 0.0490 0.0223 0.9985
vn 0.1035 -0.1978 0.9748
vn -0.9648 0.2631 0.0016
vn -0.9769 0.1954 0.0861
vn -0.9769 0.2105 -0.0365
vn -0.9532 0.2825 0.1075
vn -0.9458 0.2540 0.2024
vn -0.9346 0.2740 0.2267
vn -0.2214 -0.0384 0.9744
vn -0.1498 -0.1420 0.9785
vn -0.1004 -0.2353 0.9667
vn -0.1267 0.0065 0.9919
vn -0.0065 -1.0000 -0.0034
vn -0.0405 -0.9979 -0.0502
vn -0.1727 -0.9849 -0.0119
vn -0.0012 -1.0000 0.0048
vn -0.1108 -0.9006 0.4202
vn -0.1879 -0.9409 0.2816
vn -0.1159 -0.9885 0.0972
vn -0.9838 0.0465 0.1731
vn -0.9865 -0.0820 0.1417
vn -0.7643 0.2290 0.6028
vn -0.7248 0.1639 0.6692
vn -0.7658 0.2035 0.6100
vn -0.9388 0.3026 -0.1646
vn -0.9533 0.2964 -0.0589
vn -0.9332 0.2767 -0.2292
vn -0.8119 0.2342 0.5347
vn -0.1573 0.0248 0.9872
vn -0.0198 -0.0341 -0.9992
vn 0.0071 -0.0309 -0.9995
vn -0.0130 -0.0310 -0.9994
vn -0.0141 -0.0225 -0.9996
vn -0.6601 -0.5589 -0.5019
vn -0.6717 -0.5637 -0.4806
vn -0.0668 -0.9829 -0.1717
vn -0.1783 -0.9725 -0.1497
vn -0.4862 -0.7733 0.4070
vn -0.4420 -0.8631 0.2445
vn 0.0039 -0.0390 -0.9992
vn -0.1955 -0.7777 -0.5974
vn -0.8963 0.2314 -0.3783
vn -0.9439 0.2067 -0.2575
vn -0.9105 0.2257 -0.3465
vn -0.0914 0.0102 -0.9958
vn -0.7282 -0.0474 -0.6837
vn -0.7869 -0.0841 -0.6113
vn -0.9118 -0.1328 -0.3886
vn -0.1543 -0.1193 -0.9808
vn -0.9799 0.1377 -0.1445
vn -0.9891 -0.0928 -0.1143
vn -0.9669 -0.0536 -0.2493
vn -0.9614 0.2701 -0.0531
vn -0.6901 0.1492 0.7082
vn -0.7199 0.1306 0.6816
vn -0.6763 0.2355 0.6980
vn -0.9673 0.2519 -0.0293
vn -0.9689 0.2427 -0.0490
vn -0.0166 -0.0631 0.9979
vn -0.9454 0.2075 -0.2514
vn -0.9783 -0.2069 -0.0066
vn -0.6912 -0.5714 -0.4425
vn -0.9701 -0.2018 0.1350
vn -0.3199 -0.9206 0.2239
vn -0.2265 -0.8331 0.5046
vn -0.2928 -0.8534 0.4312
vn -0.0822 0.0252 -0.9963
vn 0.3558 0.3929 0.8480
vn -0.0898 -0.0304 0.9955
vn -0.1042 -0.2085 -0.9725
vn -0.8805 0.2384 -0.4098
vn 0.9484 -0.1966 -0.2486
vn 0.9357 -0.2536 -0.2453
vn 0.8185 -0.3786 0.4321
vn 0.8062 -0.5772 0.1302
vn 0.9829 -0.1624 0.0863
vn 0.8084 -0.5879 0.0280
vn 0.9637 0.0869 -0.2526
vn 0.5864 -0.2895 -0.7565
vn 0.5940 -0.4245 -0.6833
vn 0.6363 -0.4247 -0.6440
vn 0.8148 0.5701 0.1058
vn 0.6659 0.6992 -0.2600
vn 0.6919 0.7198 0.0562
vn 0.6649 0.7464 0.0280
vn 0.3882 0.4883 -0.7816
vn 0.3538 0.4199 -0.8358
vn 0.3538 0.4200 -0.8357
vn 0.0151 -0.0125 0.9998
vn 0.0095 0.0015 1.0000
vn 0.0040 -0.0015 1.0000
vn 0.0370 -0.0118 0.9992
vn -0.0166 0.0086 0.9998
vn 0.0889 -0.0483 0.9949
vn 0.0672 -0.0500 0.9965
vn 0.7973 -0.6002 0.0637
vn 0.7845 -0.6199 -0.0133
vn 0.7963 -0.6046 -0.0188
vn 0.7245 -0.5367 0.4325
vn 0.7186 -0.4790 0.5042
vn -0.0251 -0.0077 -0.9997
vn -0.0569 0.0147 -0.9983
vn -0.0293 0.0003 -0.9996
vn 0.7005 0.7091 0.0806
vn 0.6283 0.7702 -0.1102
vn 0.6716 0.7353 -0.0915
vn 0.7671 0.6119 0.1926
vn 0.6654 0.7325 0.1440
vn 0.8524 0.5212 0.0412
vn 0.8044 -0.5924 -0.0441
vn 0.8127 -0.5827 -0.0089
vn 0.7918 -0.6107 -0.0092
vn -0.0121 -0.0112 -0.9999
vn 0.8163 -0.5771 0.0254
vn 0.9919 0.1237 0.0276
vn 0.7800 -0.6148 -0.1168
vn 0.9611 -0.2749 0.0271
vn -0.0220 0.1257 -0.9918
vn -0.0001 0.0062 -1.0000
vn 0.0542 -0.0268 -0.9982
vn -0.0512 -0.8485 -0.5267
vn 0.7405 -0.5575 0.3753
vn 0.0078 0.0090 0.9999
vn 0.0397 0.0101 0.9992
vn 0.0142 0.0140 0.9998
vn 0.5940 -0.4424 -0.6719
vn 0.5743 -0.4239 -0.7004
vn 0.7097 0.7043 0.0186
vn 0.8376 0.5451 -0.0345
vn 0.9307 -0.3534 0.0946
vn 0.6876 0.7115 0.1448
vn 0.6446 0.7618 -0.0651
vn 0.2587 0.2412 -0.9354
vn 0.0133 -0.0214 0.9997
vn 0.8001 -0.4798 -0.3601
vn 0.0029 -0.0050 -1.0000
vn 0.0046 -0.0018 -1.0000
vn 0.0227 -0.0850 -0.9961
vn -0.0069 0.0078 -0.9999
vn 0.0062 -0.0015 -1.0000
vn 0.2342 0.1560 0.9596
vn 0.0350 -0.0249 -0.9991
vn 0.8573 -0.3965 -0.3284
vn 0.8630 -0.4724 -0.1794
vn 0.7252 -0.5565 0.4055
vn 0.9487 0.3162 0.0000
vn 0.7381 -0.3683 0.5653
vn 0.9600 -0.2799 0.0000
vn 0.7215 -0.5515 0.4187
vn -0.0022 -0.0150 -0.9999
vn 0.2055 -0.0636 0.9766
vn 0.6083 -0.0138 0.7936
vn 0.5248 0.1191 0.8428
vn 0.0238 -0.0025 0.9997
vn -0.0009 -0.2784 0.9605
vn 0.0199 -0.1198 0.9926
vn 0.1152 0.0685 0.9910
vn 0.6411 0.0487 0.7659
vn 0.0624 0.0125 -0.9980
vn 0.0542 0.0494 -0.9973
vn 0.0623 0.0439 -0.9971
vn 0.0289 -0.9994 -0.0206
vn 0.1075 -0.9923 -0.0620
vn 0.0668 -0.9972 -0.0340
vn 0.0731 -0.9919 -0.1036
vn 0.9397 -0.0927 0.3291
vn 0.9801 -0.1158 0.1612
vn 0.9610 -0.2090 0.1809
vn 0.4996 0.0409 -0.8653
vn 0.3810 -0.1628 -0.9101
vn 0.5665 0.1507 -0.8102
vn 0.2497 -0.9355 -0.2499
vn 0.1423 -0.9741 -0.1758
vn 0.2453 -0.8346 -0.4932
vn 0.8682 0.4450 -0.2196
vn 0.7716 0.6357 -0.0223
vn 0.7121 0.7001 -0.0535
vn 0.1842 -0.9829 0.0001
vn 0.6077 0.7897 -0.0839
vn 0.6176 0.7864 -0.0114
vn 0.6354 0.7499 0.1842
vn 0.3984 0.5101 -0.7622
vn 0.4349 0.3872 -0.8130
vn 0.1859 0.1965 -0.9627
vn 0.6123 0.7905 -0.0159
vn 0.4093 0.5146 -0.7534
vn 0.4109 0.5013 -0.7615
vn 0.6409 0.7676 -0.0092
vn 0.6535 0.7569 0.0105
vn 0.6641 0.7462 0.0459
vn 0.6283 0.7758 -0.0589
vn 0.6541 0.7564 -0.0012
vn 0.6003 0.7969 -0.0677
vn 0.6096 0.7383 -0.2885
vn 0.5946 0.7715 -0.2264
vn 0.5149 0.6497 0.5593
vn 0.5914 0.6923 0.4135
vn 0.4986 0.7125 -0.4937
vn 0.1118 -0.9937 -0.0119
vn 0.2237 -0.9559 -0.1903
vn 0.0897 -0.9948 -0.0489
vn 0.0514 -0.9986 0.0159
vn 0.9967 -0.0809 0.0050
vn 0.9609 -0.0056 -0.2767
vn 0.9987 -0.0372 -0.0346
vn 0.2360 -0.9603 -0.1485
vn 0.4820 0.8162 -0.3186
vn 0.1294 -0.2643 -0.9557
vn 0.2875 -0.0008 -0.9578
vn 0.1487 -0.9197 -0.3634
vn 0.0779 -0.2655 -0.9610
vn 0.0749 -0.0134 -0.9971
vn 0.9606 -0.2439 0.1332
vn 0.0148 -0.8376 0.5460
vn 0.0334 -0.8310 0.5553
vn -0.0432 -0.3186 0.9469
vn -0.0197 -0.8490 0.5281
vn 0.5406 0.6550 0.5279
vn 0.0194 -0.9998 0.0077
vn 0.9092 -0.3594 0.2100
vn 0.8741 -0.2996 -0.3823
vn 0.9172 -0.0888 -0.3885
vn 0.8682 -0.1190 -0.4817
vn 0.5541 0.6526 0.5167
vn 0.0759 0.0848 0.9935
vn 0.0182 0.0170 0.9997
vn 0.6898 0.7092 0.1457
vn -0.0143 -0.0178 0.9997
vn 0.6898 0.7240 0.0026
vn 0.5217 0.6492 0.5535
vn 0.6450 0.7215 -0.2519
vn -0.0023 0.0110 -0.9999
vn -0.0021 0.0079 -1.0000
vn 0.6208 0.7579 0.2003
vn 0.5499 0.6690 0.5000
vn 0.6330 0.7741 0.0140
vn 0.0049 -0.2432 0.9700
vn 0.0036 -0.4424 0.8968
vn 0.0047 -0.4631 0.8863
vn -0.0171 -0.0511 -0.9985
vn 0.0188 -0.0058 0.9998
vn 0.0049 -0.1661 0.9861
vn 0.1270 0.1527 0.9801
vn -0.0029 0.0262 -0.9997
vn 0.0064 0.0572 0.9983
vn -0.0033 0.0153 -0.9999
vn -0.0048 -0.0202 -0.9998
vn -0.0056 0.0146 -0.9999
vn -0.0001 0.0100 -0.9999
vn 0.0112 -0.0118 -0.9999
vn -0.0026 0.0110 -0.9999
vn -0.0086 0.0066 -0.9999
vn 0.0039 -0.0009 -1.0000
vn -0.0003 -0.0114 -0.9999
vn 0.0108 -0.0127 -0.9999
vn -0.0025 0.0098 -0.9999
vn -0.0093 0.0169 -0.9998
vn -0.0037 -0.0056 -1.0000
vn 0.0023 0.0106 -0.9999
vn -0.0007 -0.0010 -1.0000
vn 0.0103 0.0177 -0.9998
vn -0.0034 -0.0140 -0.9999
vn -0.0024 -0.0028 1.0000
vn -0.0043 0.0003 1.0000
vn 0.0068 -0.0059 1.0000
vn 0.0116 -0.0030 0.9999
vn -0.0020 -0.0201 0.9998
vn -0.0086 0.0049 1.0000
vn 0.0074 -0.0062 1.0000
vn 0.0065 -0.0050 -1.0000
vn 0.0125 -0.0747 -0.9971
vn -0.0125 -0.0271 0.9996
vn 0.0076 -0.0346 0.9994
vn 0.0002 0.0028 1.0000
vn 0.0306 -0.4744 0.8798
vn 0.0083 0.0052 1.0000
vn 0.0091 0.0013 1.0000
vn -0.0110 -0.0257 0.9996
vn -0.0146 -0.3247 0.9457
vn 0.0007 0.0106 0.9999
vn 0.0000 0.0048 1.0000
vn -0.0006 0.0013 1.0000
vn 0.0022 0.0134 0.9999
vn 0.0757 -0.6349 0.7689
vn -0.0124 -0.3741 0.9273
vn -0.0067 -0.2974 0.9547
vn -0.0081 0.0019 1.0000
vn 0.0000 0.0000 -1.0000
vn 0.0082 0.0075 0.9999
vn -0.0032 0.0000 1.0000
vn 0.0083 0.0165 -0.9998
vt 0.759327 0.407685
vt 0.723288 0.399185
vt 0.745377 0.401180
vt 0.830325 0.001525
vt 0.815068 0.002859
vt 0.791986 0.000642
vt 0.273259 0.085371
vt 0.311025 0.078711
vt 0.353555 0.084222
vt 0.079078 0.800721
vt 0.100715 0.809538
vt 0.119413 0.823910
vt 0.089226 0.817391
vt 0.054674 0.866681
vt 0.095618 0.869344
vt 0.073285 0.880260
vt 0.068668 0.848709
vt 0.747914 0.323075
vt 0.728326 0.346386
vt 0.718903 0.343111
vt 0.723777 0.324622
vt 0.747365 0.313755
vt 0.099771 0.826307
vt 0.735290 0.314522
vt 0.758160 0.299669
vt 0.735041 0.316672
vt 0.750992 0.302518
vt 0.136971 0.530934
vt 0.136133 0.515626
vt 0.136918 0.511169
vt 0.738967 0.390643
vt 0.755688 0.392025
vt 0.063841 0.834797
vt 0.095955 0.856192
vt 0.069758 0.825293
vt 0.058393 0.779069
vt 0.711505 0.377111
vt 0.109079 0.854729
vt 0.135887 0.611230
vt 0.125488 0.552463
vt 0.744692 0.346112
vt 0.748735 0.372173
vt 0.713488 0.391617
vt 0.741938 0.381454
vt 0.999393 0.290118
vt 0.998106 0.282817
vt 0.999072 0.259656
vt 0.124660 0.545095
vt 0.136278 0.486818
vt 0.072675 0.806266
vt 0.076989 0.814100
vt 0.709408 0.342846
vt 0.165099 0.759052
vt 0.149757 0.795559
vt 0.131174 0.797159
vt 0.149255 0.762086
vt 0.996020 0.528190
vt 0.997031 0.512799
vt 0.998978 0.517150
vt 0.997930 0.538226
vt 0.116545 0.833754
vt 0.151831 0.814686
vt 0.876564 0.741936
vt 0.900489 0.707887
vt 0.936843 0.773163
vt 0.888330 0.718325
vt 0.999795 0.728915
vt 0.999795 0.748323
vt 0.998704 0.744301
vt 0.044956 0.895960
vt 0.001067 0.885985
vt 0.215052 0.792533
vt 0.196365 0.835745
vt 0.211749 0.816998
vt 0.208815 0.830713
vt 0.394239 0.246279
vt 0.509713 0.246279
vt 0.485144 0.263976
vt 0.681245 0.001108
vt 0.668225 0.003404
vt 0.639916 0.000098
vt 0.880828 0.721690
vt 0.899901 0.699314
vt 0.900849 0.704251
vt 0.043319 0.902900
vt 0.921749 0.704560
vt 0.936806 0.691569
vt 0.104108 0.809655
vt 0.023666 0.880492
vt 0.015115 0.896949
vt 0.733320 0.411574
vt 0.728678 0.482389
vt 0.715922 0.462104
vt 0.688216 0.110982
vt 0.636783 0.111904
vt 0.617378 0.106705
vt 0.720353 0.430769
vt 0.709082 0.373315
vt 0.981196 0.261824
vt 0.986680 0.262288
vt 0.984463 0.267870
vt 0.894743 0.180588
vt 0.891755 0.167207
vt 0.902777 0.177210
vt 0.975427 0.255099
vt 0.984154 0.257251
vt 0.889681 0.177412
vt 0.719799 0.486666
vt 0.727970 0.494619
vt 0.609097 0.982200
vt 0.598007 0.982012
vt 0.596466 0.977874
vt 0.396498 0.107377
vt 0.376150 0.102362
vt 0.698723 0.459822
vt 0.563349 0.094043
vt 0.575319 0.070772
vt 0.608948 0.073714
vt 0.630634 0.095706
vt 0.618526 0.102899
vt 0.575164 0.104678
vt 0.593462 0.982439
vt 0.596271 0.983755
vt 0.587346 0.983533
vt 0.909719 0.546377
vt 0.898908 0.559036
vt 0.902630 0.547316
vt 0.905085 0.555152
vt 0.911280 0.547909
vt 0.853992 0.555661
vt 0.851833 0.552377
vt 0.859955 0.560060
vt 0.855983 0.560116
vt 0.569275 0.109818
vt 0.556720 0.103766
vt 0.610446 0.107171
vt 0.885689 0.165539
vt 0.883153 0.125682
vt 0.886599 0.123972
vt 0.552957 0.109172
vt 0.613050 0.111215
vt 0.605430 0.109422
vt 0.730755 0.494465
vt 0.882844 0.563389
vt 0.868905 0.587093
vt 0.871108 0.553246
vt 0.904525 0.577037
vt 0.892245 0.547644
vt 0.888042 0.602199
vt 0.876658 0.551676
vt 0.852037 0.563184
vt 0.858206 0.579664
vt 0.853290 0.573949
vt 0.930799 0.097050
vt 0.900556 0.125948
vt 0.595102 0.969861
vt 0.320390 0.106622
vt 0.979830 0.250655
vt 0.970584 0.247930
vt 0.866287 0.597174
vt 0.908223 0.637215
vt 0.846089 0.099181
vt 0.834593 0.577787
vt 0.670381 0.426533
vt 0.335957 0.100727
vt 0.985835 0.254170
vt 0.853231 0.552955
vt 0.407474 0.102415
vt 0.617256 0.969907
vt 0.989896 0.266633
vt 0.988312 0.272461
vt 0.927880 0.175148
vt 0.975749 0.242797
vt 0.590556 0.978594
vt 0.593518 0.960218
vt 0.007053 0.262751
vt 0.009441 0.258452
vt 0.018360 0.258549
vt 0.996743 0.951860
vt 0.996513 0.947503
vt 0.999986 0.944589
vt 0.018955 0.264316
vt 0.999768 0.951489
vt 0.432206 0.970102
vt 0.444795 0.970102
vt 0.432206 0.974465
vt 0.004147 0.261360
vt 0.627808 0.024466
vt 0.588842 0.021057
vt 0.646067 0.021977
vt 0.936865 0.622287
vt 0.941945 0.627596
vt 0.939913 0.637376
vt 0.933488 0.644596
vt 0.920771 0.630972
vt 0.532574 0.581305
vt 0.918093 0.675354
vt 0.945127 0.696786
vt 0.916754 0.648215
vt 0.893530 0.689749
vt 0.884624 0.653548
vt 0.006445 0.258642
vt 0.008197 0.246784
vt 0.023121 0.237266
vt 0.945384 0.098952
vt 0.955185 0.089508
vt 0.967332 0.081918
vt 0.999714 0.962387
vt 0.996744 0.960229
vt 0.999754 0.957073
vt 0.997711 0.128331
vt 0.999469 0.121769
vt 0.999788 0.131357
vt 0.448024 0.970598
vt 0.447767 0.975906
vt 0.445028 0.974462
vt 0.020107 0.270326
vt 0.026681 0.271859
vt 0.998618 0.630013
vt 0.998750 0.640455
vt 0.995747 0.636170
vt 0.946514 0.651499
vt 0.447712 0.994380
vt 0.438456 0.974771
vt 0.947904 0.091061
vt 0.997011 0.696925
vt 0.997800 0.689522
vt 0.999488 0.691612
vt 0.999279 0.698513
vt 0.656040 0.022655
vt 0.646799 0.024316
vt 0.660030 0.024137
vt 0.660282 0.021461
vt 0.977202 0.613292
vt 0.983810 0.580098
vt 0.979288 0.574288
vt 0.978035 0.556293
vt 0.023516 0.265193
vt 0.033372 0.282994
vt 0.432015 0.990086
vt 0.429415 0.978037
vt 0.544097 0.682244
vt 0.526654 0.626260
vt 0.530971 0.603967
vt 0.938308 0.081949
vt 0.925249 0.081788
vt 0.925319 0.068094
vt 0.999853 0.108554
vt 0.999853 0.116058
vt 0.947792 0.617371
vt 0.995668 0.864899
vt 0.995668 0.853460
vt 0.997329 0.857582
vt 0.552240 0.557876
vt 0.997307 0.653128
vt 0.001034 0.372801
vt 0.959454 0.160556
vt 0.892098 0.113676
vt 0.903020 0.083375
vt 0.908312 0.066558
vt 0.525734 0.592599
vt 0.520296 0.565777
vt 0.998414 0.711179
vt 0.991782 0.582859
vt 0.031607 0.239976
vt 0.998146 0.112568
vt 0.001034 0.420596
vt 0.007470 0.405141
vt 0.148309 0.058388
vt 0.127694 0.051705
vt 0.138087 0.045305
vt 0.142265 0.078781
vt 0.191461 0.030639
vt 0.153812 0.067062
vt 0.787414 0.871938
vt 0.800786 0.884695
vt 0.782619 0.897045
vt 0.126560 0.759627
vt 0.096545 0.763059
vt 0.096616 0.755950
vt 0.831117 0.003337
vt 0.831784 0.000729
vt 0.861327 0.003314
vt 0.147469 0.748697
vt 0.743545 0.791782
vt 0.737012 0.790161
vt 0.742010 0.782571
vt 0.797866 0.915871
vt 0.787812 0.912740
vt 0.792232 0.903487
vt 0.091402 0.758931
vt 0.092846 0.743801
vt 0.137023 0.983587
vt 0.136650 0.979324
vt 0.141812 0.984095
vt 0.735381 0.776576
vt 0.728592 0.765447
vt 0.735777 0.773508
vt 0.142205 0.991353
vt 0.133370 0.078095
vt 0.116693 0.034777
vt 0.782886 0.908538
vt 0.779055 0.906788
vt 0.130416 0.712712
vt 0.127082 0.736255
vt 0.111031 0.719228
vt 0.777624 0.899841
vt 0.782193 0.890030
vt 0.144197 0.082533
vt 0.141810 0.085937
vt 0.138624 0.084524
vt 0.152904 0.075692
vt 0.775166 0.903404
vt 0.684995 0.787614
vt 0.705111 0.777564
vt 0.727686 0.798032
vt 0.809774 0.896699
vt 0.802858 0.909796
vt 0.683407 0.770892
vt 0.800930 0.916301
vt 0.743167 0.794007
vt 0.737353 0.794375
vt 0.824827 0.889952
vt 0.113123 0.647829
vt 0.142301 0.979203
vt 0.732531 0.767485
vt 0.739104 0.772262
vt 0.139510 0.976631
vt 0.736753 0.817488
vt 0.743807 0.836390
vt 0.862449 0.000629
vt 0.784719 0.866635
vt 0.769970 0.815565
vt 0.170538 0.058907
vt 0.777699 0.905773
vt 0.142990 0.976823
vt 0.096390 0.721139
vt 0.740316 0.726892
vt 0.091150 0.763377
vt 0.866732 0.003373
vt 0.803745 0.912221
vt 0.155118 0.026119
vt 0.538791 0.025495
vt 0.510391 0.023011
vt 0.539609 0.022028
vt 0.090542 0.464556
vt 0.088711 0.543140
vt 0.087047 0.484377
vt 0.087841 0.454859
vt 0.542710 0.364331
vt 0.534290 0.412085
vt 0.532522 0.346706
vt 0.540278 0.285764
vt 0.203061 0.029196
vt 0.252843 0.012048
vt 0.257917 0.040826
vt 0.201957 0.060963
vt 0.222375 0.004171
vt 0.530279 0.320081
vt 0.514150 0.320975
vt 0.141144 0.210736
vt 0.168758 0.225419
vt 0.128772 0.214252
vt 0.150070 0.200304
vt 0.174580 0.221774
vt 0.019834 0.425619
vt 0.022449 0.392367
vt 0.024345 0.421834
vt 0.018677 0.393351
vt 0.021543 0.448554
vt 0.182191 0.198196
vt 0.222403 0.238012
vt 0.151832 0.187200
vt 0.196685 0.234063
vt 0.482302 0.332746
vt 0.468895 0.024276
vt 0.191808 0.000068
vt 0.192938 0.052558
vt 0.505684 0.020223
vt 0.453381 0.024799
vt 0.435787 0.021335
vt 0.700336 0.213467
vt 0.673386 0.214875
vt 0.673386 0.197421
vt 0.723759 0.197057
vt 0.850489 0.942650
vt 0.851327 0.926667
vt 0.874968 0.940055
vt 0.874853 0.954777
vt 0.848976 0.959863
vt 0.364660 0.696094
vt 0.245145 0.708185
vt 0.253557 0.696094
vt 0.902900 0.948350
vt 0.750503 0.969613
vt 0.758783 0.971357
vt 0.899155 0.955393
vt 0.900808 0.972782
vt 0.262289 0.715612
vt 0.722579 0.180414
vt 0.766835 0.214870
vt 0.695085 0.172318
vt 0.723905 0.000035
vt 0.764839 0.002213
vt 0.704949 0.969613
vt 0.737457 0.004968
vt 0.150013 0.831078
vt 0.121038 0.856166
vt 0.106685 0.835669
vt 0.998918 0.732278
vt 0.997187 0.712492
vt 0.999311 0.711944
vt 0.287183 0.003642
vt 0.299765 0.005748
vt 0.269223 0.004318
vt 0.255575 0.137889
vt 0.230092 0.132522
vt 0.309635 0.004411
vt 0.679566 0.119384
vt 0.653780 0.117128
vt 0.692388 0.114156
vt 0.192485 0.124350
vt 0.189180 0.115091
vt 0.208459 0.140790
vt 0.186708 0.127044
vt 0.264282 0.006291
vt 0.718813 0.120962
vt 0.172573 0.826132
vt 0.174503 0.848372
vt 0.662488 0.744829
vt 0.715777 0.707516
vt 0.670760 0.769145
vt 0.656007 0.690346
vt 0.138743 0.873960
vt 0.114210 0.874417
vt 0.202486 0.867344
vt 0.214975 0.847241
vt 0.207532 0.872173
vt 0.241993 0.155945
vt 0.253645 0.147015
vt 0.214315 0.155410
vt 0.238565 0.160115
vt 0.189456 0.906665
vt 0.155987 0.907613
vt 0.164636 0.117759
vt 0.184732 0.136502
vt 0.203797 0.160239
vt 0.199692 0.157683
vt 0.641401 0.727619
vt 0.627360 0.115613
vt 0.199599 0.895101
vt 0.195904 0.181554
vt 0.192810 0.912737
vt 0.192564 0.191653
vt 0.188338 0.202567
vt 0.131133 0.911105
vt 0.107369 0.892670
vt 0.712028 0.765933
vt 0.713332 0.654566
vt 0.330015 0.004388
vt 0.234096 0.127552
vt 0.209691 0.120667
vt 0.323154 0.006363
vt 0.646620 0.683549
vt 0.884186 0.046982
vt 0.920414 0.053779
vt 0.897466 0.061558
vt 0.016885 0.614211
vt 0.016724 0.561377
vt 0.035990 0.588694
vt 0.054311 0.587091
vt 0.874693 0.094898
vt 0.877552 0.066081
vt 0.222811 0.618702
vt 0.220438 0.645337
vt 0.214490 0.620283
vt 0.243361 0.666431
vt 0.253284 0.599598
vt 0.286705 0.628927
vt 0.297554 0.613148
vt 0.273354 0.597221
vt 0.173647 0.635570
vt 0.206324 0.675136
vt 0.838966 0.051457
vt 0.859828 0.045716
vt 0.839127 0.084703
vt 0.875556 0.115864
vt 0.848666 0.092970
vt 0.250387 0.581993
vt 0.300590 0.673406
vt 0.892594 0.079696
vt 0.893013 0.096473
vt 0.040767 0.704632
vt 0.042610 0.697215
vt 0.053860 0.714405
vt 0.034925 0.701402
vt 0.039688 0.698094
vt 0.033362 0.717236
vt 0.046672 0.714661
vt 0.999835 0.935129
vt 0.999835 0.943310
vt 0.996663 0.935281
vt 0.129821 0.972485
vt 0.124835 0.968358
vt 0.128410 0.968569
vt 0.997542 0.114220
vt 0.999457 0.118326
vt 0.997757 0.122398
vt 0.134230 0.972723
vt 0.036741 0.696516
vt 0.030862 0.692848
vt 0.997612 0.140081
vt 0.999024 0.132078
vt 0.999886 0.143496
vt 0.997715 0.143560
vt 0.996201 0.486279
vt 0.998751 0.492694
vt 0.996732 0.494389
vt 0.040242 0.224869
vt 0.053938 0.207000
vt 0.055122 0.220058
vt 0.137564 0.976060
vt 0.154180 0.974440
vt 0.046515 0.186341
vt 0.053093 0.174026
vt 0.050302 0.187915
vt 0.045760 0.195145
vt 0.051216 0.172613
vt 0.012130 0.720813
vt 0.009192 0.743332
vt 0.021197 0.691933
vt 0.059580 0.215611
vt 0.068887 0.207490
vt 0.282595 0.986890
vt 0.269069 0.990446
vt 0.266192 0.969803
vt 0.154074 0.972493
vt 0.135584 0.968720
vt 0.154938 0.966513
vt 0.171384 0.991764
vt 0.045748 0.201353
vt 0.049900 0.197179
vt 0.060137 0.180158
vt 0.048489 0.157378
vt 0.046390 0.868372
vt 0.009138 0.866676
vt 0.048424 0.723834
vt 0.142889 0.960532
vt 0.136724 0.963825
vt 0.127678 0.963330
vt 0.998796 0.504861
vt 0.156698 0.956042
vt 0.154203 0.961038
vt 0.267871 0.940519
vt 0.128698 0.964853
vt 0.070135 0.221547
vt 0.124764 0.964198
vt 0.041835 0.156822
vt 0.000167 0.691138
vt 0.986487 0.088294
vt 0.971116 0.164332
vt 0.023564 0.683881
vt 0.169893 0.945204
vt 0.026395 0.877696
vt 0.997093 0.512220
vt 0.231162 0.968682
vt 0.105330 0.198463
vt 0.946980 0.101131
vt 0.982250 0.706197
vt 0.981992 0.681481
vt 0.984361 0.682071
vt 0.976057 0.703838
vt 0.985252 0.699465
vt 0.345232 0.989488
vt 0.337399 0.965381
vt 0.388964 0.963989
vt 0.360419 0.110481
vt 0.341881 0.108859
vt 0.367517 0.108128
vt 0.404998 0.108903
vt 0.970466 0.659560
vt 0.970119 0.681606
vt 0.967622 0.636974
vt 0.715827 0.122349
vt 0.650297 0.120596
vt 0.981889 0.637537
vt 0.970513 0.705106
vt 0.317863 0.110184
vt 0.506917 0.544840
vt 0.544389 0.547029
vt 0.559703 0.608298
vt 0.564119 0.482748
vt 0.976189 0.637563
vt 0.079200 0.096828
vt 0.100641 0.065915
vt 0.099930 0.081184
vt 0.056260 0.104825
vt 0.123481 0.070213
vt 0.054609 0.061310
vt 0.069851 0.044019
vt 0.110924 0.034745
vt 0.625843 0.119858
vt 0.632888 0.118271
vt 0.967224 0.681715
vt 0.650297 0.118780
vt 0.555311 0.557952
vt 0.563902 0.542879
vt 0.782853 0.985750
vt 0.774425 0.979626
vt 0.782522 0.974730
vt 0.995121 0.028503
vt 0.989661 0.026186
vt 0.995332 0.018088
vt 0.064408 0.237295
vt 0.047897 0.265999
vt 0.057933 0.234547
vt 0.051767 0.280020
vt 0.044832 0.281534
vt 0.429321 0.220977
vt 0.446054 0.221804
vt 0.453292 0.245479
vt 0.433488 0.208040
vt 0.039651 0.263484
vt 0.049318 0.230578
vt 0.153000 0.282102
vt 0.154438 0.262770
vt 0.191706 0.271374
vt 0.446874 0.214732
vt 0.459181 0.221753
vt 0.110090 0.218648
vt 0.123395 0.248806
vt 0.141182 0.219011
vt 0.028902 0.271469
vt 0.034437 0.279239
vt 0.989698 0.012017
vt 0.034824 0.251974
vt 0.025637 0.263770
vt 0.039603 0.228358
vt 0.421983 0.187693
vt 0.432573 0.197962
vt 0.221076 0.242473
vt 0.803576 0.983163
vt 0.797583 0.979135
vt 0.803718 0.979107
vt 0.799809 0.985875
vt 0.385898 0.159768
vt 0.357727 0.251938
vt 0.032225 0.242557
vt 0.417577 0.176378
vt 0.039193 0.217215
vt 0.091064 0.747809
vt 0.091064 0.646888
vt 0.096029 0.715298
vt 0.128176 0.002893
vt 0.095288 0.002893
vt 0.129324 0.000108
vt 0.958623 0.979675
vt 0.994854 0.982373
vt 0.586671 0.118852
vt 0.552477 0.121413
vt 0.497371 0.115475
vt 0.388374 0.160123
vt 0.484562 0.160123
vt 0.407361 0.169042
vt 0.994244 0.986447
vt 0.398248 0.107927
vt 0.416540 0.103068
vt 0.433255 0.104531
vt 0.131855 0.260032
vt 0.097886 0.250917
vt 0.115012 0.246873
vt 0.052737 0.226211
vt 0.110471 0.226824
vt 0.484693 0.106217
vt 0.443193 0.100677
vt 0.516340 0.122511
vt 0.713421 0.018694
vt 0.749018 0.024327
vt 0.722263 0.023800
vt 0.749540 0.020288
vt 0.960145 0.988309
vt 0.552477 0.111606
vt 0.783827 0.020616
vt 0.611121 0.786666
vt 0.520881 0.780324
vt 0.554633 0.765633
vt 0.810877 0.773815
vt 0.812915 0.762305
vt 0.815066 0.775359
vt 0.798140 0.219376
vt 0.802896 0.220215
vt 0.794710 0.228693
vt 0.797524 0.219172
vt 0.782569 0.220600
vt 0.806275 0.771157
vt 0.805888 0.761431
vt 0.803864 0.679426
vt 0.811397 0.680993
vt 0.805108 0.738661
vt 0.801162 0.734976
vt 0.775517 0.714608
vt 0.737558 0.706843
vt 0.737329 0.699367
vt 0.004165 0.292768
vt 0.009354 0.322192
vt 0.002653 0.338548
vt 0.799123 0.781178
vt 0.778888 0.738486
vt 0.804269 0.677051
vt 0.859368 0.736016
vt 0.851754 0.768249
vt 0.848602 0.728496
vt 0.861996 0.776446
vt 0.862850 0.699337
vt 0.864043 0.309202
vt 0.828114 0.298217
vt 0.894523 0.313792
vt 0.904131 0.323459
vt 0.830854 0.683304
vt 0.814504 0.736431
vt 0.786974 0.744061
vt 0.913348 0.322494
vt 0.910038 0.318951
vt 0.203103 0.005195
vt 0.211395 0.015434
vt 0.198310 0.013126
vt 0.992344 0.871314
vt 0.988182 0.868826
vt 0.993162 0.850243
vt 0.494431 0.759555
vt 0.515531 0.757117
vt 0.513788 0.766373
vt 0.498811 0.771472
vt 0.555053 0.753103
vt 0.777261 0.238165
vt 0.784959 0.252526
vt 0.755188 0.274497
vt 0.759386 0.214345
vt 0.755142 0.232657
vt 0.701356 0.213747
vt 0.824343 0.776142
vt 0.823446 0.761519
vt 0.838791 0.764059
vt 0.835947 0.777802
vt 0.203462 0.026321
vt 0.068105 0.975229
vt 0.076023 0.986127
vt 0.068049 0.987252
vt 0.846996 0.773930
vt 0.810014 0.287616
vt 0.888754 0.291346
vt 0.851195 0.681078
vt 0.832683 0.731712
vt 0.367974 0.977652
vt 0.367974 0.994333
vt 0.359390 0.983340
vt 0.752603 0.989889
vt 0.749421 0.980096
vt 0.757333 0.978595
vt 0.893396 0.255331
vt 0.906723 0.296872
vt 0.989300 0.847145
vt 0.719636 0.272970
vt 0.994309 0.806390
vt 0.989953 0.803523
vt 0.752674 0.717166
vt 0.801051 0.231947
vt 0.731999 0.709251
vt 0.769426 0.704879
vt 0.501566 0.783628
vt 0.647833 0.846163
vt 0.664170 0.800093
vt 0.691362 0.843535
vt 0.632821 0.825469
vt 0.711711 0.836519
vt 0.701410 0.833328
vt 0.682171 0.785304
vt 0.048015 0.922512
vt 0.024879 0.954248
vt 0.034792 0.932639
vt 0.024693 0.945062
vt 0.022852 0.969433
vt 0.017625 0.942722
vt 0.004011 0.934302
vt 0.670984 0.785124
vt 0.625762 0.800098
vt 0.612150 0.770032
vt 0.836915 0.133663
vt 0.880875 0.142462
vt 0.887363 0.182031
vt 0.810363 0.148805
vt 0.824305 0.135518
vt 0.817866 0.160764
vt 0.680588 0.769593
vt 0.017955 0.126328
vt 0.052834 0.147396
vt 0.014199 0.175466
vt 0.019860 0.103674
vt 0.950216 0.880884
vt 0.951951 0.864131
vt 0.953314 0.882805
vt 0.944550 0.896386
vt 0.946366 0.890490
vt 0.952667 0.849068
vt 0.956612 0.834311
vt 0.962045 0.849097
vt 0.946342 0.831478
vt 0.604423 0.846715
vt 0.599444 0.806353
vt 0.803586 0.125631
vt 0.852932 0.124622
vt 0.986415 0.839068
vt 0.795479 0.179227
vt 0.960073 0.864979
vt 0.011891 0.958046
vt 0.968606 0.859077
vt 0.851098 0.169051
vt 0.288371 0.497876
vt 0.311102 0.373262
vt 0.306534 0.492925
vt 0.437070 0.006333
vt 0.445483 0.004457
vt 0.457699 0.005525
vt 0.420770 0.004474
vt 0.310544 0.128920
vt 0.319800 0.123790
vt 0.295033 0.146627
vt 0.413530 0.006172
vt 0.322490 0.112082
vt 0.874193 0.974040
vt 0.882855 0.975242
vt 0.886197 0.977171
vt 0.873544 0.977435
vt 0.273773 0.183566
vt 0.314241 0.153837
vt 0.297289 0.512265
vt 0.326210 0.518756
vt 0.325031 0.523318
vt 0.318284 0.523226
vt 0.292766 0.518097
vt 0.252756 0.547198
vt 0.392726 0.002171
vt 0.047677 0.895742
vt 0.047994 0.899521
vt 0.340928 0.534632
vt 0.076313 0.885273
vt 0.066657 0.883795
vt 0.907347 0.976613
vt 0.050658 0.868700
vt 0.051250 0.865797
vt 0.367548 0.144378
vt 0.341943 0.138333
vt 0.363739 0.179014
vt 0.025249 0.879699
vt 0.068661 0.888652
vt 0.078803 0.891515
vt 0.345043 0.531039
vt 0.046202 0.839487
vt 0.329413 0.115152
vt 0.334400 0.536661
vt 0.077553 0.887540
vt 0.037395 0.921893
vt 0.068258 0.878923
vt 0.069004 0.890551
vt 0.548659 0.978091
vt 0.555707 0.978248
vt 0.555980 0.984333
vt 0.549339 0.984919
vt 0.543514 0.972143
vt 0.550486 0.974670
vt 0.036305 0.800990
vt 0.040953 0.804827
vt 0.039031 0.806990
vt 0.993504 0.062330
vt 0.996437 0.073141
vt 0.993504 0.069294
vt 0.990056 0.059874
vt 0.993828 0.057191
vt 0.034815 0.803794
vt 0.026839 0.793037
vt 0.524361 0.199536
vt 0.524634 0.212821
vt 0.492045 0.232402
vt 0.532073 0.207169
vt 0.537404 0.197657
vt 0.751973 0.522744
vt 0.758482 0.597140
vt 0.734132 0.517655
vt 0.538449 0.220609
vt 0.552718 0.226999
vt 0.535442 0.232996
vt 0.531886 0.214732
vt 0.542838 0.215882
vt 0.551914 0.220403
vt 0.536470 0.212493
vt 0.728242 0.532631
vt 0.727230 0.513287
vt 0.692458 0.549049
vt 0.467792 0.236981
vt 0.024184 0.795452
vt 0.015613 0.808647
vt 0.011675 0.787894
vt 0.030912 0.808517
vt 0.024188 0.810453
vt 0.992101 0.054266
vt 0.996018 0.054551
vt 0.558056 0.992213
vt 0.551819 0.990521
vt 0.557732 0.989210
vt 0.996813 0.826714
vt 0.995607 0.823503
vt 0.995924 0.082803
vt 0.032435 0.776536
vt 0.031590 0.814734
vt 0.035268 0.811534
vt 0.558131 0.975163
vt 0.028426 0.814635
vt 0.026114 0.816446
vt 0.998778 0.819748
vt 0.999766 0.807054
vt 0.545800 0.180228
vt 0.537584 0.203757
vt 0.759268 0.499846
vt 0.747328 0.504377
vt 0.732713 0.509129
vt 0.731164 0.506447
vt 0.738454 0.507556
vt 0.998960 0.804064
vt 0.018727 0.810968
vt 0.000067 0.818261
vt 0.743160 0.498698
vt 0.719359 0.502420
vt 0.542419 0.995341
vt 0.995568 0.811105
vt 0.998429 0.822187
vt 0.997732 0.807795
vt 0.752235 0.488403
vt 0.280216 0.291518
vt 0.298620 0.288853
vt 0.306903 0.290313
vt 0.162467 0.383531
vt 0.161364 0.356839
vt 0.168443 0.351882
vt 0.170469 0.429887
vt 0.277818 0.289518
vt 0.373832 0.600096
vt 0.319252 0.598381
vt 0.322486 0.591042
vt 0.650795 0.533331
vt 0.650102 0.505542
vt 0.652446 0.478749
vt 0.649231 0.531825
vt 0.278414 0.598525
vt 0.294617 0.594688
vt 0.652684 0.437912
vt 0.650938 0.453116
vt 0.185864 0.363867
vt 0.297394 0.578239
vt 0.271833 0.590915
vt 0.343603 0.554481
vt 0.178726 0.293608
vt 0.204540 0.289096
vt 0.995673 0.556654
vt 0.995673 0.531390
vt 0.997824 0.553581
vt 0.404505 0.593358
vt 0.230043 0.282712
vt 0.257376 0.282730
vt 0.284231 0.287056
vt 0.203696 0.283082
vt 0.204384 0.274849
vt 0.229206 0.276422
vt 0.257032 0.276922
vt 0.256254 0.274560
vt 0.307685 0.279795
vt 0.283584 0.281065
vt 0.264565 0.743437
vt 0.220057 0.768722
vt 0.650697 0.478517
vt 0.161309 0.485036
vt 0.647967 0.554084
vt 0.229660 0.274354
vt 0.308018 0.285764
vt 0.155145 0.786675
vt 0.282515 0.273175
vt 0.200045 0.731084
vt 0.038156 0.860372
vt 0.042267 0.864526
vt 0.037444 0.864413
vt 0.038766 0.856359
vt 0.042739 0.860600
vt 0.562764 0.616732
vt 0.573668 0.612704
vt 0.586341 0.615495
vt 0.564587 0.612678
vt 0.001082 0.859028
vt 0.037898 0.866384
vt 0.000237 0.864979
vt 0.544377 0.618421
vt 0.556303 0.614814
vt 0.540468 0.631539
vt 0.903143 0.393016
vt 0.895912 0.392000
vt 0.910212 0.383178
vt 0.008151 0.534857
vt 0.005270 0.545612
vt 0.011199 0.508394
vt 0.556828 0.610243
vt 0.547540 0.612165
vt 0.021324 0.290244
vt 0.015059 0.284987
vt 0.022468 0.288889
vt 0.025965 0.292043
vt 0.545764 0.609111
vt 0.604111 0.672093
vt 0.570421 0.634487
vt 0.012769 0.504607
vt 0.041319 0.866215
vt 0.010942 0.504979
vt 0.873087 0.411593
vt 0.879289 0.408004
vt 0.880075 0.413121
vt 0.666580 0.986275
vt 0.666226 0.990313
vt 0.663245 0.986275
vt 0.663343 0.982198
vt 0.666602 0.982314
vt 0.674210 0.990299
vt 0.591147 0.598129
vt 0.048473 0.284245
vt 0.031577 0.290492
vt 0.039347 0.286226
vt 0.686604 0.980650
vt 0.674309 0.982128
vt 0.026677 0.290134
vt 0.663950 0.979527
vt 0.668284 0.980223
vt 0.663293 0.981807
vt 0.042141 0.854238
vt 0.042784 0.856522
vt 0.037321 0.854303
vt 0.031362 0.289075
vt 0.000723 0.854624
vt 0.019667 0.852476
vt 0.028848 0.854013
vt 0.903882 0.372833
vt 0.663071 0.990226
vt 0.667763 0.992167
vt 0.663432 0.992459
vt 0.999880 0.103437
vt 0.997618 0.103437
vt 0.997640 0.099164
vt 0.618201 0.551519
vt 0.623114 0.670545
vt 0.676402 0.991918
vt 0.008841 0.501182
vt 0.010066 0.500391
vt 0.002739 0.495409
vt 0.846166 0.405117
vt 0.873744 0.320741
vt 0.542616 0.610119
vt 0.676575 0.979677
vt 0.880201 0.418128
vt 0.434601 0.150212
vt 0.399227 0.150938
vt 0.399227 0.118900
vt 0.681383 0.338739
vt 0.704482 0.319357
vt 0.710781 0.425454
vt 0.414272 0.159438
vt 0.645398 0.429354
vt 0.645728 0.381348
vt 0.656980 0.430518
vt 0.472605 0.156440
vt 0.471205 0.124194
vt 0.276596 0.062782
vt 0.208647 0.062782
vt 0.424548 0.116700
vt 0.384824 0.156565
vt 0.670532 0.421803
vt 0.835928 0.007081
vt 0.901940 0.007081
vt 0.883290 0.014930
vt 0.269528 0.037268
vt 0.263512 0.927608
vt 0.236055 0.944182
vt 0.185712 0.955804
vt 0.099164 0.926556
vt 0.180659 0.912187
vt 0.203487 0.928734
vt 0.951992 0.361651
vt 0.962574 0.352905
vt 0.961688 0.360520
vt 0.966433 0.341307
vt 0.951277 0.370929
vt 0.904564 0.344303
vt 0.978377 0.328590
vt 0.971683 0.340516
vt 0.975669 0.313621
vt 0.999314 0.643435
vt 0.999314 0.665720
vt 0.998185 0.659665
vt 0.447190 0.296995
vt 0.378835 0.269536
vt 0.416987 0.282895
vt 0.704257 0.018245
vt 0.697012 0.022977
vt 0.660884 0.021715
vt 0.450383 0.295625
vt 0.714465 0.053477
vt 0.703191 0.031799
vt 0.709788 0.023572
vt 0.730811 0.058246
vt 0.673648 0.065508
vt 0.712210 0.018631
vt 0.717293 0.026471
vt 0.450784 0.311503
vt 0.452939 0.314442
vt 0.451108 0.317146
vt 0.449697 0.307675
vt 0.448089 0.306137
vt 0.451974 0.306485
vt 0.449574 0.314782
vt 0.468621 0.287311
vt 0.480368 0.278130
vt 0.506108 0.267204
vt 0.462877 0.311720
vt 0.993457 0.396806
vt 0.990209 0.357914
vt 0.241745 0.958835
vt 0.663282 0.081805
vt 0.488911 0.297796
vt 0.466867 0.314683
vt 0.968905 0.375179
vt 0.967365 0.374727
vt 0.253438 0.947486
vt 0.974275 0.347521
vt 0.971585 0.351108
vt 0.967868 0.346492
vt 0.972826 0.345520
vt 0.940333 0.306632
vt 0.961575 0.322349
vt 0.459515 0.315491
vt 0.454447 0.323015
vt 0.453335 0.330232
vt 0.451847 0.338098
vt 0.989034 0.404467
vt 0.967517 0.354122
vt 0.461464 0.319451
vt 0.449470 0.327178
vt 0.924618 0.283651
vt 0.688634 0.549304
vt 0.684656 0.631564
vt 0.675915 0.650309
vt 0.973724 0.540310
vt 0.977752 0.542636
vt 0.976325 0.612767
vt 0.479652 0.956280
vt 0.394783 0.948855
vt 0.494161 0.947172
vt 0.690268 0.663802
vt 0.770991 0.319318
vt 0.772498 0.276144
vt 0.788354 0.376120
vt 0.185622 0.067436
vt 0.227230 0.064092
vt 0.267104 0.067136
vt 0.785575 0.271704
vt 0.793318 0.277149
vt 0.813301 0.344387
vt 0.608035 0.044296
vt 0.587321 0.038746
vt 0.620603 0.040666
vt 0.662304 0.042513
vt 0.226080 0.070976
vt 0.337857 0.249191
vt 0.350212 0.242153
vt 0.353365 0.254599
vt 0.321937 0.243707
vt 0.306101 0.241515
vt 0.307212 0.236510
vt 0.339543 0.255013
vt 0.406712 0.346735
vt 0.319850 0.247710
vt 0.600339 0.841130
vt 0.614051 0.868606
vt 0.597273 0.882206
vt 0.511749 0.100224
vt 0.511749 0.105879
vt 0.465293 0.102594
vt 0.551216 0.101181
vt 0.437653 0.410123
vt 0.451029 0.426064
vt 0.618817 0.900241
vt 0.630438 0.894443
vt 0.629648 0.913298
vt 0.610181 0.910687
vt 0.447659 0.310909
vt 0.450769 0.417748
vt 0.428519 0.550595
vt 0.412345 0.407253
vt 0.411626 0.371001
vt 0.620889 0.867305
vt 0.545487 0.104919
vt 0.632982 0.832453
vt 0.647899 0.898798
vt 0.614083 0.930428
vt 0.604946 0.919063
vt 0.618186 0.928477
vt 0.025964 0.968946
vt 0.025624 0.964086
vt 0.038805 0.967559
vt 0.962715 0.760842
vt 0.961658 0.747969
vt 0.966913 0.749308
vt 0.335448 0.271327
vt 0.333034 0.266631
vt 0.340335 0.269318
vt 0.960551 0.721109
vt 0.966580 0.684381
vt 0.550460 0.912921
vt 0.588142 0.908598
vt 0.058116 0.943980
vt 0.065680 0.966915
vt 0.033479 0.960707
vt 0.030996 0.950017
vt 0.049735 0.922500
vt 0.097928 0.957121
vt 0.641520 0.907168
vt 0.544420 0.959641
vt 0.653215 0.906785
vt 0.293174 0.236179
vt 0.411628 0.358854
vt 0.408629 0.366931
vt 0.414870 0.360671
vt 0.654642 0.903373
vt 0.397663 0.346462
vt 0.381886 0.340527
vt 0.567102 0.883838
vt 0.373768 0.285582
vt 0.356350 0.266549
vt 0.365925 0.262809
vt 0.341049 0.262509
vt 0.025133 0.962570
vt 0.406175 0.237328
vt 0.436114 0.293795
vt 0.428494 0.328480
vt 0.413190 0.318340
vt 0.415905 0.408041
vt 0.592649 0.959641
vt 0.592154 0.976326
vt 0.333658 0.637801
vt 0.348380 0.635804
vt 0.325944 0.682137
vt 0.314986 0.599435
vt 0.314854 0.684207
vt 0.712885 0.106042
vt 0.690331 0.110260
vt 0.726962 0.097726
vt 0.651450 0.103248
vt 0.491467 0.957003
vt 0.505422 0.919150
vt 0.507917 0.921726
vt 0.788182 0.782256
vt 0.821394 0.781583
vt 0.821394 0.869231
vt 0.786903 0.818595
vt 0.440524 0.645736
vt 0.372884 0.644818
vt 0.364887 0.639322
vt 0.802464 0.880248
vt 0.780908 0.846168
vt 0.300734 0.064472
vt 0.309161 0.069338
vt 0.279697 0.067550
vt 0.775002 0.825386
vt 0.279137 0.065058
vt 0.328144 0.065740
vt 0.339367 0.682672
vt 0.360994 0.609136
vt 0.350624 0.679021
vt 0.247644 0.063729
vt 0.770902 0.794133
vt 0.717399 0.110378
vt 0.733743 0.102185
vt 0.528620 0.892148
vt 0.592074 0.958777
vt 0.692437 0.102437
vt 0.515815 0.894156
vt 0.685449 0.074193
vt 0.758062 0.050600
vt 0.760274 0.114482
vt 0.833608 0.228185
vt 0.861321 0.245928
vt 0.842813 0.244129
vt 0.564258 0.987710
vt 0.559476 0.976218
vt 0.564258 0.976524
vt 0.994435 0.142472
vt 0.994985 0.153645
vt 0.982238 0.151853
vt 0.982893 0.140070
vt 0.991620 0.138110
vt 0.559304 0.988264
vt 0.490038 0.982478
vt 0.484866 0.982026
vt 0.491121 0.977613
vt 0.031078 0.009761
vt 0.027437 0.039041
vt 0.019393 0.013558
vt 0.032792 0.003565
vt 0.033744 0.027315
vt 0.858082 0.256233
vt 0.843663 0.252391
vt 0.830850 0.255741
vt 0.778031 0.181328
vt 0.819498 0.180191
vt 0.771996 0.209872
vt 0.054029 0.768404
vt 0.063582 0.752623
vt 0.085377 0.762517
vt 0.015826 0.042251
vt 0.029292 0.043459
vt 0.065465 0.710996
vt 0.060007 0.734274
vt 0.055984 0.737551
vt 0.859223 0.180677
vt 0.989569 0.164932
vt 0.981594 0.161979
vt 0.040267 0.037435
vt 0.039862 0.025311
vt 0.834412 0.260003
vt 0.820439 0.277538
vt 0.045868 0.035876
vt 0.283307 0.971367
vt 0.283307 0.955597
vt 0.288479 0.958075
vt 0.978085 0.133613
vt 0.986022 0.169538
vt 0.050235 0.785752
vt 0.036684 0.728392
vt 0.995555 0.805736
vt 0.995555 0.788561
vt 0.999443 0.801519
vt 0.968997 0.166388
vt 0.000655 0.007620
vt 0.484950 0.968497
vt 0.007979 0.034531
vt 0.048400 0.758537
vt 0.575538 0.701928
vt 0.607436 0.688608
vt 0.589117 0.709768
vt 0.839957 0.430007
vt 0.867836 0.432446
vt 0.838848 0.432185
vt 0.732982 0.972644
vt 0.748578 0.974009
vt 0.730603 0.974325
vt 0.747320 0.972353
vt 0.825616 0.430039
vt 0.705068 0.970647
vt 0.643769 0.348849
vt 0.638793 0.405733
vt 0.638326 0.345023
vt 0.644703 0.377821
vt 0.588999 0.718054
vt 0.580415 0.709497
vt 0.820624 0.441387
vt 0.820761 0.436392
vt 0.839775 0.441696
vt 0.822900 0.442572
vt 0.867626 0.437164
vt 0.891076 0.442435
vt 0.839720 0.436833
vt 0.865013 0.443515
vt 0.410509 0.963819
vt 0.398830 0.962797
vt 0.437341 0.960869
vt 0.872012 0.430511
vt 0.842302 0.428756
vt 0.602111 0.306768
vt 0.615296 0.327283
vt 0.594917 0.342893
vt 0.618012 0.312723
vt 0.758664 0.972248
vt 0.601492 0.730982
vt 0.836041 0.444416
vt 0.647204 0.326543
vt 0.645918 0.335755
vt 0.643514 0.335030
vt 0.638297 0.711273
vt 0.631859 0.691673
vt 0.646753 0.678801
vt 0.910655 0.433395
vt 0.647074 0.776715
vt 0.644033 0.314258
vt 0.623121 0.676468
vt 0.467103 0.960643
vt 0.910741 0.445682
vt 0.644151 0.423597
vt 0.586682 0.672945
vt 0.641383 0.659003
vt 0.637506 0.774752
vt 0.744846 0.897066
vt 0.699278 0.906336
vt 0.730174 0.874472
vt 0.675511 0.892341
vt 0.684597 0.903438
vt 0.670575 0.901610
vt 0.714467 0.872695
vt 0.012766 0.628219
vt 0.001307 0.644583
vt 0.003260 0.621497
vt 0.256089 0.244463
vt 0.247880 0.243888
vt 0.257203 0.242678
vt 0.288940 0.224113
vt 0.267939 0.237741
vt 0.259403 0.181793
vt 0.232495 0.171810
vt 0.201806 0.169000
vt 0.228118 0.164869
vt 0.678029 0.908579
vt 0.663174 0.904065
vt 0.009193 0.593035
vt 0.671412 0.908507
vt 0.224600 0.238571
vt 0.253718 0.239517
vt 0.695849 0.849458
vt 0.711984 0.844081
vt 0.711805 0.855970
vt 0.682240 0.912886
vt 0.216072 0.164742
vt 0.688256 0.910498
vt 0.751233 0.863967
vt 0.987157 0.666977
vt 0.985789 0.653893
vt 0.993400 0.653227
vt 0.750608 0.854930
vt 0.002809 0.608408
vt 0.724344 0.842568
vt 0.725936 0.849176
vt 0.712393 0.836988
vt 0.984518 0.638480
vt 0.202604 0.210352
vt 0.000756 0.621437
vt 0.000240 0.635165
vt 0.983588 0.654372
vt 0.986170 0.669674
vt 0.735565 0.847321
vt 0.995640 0.848290
vt 0.995640 0.834552
vt 0.539003 0.002403
vt 0.525779 0.001290
vt 0.569768 0.001404
vt 0.638462 0.859803
vt 0.996856 0.836158
vt 0.538845 0.000598
vt 0.591173 0.847755
vt 0.571625 0.860028
vt 0.575781 0.854594
vt 0.733092 0.454849
vt 0.775819 0.380843
vt 0.733740 0.462303
vt 0.787670 0.402403
vt 0.784061 0.382573
vt 0.440505 0.826358
vt 0.379362 0.822082
vt 0.436552 0.777500
vt 0.397413 0.866098
vt 0.412617 0.870017
vt 0.372364 0.873826
vt 0.432684 0.859917
vt 0.510593 0.841169
vt 0.583771 0.841197
vt 0.546070 0.845679
vt 0.561567 0.859626
vt 0.537818 0.858453
vt 0.541280 0.857073
vt 0.594200 0.871187
vt 0.437747 0.867612
vt 0.541122 0.855660
vt 0.559386 0.856819
vt 0.522281 0.852349
vt 0.541110 0.851499
vt 0.523711 0.857310
vt 0.578529 0.844260
vt 0.743156 0.487091
vt 0.741119 0.466032
vt 0.758670 0.475430
vt 0.363424 0.865047
vt 0.485839 0.868505
vt 0.790170 0.471469
vt 0.754131 0.452303
vt 0.468578 0.858140
vt 0.496505 0.862727
vt 0.914013 0.411437
vt 0.934480 0.437711
vt 0.907754 0.413098
vt 0.925915 0.395472
vt 0.932224 0.385444
vt 0.935646 0.393621
vt 0.930478 0.405193
vt 0.922131 0.408967
vt 0.916299 0.398729
vt 0.921088 0.383075
vt 0.013115 0.961704
vt 0.016824 0.971225
vt 0.011842 0.970652
vt 0.202324 0.683414
vt 0.327441 0.685598
vt 0.278059 0.690040
vt 0.619140 0.973805
vt 0.611853 0.980502
vt 0.619232 0.970666
vt 0.000420 0.980617
vt 0.010181 0.970172
vt 0.007351 0.957178
vt 0.001002 0.981102
vt 0.909621 0.402785
vt 0.904298 0.418046
vt 0.004472 0.985492
vt 0.002832 0.982637
vt 0.016044 0.979366
vt 0.984664 0.220138
vt 0.996687 0.247389
vt 0.975989 0.240889
vt 0.999999 0.219622
vt 0.929737 0.376048
vt 0.000035 0.988294
vt 0.037484 0.980810
vt 0.917203 0.379700
vt 0.940141 0.358329
vt 0.978369 0.614067
vt 0.988322 0.604906
vt 0.986067 0.211841
vt 0.999370 0.158053
vt 0.998247 0.157618
vt 0.999404 0.144398
vt 0.998095 0.144098
vt 0.942239 0.437912
vt 0.927655 0.420111
vt 0.870667 0.419312
vt 0.928342 0.438069
vt 0.967156 0.620916
vt 0.262809 0.695275
vt 0.223705 0.694420
vt 0.935396 0.418806
vt 0.398987 0.694699
vt 0.273850 0.694699
vt 0.616089 0.995317
vt 0.987444 0.622971
vt 0.626266 0.975192
vt 0.625791 0.986201
vt 0.359788 0.685492
vt 0.967441 0.633213
vt 0.375524 0.986199
vt 0.382030 0.991840
vt 0.374338 0.992921
vt 0.382497 0.980261
vt 0.369298 0.992214
vt 0.369268 0.992183
vt 0.369586 0.976810
vt 0.443100 0.563203
vt 0.471112 0.557684
vt 0.471543 0.562873
vt 0.035473 0.682023
vt 0.038639 0.688076
vt 0.032197 0.687933
vt 0.028074 0.673959
vt 0.048362 0.681650
vt 0.476224 0.541442
vt 0.487644 0.552051
vt 0.484881 0.556254
vt 0.471692 0.550784
vt 0.446581 0.547208
vt 0.446908 0.543927
vt 0.476439 0.536571
vt 0.493232 0.554346
vt 0.487989 0.548714
vt 0.492600 0.549927
vt 0.494518 0.554029
vt 0.996126 0.952662
vt 0.999872 0.952662
vt 0.997274 0.957793
vt 0.370730 0.993926
vt 0.394218 0.985004
vt 0.394138 0.965085
vt 0.396750 0.974152
vt 0.397615 0.988696
vt 0.389825 0.992876
vt 0.394978 0.993539
vt 0.378814 0.492909
vt 0.393984 0.482404
vt 0.386375 0.501644
vt 0.374771 0.434119
vt 0.382300 0.452476
vt 0.379216 0.463797
vt 0.065973 0.667254
vt 0.064255 0.656628
vt 0.723209 0.000100
vt 0.722686 0.002573
vt 0.700470 0.000630
vt 0.417418 0.556417
vt 0.482656 0.540674
vt 0.990064 0.027664
vt 0.994996 0.030624
vt 0.990064 0.032513
vt 0.417243 0.964076
vt 0.426679 0.964076
vt 0.422137 0.990902
vt 0.410869 0.502355
vt 0.392211 0.467705
vt 0.423968 0.518460
vt 0.996901 0.038154
vt 0.996835 0.046017
vt 0.990493 0.039675
vt 0.034129 0.617988
vt 0.681993 0.001971
vt 0.688816 0.000764
vt 0.687371 0.004402
vt 0.033941 0.693168
vt 0.397124 0.994395
vt 0.996121 0.053377
vt 0.990574 0.051360
vt 0.996929 0.051212
vt 0.356694 0.339364
vt 0.390058 0.459622
vt 0.384204 0.458687
vt 0.389878 0.462462
vt 0.391242 0.460386
vt 0.480865 0.507046
vt 0.498040 0.452890
vt 0.352920 0.547579
vt 0.485955 0.568621
vt 0.699460 0.003969
vt 0.027262 0.970600
vt 0.044944 0.973378
vt 0.044944 0.978935
vt 0.431929 0.066032
vt 0.463375 0.073520
vt 0.443317 0.077896
vt 0.459881 0.053238
vt 0.429304 0.045694
vt 0.848446 0.989640
vt 0.827986 0.989640
vt 0.851783 0.979569
vt 0.845151 0.995169
vt 0.480749 0.071658
vt 0.474770 0.085981
vt 0.483259 0.073451
vt 0.066785 0.987880
vt 0.043973 0.984966
vt 0.065498 0.978772
vt 0.804678 0.004426
vt 0.765598 0.002987
vt 0.766406 0.001077
vt 0.806046 0.995457
vt 0.809993 0.989388
vt 0.805188 0.002804
vt 0.184835 0.002481
vt 0.151594 0.002481
vt 0.425636 0.057689
vt 0.601104 0.840330
vt 0.489441 0.840330
vt 0.600429 0.822001
vt 0.426163 0.086958
vt 0.409208 0.102380
vt 0.841789 0.959911
vt 0.825716 0.958775
vt 0.066183 0.972691
vt 0.066082 0.970666
vt 0.005147 0.387953
vt 0.008448 0.350231
vt 0.011361 0.397143
vt 0.814626 0.958520
vt 0.027299 0.987809
vt 0.485239 0.100718
vt 0.446896 0.090719
vt 0.061158 0.258908
vt 0.130437 0.260890
vt 0.191077 0.000020
vt 0.084629 0.250366
vt 0.121572 0.584882
vt 0.153099 0.647938
vt 0.147285 0.680910
vt 0.354806 0.244076
vt 0.331815 0.222922
vt 0.346878 0.215214
vt 0.344940 0.196176
vt 0.358945 0.205378
vt 0.323434 0.173909
vt 0.996577 0.485670
vt 0.996577 0.459302
vt 0.999921 0.462603
vt 0.297450 0.232088
vt 0.279112 0.193072
vt 0.013409 0.442814
vt 0.001598 0.447112
vt 0.002147 0.429138
vt 0.155837 0.629087
vt 0.324271 0.165612
vt 0.278884 0.181269
vt 0.323674 0.160126
vt 0.358001 0.179977
vt 0.359760 0.190977
vt 0.117260 0.708844
vt 0.372157 0.198974
vt 0.377445 0.182978
vt 0.335592 0.838130
vt 0.366935 0.840872
vt 0.257877 0.847315
vt 0.010539 0.397810
vt 0.159750 0.709766
vt 0.366847 0.852715
vt 0.997978 0.190764
vt 0.997978 0.206935
vt 0.997519 0.195440
vt 0.167382 0.642727
vt 0.023393 0.460770
vt 0.022855 0.487069
vt 0.021202 0.485820
vt 0.151394 0.623780
vt 0.156911 0.594790
vt 0.021658 0.467470
vt 0.024321 0.431390
vt 0.165443 0.571265
vt 0.221452 0.913160
vt 0.245305 0.909867
vt 0.215880 0.923769
vt 0.196052 0.908865
vt 0.210672 0.894206
vt 0.156051 0.518680
vt 0.166320 0.499151
vt 0.161814 0.521542
vt 0.164693 0.544668
vt 0.160511 0.544356
vt 0.154768 0.535814
vt 0.142793 0.495780
vt 0.820957 0.332556
vt 0.839873 0.318349
vt 0.837499 0.324795
vt 0.820794 0.337113
vt 0.157817 0.543096
vt 0.156388 0.567762
vt 0.148670 0.592379
vt 0.896429 0.023349
vt 0.898513 0.009662
vt 0.939415 0.022260
vt 0.261402 0.917927
vt 0.266220 0.910194
vt 0.272219 0.930405
vt 0.258837 0.921083
vt 0.298502 0.933962
vt 0.295178 0.866153
vt 0.236980 0.868814
vt 0.255304 0.847178
vt 0.807661 0.355116
vt 0.805741 0.369456
vt 0.794496 0.387935
vt 0.218367 0.834520
vt 0.141957 0.622905
vt 0.140997 0.612719
vt 0.191744 0.935866
vt 0.852517 0.315547
vt 0.853414 0.307670
vt 0.861164 0.320482
vt 0.842340 0.335534
vt 0.800381 0.390757
vt 0.815432 0.396940
vt 0.864800 0.340964
vt 0.994780 0.841074
vt 0.994780 0.910802
vt 0.992714 0.910302
vt 0.197433 0.550857
vt 0.173207 0.543871
vt 0.166325 0.503343
vt 0.816886 0.347372
vt 0.832554 0.397731
vt 0.824477 0.412190
vt 0.870320 0.403788
vt 0.164054 0.570059
vt 0.999072 0.099008
vt 0.999927 0.097175
vt 0.999862 0.100924
vt 0.167165 0.569610
vt 0.160562 0.569115
vt 0.807541 0.322219
vt 0.137735 0.497027
vt 0.830255 0.332826
vt 0.157874 0.598719
vt 0.154511 0.568283
vt 0.811285 0.326148
vt 0.875339 0.363673
vt 0.873491 0.025356
vt 0.771104 0.150534
vt 0.792897 0.177446
vt 0.743349 0.185735
vt 0.739316 0.134314
vt 0.809787 0.150685
vt 0.478763 0.479665
vt 0.427096 0.451612
vt 0.453844 0.424864
vt 0.438972 0.474545
vt 0.477854 0.441475
vt 0.992383 0.136828
vt 0.987217 0.131875
vt 0.989813 0.122184
vt 0.995775 0.121206
vt 0.092116 0.768128
vt 0.110826 0.766908
vt 0.110826 0.771108
vt 0.092251 0.775721
vt 0.072558 0.766199
vt 0.141791 0.764049
vt 0.497037 0.437913
vt 0.498580 0.396638
vt 0.503247 0.405092
vt 0.504838 0.413807
vt 0.789700 0.139278
vt 0.786951 0.126517
vt 0.428276 0.487912
vt 0.422425 0.456686
vt 0.423431 0.486230
vt 0.458048 0.482703
vt 0.132028 0.775676
vt 0.111086 0.775222
vt 0.992645 0.790203
vt 0.994082 0.773776
vt 0.997503 0.173062
vt 0.998551 0.158604
vt 0.987303 0.106294
vt 0.994039 0.804791
vt 0.508540 0.513543
vt 0.990537 0.067115
vt 0.989512 0.096466
vt 0.999297 0.290718
vt 0.999297 0.320087
vt 0.998202 0.303113
vt 0.715216 0.166281
vt 0.717852 0.175497
vt 0.764790 0.207973
vt 0.987669 0.402782
vt 0.987947 0.450145
vt 0.704933 0.161224
vt 0.703970 0.149726
vt 0.724201 0.113016
vt 0.144050 0.765572
vt 0.995605 0.666332
vt 0.995605 0.645324
vt 0.996391 0.659799
vt 0.996740 0.309428
vt 0.996740 0.279867
vt 0.767241 0.111187
vt 0.475137 0.381905
vt 0.992748 0.754989
vt 0.708309 0.168304
vt 0.994348 0.794722
vt 0.999496 0.171390
vt 0.995981 0.087430
vt 0.989820 0.414981
vt 0.997757 0.288445
vt 0.992849 0.802151
vt 0.453561 0.003044
vt 0.419289 0.003273
vt 0.415977 0.001729
vt 0.393536 0.062052
vt 0.391022 0.066612
vt 0.380955 0.050588
vt 0.385568 0.042908
vt 0.392167 0.053019
vt 0.399053 0.078872
vt 0.397193 0.067878
vt 0.805739 0.007702
vt 0.822882 0.012618
vt 0.794101 0.019433
vt 0.768108 0.783748
vt 0.759578 0.823876
vt 0.735440 0.759384
vt 0.406636 0.093704
vt 0.401354 0.081263
vt 0.880908 0.995268
vt 0.846456 0.995073
vt 0.329236 0.962201
vt 0.342928 0.962845
vt 0.346851 0.963895
vt 0.401918 0.096314
vt 0.787037 0.034675
vt 0.809857 0.044430
vt 0.675828 0.557002
vt 0.675143 0.588437
vt 0.398127 0.962854
vt 0.366693 0.963554
vt 0.375186 0.962068
vt 0.772913 0.768201
vt 0.751065 0.730972
vt 0.976330 0.405369
vt 0.975203 0.400716
vt 0.976289 0.389704
vt 0.386346 0.065385
vt 0.393396 0.081249
vt 0.976773 0.421653
vt 0.975260 0.413226
vt 0.395275 0.087301
vt 0.874794 0.019129
vt 0.838745 0.046445
vt 0.848409 0.010354
vt 0.407870 0.002285
vt 0.835608 0.008199
vt 0.746537 0.715894
vt 0.387373 0.037753
vt 0.823141 0.049559
vt 0.784179 0.754817
vt 0.785820 0.777310
vt 0.673357 0.670612
vt 0.674780 0.608279
vt 0.396807 0.081079
vt 0.975842 0.462722
vt 0.764100 0.736129
vt 0.827933 0.061190
vt 0.836464 0.074839
vt 0.357667 0.962635
vt 0.359247 0.038302
vt 0.827491 0.007814
vt 0.863280 0.993726
vt 0.680320 0.581044
vt 0.386909 0.073312
vt 0.381291 0.058883
vt 0.072384 0.182054
vt 0.064070 0.166202
vt 0.078582 0.167801
vt 0.329648 0.851607
vt 0.324996 0.895964
vt 0.307546 0.887324
vt 0.494141 0.618320
vt 0.460474 0.627704
vt 0.471911 0.609339
vt 0.071436 0.686145
vt 0.060724 0.702266
vt 0.077404 0.668517
vt 0.080285 0.668956
vt 0.068621 0.704098
vt 0.064935 0.704248
vt 0.353667 0.929358
vt 0.349342 0.941048
vt 0.341357 0.936933
vt 0.347444 0.923298
vt 0.368903 0.926130
vt 0.650726 0.216631
vt 0.694472 0.216742
vt 0.666724 0.218031
vt 0.417197 0.586286
vt 0.364789 0.631963
vt 0.380927 0.610742
vt 0.410875 0.598294
vt 0.837773 0.086189
vt 0.830015 0.123990
vt 0.805080 0.089690
vt 0.821215 0.078699
vt 0.304296 0.889766
vt 0.052672 0.709664
vt 0.054548 0.679717
vt 0.466829 0.563815
vt 0.473356 0.591532
vt 0.404462 0.617729
vt 0.425855 0.625222
vt 0.324154 0.917707
vt 0.324970 0.946292
vt 0.330369 0.931230
vt 0.339191 0.918336
vt 0.488365 0.599898
vt 0.103936 0.097585
vt 0.097315 0.129248
vt 0.076282 0.150342
vt 0.071365 0.665284
vt 0.761027 0.078611
vt 0.710201 0.217913
vt 0.643734 0.218086
vt 0.609959 0.217695
vt 0.484171 0.583263
vt 0.441364 0.633784
vt 0.331818 0.890187
vt 0.052642 0.106558
vt 0.053970 0.165141
vt 0.761992 0.107899
vt 0.801544 0.123594
vt 0.085397 0.645514
vt 0.392552 0.930990
vt 0.369714 0.922269
vt 0.427699 0.738816
vt 0.414231 0.726382
vt 0.448455 0.721677
vt 0.404358 0.749523
vt 0.469959 0.756184
vt 0.031503 0.180380
vt 0.017361 0.184500
vt 0.014605 0.178203
vt 0.897245 0.992753
vt 0.852129 0.992753
vt 0.852797 0.979233
vt 0.465993 0.722169
vt 0.481945 0.742023
vt 0.483648 0.760645
vt 0.478770 0.723242
vt 0.485875 0.733546
vt 0.486267 0.744650
vt 0.492259 0.759869
vt 0.969654 0.353842
vt 0.973817 0.351901
vt 0.970734 0.362730
vt 0.999720 0.437401
vt 0.999547 0.445486
vt 0.995501 0.443427
vt 0.028486 0.280248
vt 0.020316 0.281551
vt 0.027046 0.275091
vt 0.017313 0.197040
vt 0.013478 0.194136
vt 0.021206 0.187447
vt 0.997809 0.433225
vt 0.970115 0.250238
vt 0.993867 0.282930
vt 0.975902 0.294034
vt 0.448266 0.712854
vt 0.033375 0.181192
vt 0.999996 0.460722
vt 0.459729 0.368951
vt 0.455788 0.362223
vt 0.465850 0.352162
vt 0.474493 0.346270
vt 0.470674 0.337204
vt 0.007650 0.176864
vt 0.002394 0.171444
vt 0.002529 0.160139
vt 0.004982 0.185978
vt 0.000642 0.184546
vt 0.008796 0.188427
vt 0.980783 0.312276
vt 0.981292 0.328444
vt 0.977232 0.315714
vt 0.985816 0.326884
vt 0.981559 0.338560
vt 0.977382 0.334651
vt 0.986439 0.335522
vt 0.977795 0.345052
vt 0.969866 0.425988
vt 0.508541 0.412188
vt 0.017256 0.271113
vt 0.001354 0.275074
vt 0.489811 0.714806
vt 0.497635 0.710148
vt 0.487669 0.721675
vt 0.496671 0.708307
vt 0.513601 0.693082
vt 0.462653 0.323908
vt 0.508694 0.281659
vt 0.991753 0.334977
vt 0.480391 0.716218
vt 0.480972 0.332295
vt 0.000529 0.265287
vt 0.014163 0.264722
vt 0.083870 0.917116
vt 0.137996 0.959823
vt 0.096099 0.944582
vt 0.064880 0.279152
vt 0.054259 0.349662
vt 0.056101 0.932563
vt 0.946550 0.944581
vt 0.938096 0.920026
vt 0.991869 0.958913
vt 0.064600 0.312313
vt 0.886306 0.445425
vt 0.893702 0.546571
vt 0.871590 0.538339
vt 0.896916 0.489830
vt 0.087124 0.952458
vt 0.836047 0.977373
vt 0.872808 0.975991
vt 0.839422 0.514640
vt 0.833091 0.489438
vt 0.453451 0.039182
vt 0.528540 0.039182
vt 0.490833 0.044359
vt 0.407940 0.043106
vt 0.448782 0.039533
vt 0.483005 0.045009
vt 0.821538 0.512849
vt 0.604393 0.116405
vt 0.652272 0.112710
vt 0.989208 0.110443
vt 0.995337 0.090055
vt 0.977353 0.468345
vt 0.814440 0.498488
vt 0.035170 0.291764
vt 0.836047 0.974603
vt 0.562335 0.112725
vt 0.996285 0.120550
vt 0.977353 0.541159
vt 0.969621 0.510935
vt 0.967261 0.527344
vt 0.943790 0.547605
vt 0.938223 0.519226
vt 0.972742 0.488610
vt 0.968002 0.434421
vt 0.974470 0.415342
vt 0.358660 0.507084
vt 0.351765 0.490292
vt 0.358981 0.498572
vt 0.283647 0.974709
vt 0.287903 0.963015
vt 0.288639 0.976955
vt 0.923655 0.176167
vt 0.925107 0.185173
vt 0.920067 0.188083
vt 0.890592 0.750447
vt 0.895674 0.757981
vt 0.882496 0.754651
vt 0.995652 0.829178
vt 0.999846 0.825659
vt 0.999478 0.840674
vt 0.355677 0.474791
vt 0.327892 0.473589
vt 0.377967 0.491809
vt 0.471046 0.985449
vt 0.458704 0.979518
vt 0.464100 0.966164
vt 0.089619 0.632847
vt 0.095474 0.632847
vt 0.090874 0.646276
vt 0.458901 0.991315
vt 0.096677 0.605151
vt 0.316581 0.475616
vt 0.308756 0.493739
vt 0.307876 0.481371
vt 0.314128 0.464381
vt 0.455917 0.970965
vt 0.960009 0.587793
vt 0.939251 0.553077
vt 0.327244 0.453672
vt 0.316205 0.458752
vt 0.321111 0.449666
vt 0.922544 0.535860
vt 0.906633 0.544191
vt 0.322553 0.387574
vt 0.326350 0.432912
vt 0.314869 0.323331
vt 0.059539 0.605107
vt 0.063989 0.562147
vt 0.061843 0.630821
vt 0.921025 0.213881
vt 0.925856 0.260551
vt 0.902131 0.534615
vt 0.924236 0.519882
vt 0.894590 0.797537
vt 0.885055 0.772273
vt 0.910346 0.859858
vt 0.124064 0.985249
vt 0.124064 0.970229
vt 0.132064 0.975475
vt 0.254498 0.928019
vt 0.076269 0.561677
vt 0.069131 0.632222
vt 0.101122 0.629844
vt 0.098703 0.640983
vt 0.002571 0.106801
vt 0.008773 0.117012
vt 0.007479 0.064579
vt 0.100015 0.559827
vt 0.089770 0.561159
vt 0.063165 0.644717
vt 0.102416 0.606225
vt 0.100799 0.559892
vt 0.103042 0.639645
vt 0.322334 0.443477
vt 0.833527 0.811960
vt 0.939338 0.481242
vt 0.896671 0.542499
vt 0.246970 0.979366
vt 0.242627 0.987890
vt 0.238773 0.974591
vt 0.354352 0.447284
vt 0.331051 0.437309
vt 0.179290 0.938588
vt 0.176718 0.957924
vt 0.007633 0.083539
vt 0.031446 0.085746
vt 0.436611 0.874465
vt 0.454641 0.933440
vt 0.366867 0.874753
vt 0.911054 0.814235
vt 0.923128 0.812106
vt 0.910587 0.853823
vt 0.924273 0.782532
vt 0.906473 0.815543
vt 0.912454 0.782251
vt 0.906650 0.773913
vt 0.937119 0.774014
vt 0.952847 0.578187
vt 0.951047 0.584905
vt 0.949072 0.576943
vt 0.956119 0.584319
vt 0.941512 0.812258
vt 0.944953 0.814794
vt 0.942504 0.853920
vt 0.941354 0.790381
vt 0.944705 0.777253
vt 0.933384 0.854401
vt 0.935769 0.814042
vt 0.362767 0.898457
vt 0.960078 0.620931
vt 0.966174 0.628452
vt 0.966174 0.666710
vt 0.083685 0.000030
vt 0.116916 0.000030
vt 0.086821 0.002471
vt 0.965038 0.588918
vt 0.966885 0.596911
vt 0.659528 0.991453
vt 0.655166 0.993972
vt 0.652970 0.979567
vt 0.921447 0.854075
vt 0.938475 0.918328
vt 0.989463 0.870525
vt 0.011257 0.482703
vt 0.002899 0.494639
vt 0.002250 0.479281
vt 0.952172 0.616434
vt 0.956381 0.619742
vt 0.953377 0.654673
vt 0.907159 0.780075
vt 0.996118 0.898276
vt 0.996118 0.888117
vt 0.999880 0.892432
vt 0.661187 0.979515
vt 0.994991 0.959389
vt 0.009410 0.445331
vt 0.287727 0.095289
vt 0.278190 0.102248
vt 0.263872 0.098142
vt 0.864474 0.689556
vt 0.856433 0.674518
vt 0.871232 0.697179
vt 0.881976 0.729261
vt 0.844973 0.674857
vt 0.325086 0.097090
vt 0.540051 0.091344
vt 0.567253 0.050585
vt 0.556121 0.093033
vt 0.586653 0.038606
vt 0.576320 0.066257
vt 0.569254 0.074036
vt 0.883315 0.705022
vt 0.870233 0.678033
vt 0.875062 0.677973
vt 0.887599 0.703395
vt 0.878561 0.706042
vt 0.592932 0.956480
vt 0.629680 0.965363
vt 0.643445 0.981767
vt 0.863462 0.680284
vt 0.871624 0.653963
vt 0.879985 0.649468
vt 0.298906 0.110465
vt 0.280034 0.002445
vt 0.235328 0.006356
vt 0.214213 0.000147
vt 0.876841 0.628439
vt 0.863025 0.658328
vt 0.863288 0.649565
vt 0.825220 0.674142
vt 0.806145 0.675068
vt 0.561321 0.092322
vt 0.552056 0.106553
vt 0.025709 0.078579
vt 0.052637 0.105318
vt 0.496889 0.065795
vt 0.952825 0.724515
vt 0.955778 0.707770
vt 0.955287 0.731695
vt 0.952913 0.707535
vt 0.882105 0.650272
vt 0.877477 0.676209
vt 0.956969 0.683723
vt 0.894705 0.627917
vt 0.953526 0.677454
vt 0.954956 0.661650
vt 0.997468 0.606140
vt 0.995536 0.584060
vt 0.952485 0.655498
vt 0.227691 0.114654
vt 0.274560 0.150668
vt 0.644686 0.954702
vt 0.277664 0.170844
vt 0.052830 0.046257
vt 0.531272 0.038519
vt 0.235282 0.103556
vt 0.998461 0.582454
vt 0.548527 0.303345
vt 0.552746 0.372335
vt 0.543335 0.374857
vt 0.729679 0.942924
vt 0.691479 0.942806
vt 0.691479 0.931095
vt 0.726236 0.954742
vt 0.730646 0.930464
vt 0.758188 0.944112
vt 0.756782 0.954242
vt 0.790307 0.920757
vt 0.762286 0.920031
vt 0.770704 0.909439
vt 0.741611 0.912928
vt 0.727566 0.919961
vt 0.685431 0.919703
vt 0.690141 0.954284
vt 0.757077 0.959089
vt 0.720605 0.959736
vt 0.061097 0.530690
vt 0.085749 0.462958
vt 0.754067 0.928508
vt 0.168595 0.014892
vt 0.157244 0.008339
vt 0.190944 0.007619
vt 0.126715 0.011789
vt 0.688981 0.925206
vt 0.145044 0.020431
vt 0.127186 0.015646
vt 0.160872 0.016823
vt 0.179732 0.018945
vt 0.780032 0.889193
vt 0.554714 0.425519
vt 0.718751 0.277580
vt 0.716404 0.286337
vt 0.766103 0.825616
vt 0.781953 0.861366
vt 0.674528 0.958915
vt 0.191474 0.014086
vt 0.052590 0.501739
vt 0.087480 0.550549
vt 0.718573 0.224360
vt 0.715967 0.332418
vt 0.300669 0.870344
vt 0.299828 0.856318
vt 0.302766 0.858447
vt 0.303197 0.871952
vt 0.023595 0.343788
vt 0.060533 0.370295
vt 0.041485 0.364368
vt 0.024717 0.352587
vt 0.007057 0.568363
vt 0.005473 0.584366
vt 0.003226 0.560400
vt 0.369770 0.100484
vt 0.376561 0.092436
vt 0.389757 0.101336
vt 0.354403 0.092375
vt 0.006672 0.546350
vt 0.010419 0.588588
vt 0.008307 0.237181
vt 0.010560 0.231929
vt 0.018374 0.233830
vt 0.013423 0.237642
vt 0.117337 0.439526
vt 0.123869 0.439917
vt 0.123869 0.448330
vt 0.112605 0.443902
vt 0.003768 0.235981
vt 0.112988 0.438724
vt 0.016057 0.345418
vt 0.018441 0.359943
vt 0.113197 0.492680
vt 0.120922 0.559775
vt 0.109625 0.447356
vt 0.026866 0.218646
vt 0.022739 0.218497
vt 0.025529 0.195626
vt 0.006377 0.595549
vt 0.002587 0.597722
vt 0.022292 0.230577
vt 0.301823 0.850518
vt 0.135897 0.448972
vt 0.130818 0.449425
vt 0.137427 0.443033
vt 0.360919 0.076553
vt 0.379431 0.078205
vt 0.392139 0.093887
vt 0.003388 0.230446
vt 0.996171 0.784163
vt 0.999327 0.781953
vt 0.998820 0.795792
vt 0.000648 0.235332
vt 0.997698 0.778495
vt 0.400474 0.097125
vt 0.397719 0.098791
vt 0.395714 0.090713
vt 0.017404 0.341841
vt 0.109905 0.440872
vt 0.063962 0.375481
vt 0.024615 0.399325
vt 0.041283 0.380187
vt 0.130358 0.441938
vt 0.233078 0.980729
vt 0.232114 0.987319
vt 0.228422 0.978995
vt 0.237010 0.974659
vt 0.388564 0.078939
vt 0.361612 0.055152
vt 0.304474 0.924718
vt 0.301157 0.933875
vt 0.356214 0.037233
vt 0.018942 0.238591
vt 0.012385 0.199988
vt 0.001784 0.198560
vt 0.014577 0.359187
vt 0.016241 0.379574
vt 0.017393 0.407534
vt 0.902973 0.004319
vt 0.923428 0.004397
vt 0.234139 0.972645
vt 0.935271 0.002983
vt 0.137999 0.462615
vt 0.230503 0.974380
vt 0.902648 0.000606
vt 0.228223 0.967658
vt 0.963731 0.771060
vt 0.963157 0.763320
vt 0.967317 0.751891
vt 0.962482 0.784789
vt 0.966175 0.575728
vt 0.960093 0.610221
vt 0.960983 0.560722
vt 0.105699 0.932601
vt 0.189449 0.929018
vt 0.967483 0.827399
vt 0.599568 0.540334
vt 0.616722 0.519891
vt 0.599445 0.581610
vt 0.999898 0.183656
vt 0.999898 0.199535
vt 0.998601 0.197056
vt 0.964774 0.535560
vt 0.966370 0.531850
vt 0.600800 0.461912
vt 0.053377 0.044155
vt 0.014321 0.079907
vt 0.597596 0.524794
vt 0.597385 0.546272
vt 0.154642 0.955424
vt 0.008154 0.044155
vt 0.171866 0.734518
vt 0.202235 0.723417
vt 0.173973 0.760742
vt 0.159077 0.756280
vt 0.813202 0.496135
vt 0.791147 0.501222
vt 0.833710 0.476203
vt 0.765311 0.546773
vt 0.754084 0.536583
vt 0.785674 0.517056
vt 0.053118 0.433644
vt 0.052633 0.398384
vt 0.054356 0.424046
vt 0.054921 0.439796
vt 0.107394 0.593117
vt 0.112533 0.573940
vt 0.112563 0.593851
vt 0.104688 0.612788
vt 0.105225 0.592933
vt 0.163952 0.708425
vt 0.199689 0.699194
vt 0.054491 0.458240
vt 0.053084 0.487059
vt 0.052724 0.465645
vt 0.777616 0.553634
vt 0.814765 0.564933
vt 0.759251 0.527523
vt 0.776490 0.516729
vt 0.172538 0.640458
vt 0.119837 0.561249
vt 0.118297 0.634608
vt 0.115847 0.641857
vt 0.119265 0.599659
vt 0.128639 0.731274
vt 0.197087 0.670859
vt 0.202814 0.689859
vt 0.767753 0.475299
vt 0.770925 0.479230
vt 0.777089 0.489548
vt 0.105670 0.573697
vt 0.107990 0.555394
vt 0.813699 0.576003
vt 0.798531 0.574731
vt 0.781411 0.579228
vt 0.244547 0.738221
vt 0.213383 0.722261
vt 0.112111 0.615411
vt 0.110647 0.649175
vt 0.786470 0.504357
vt 0.780405 0.493653
vt 0.823160 0.534881
vt 0.828254 0.554377
vt 0.816667 0.515176
vt 0.103275 0.659713
vt 0.832298 0.572341
vt 0.207107 0.706416
vt 0.221931 0.726569
vt 0.113466 0.337400
vt 0.110083 0.315960
vt 0.112964 0.299622
vt 0.117895 0.340530
vt 0.749706 0.663677
vt 0.729568 0.681414
vt 0.748934 0.649613
vt 0.135236 0.337451
vt 0.141744 0.311645
vt 0.778936 0.650084
vt 0.784889 0.659997
vt 0.776640 0.674806
vt 0.777603 0.611638
vt 0.121519 0.382934
vt 0.116915 0.379233
vt 0.129217 0.272285
vt 0.148502 0.299164
vt 0.729977 0.644177
vt 0.741435 0.641549
vt 0.725727 0.661225
vt 0.717156 0.662872
vt 0.712860 0.647431
vt 0.744185 0.625849
vt 0.737824 0.615151
vt 0.689883 0.617775
vt 0.703446 0.588689
vt 0.691001 0.633298
vt 0.690388 0.657424
vt 0.703076 0.657694
vt 0.781187 0.693904
vt 0.769203 0.697805
vt 0.705159 0.610327
vt 0.705783 0.652297
vt 0.704054 0.653167
vt 0.153068 0.316524
vt 0.689414 0.543406
vt 0.161992 0.327564
vt 0.162053 0.306801
vt 0.941767 0.989826
vt 0.919963 0.979659
vt 0.959476 0.989428
vt 0.689976 0.634303
vt 0.751172 0.607868
vt 0.767617 0.602590
vt 0.741594 0.598045
vt 0.152488 0.363499
vt 0.781612 0.589838
vt 0.129590 0.393548
vt 0.954332 0.979697
vt 0.093729 0.389051
vt 0.107943 0.353870
vt 0.098146 0.450695
vt 0.084189 0.374725
vt 0.066133 0.394082
vt 0.052568 0.378909
vt 0.363350 0.697405
vt 0.362141 0.776673
vt 0.335370 0.731958
vt 0.344825 0.772085
vt 0.316895 0.729587
vt 0.128022 0.421156
vt 0.057876 0.463038
vt 0.298398 0.763458
vt 0.285769 0.788838
vt 0.097463 0.370207
vt 0.427588 0.782531
vt 0.031383 0.771291
vt 0.017644 0.769453
vt 0.024298 0.766260
vt 0.021831 0.780143
vt 0.016276 0.782410
vt 0.032696 0.733485
vt 0.035775 0.743523
vt 0.028087 0.740860
vt 0.037891 0.735398
vt 0.035915 0.768555
vt 0.025702 0.734468
vt 0.003822 0.745096
vt 0.015090 0.757560
vt 0.004484 0.781678
vt 0.125642 0.261714
vt 0.124453 0.265443
vt 0.108602 0.273047
vt 0.105500 0.345089
vt 0.076513 0.287007
vt 0.103891 0.290485
vt 0.112482 0.288852
vt 0.999288 0.409096
vt 0.996391 0.409096
vt 0.999105 0.391440
vt 0.024988 0.765172
vt 0.018573 0.748372
vt 0.020452 0.743525
vt 0.008121 0.788171
vt 0.002104 0.784881
vt 0.999818 0.381427
vt 0.996180 0.391160
vt 0.997510 0.380299
vt 0.011144 0.786967
vt 0.015065 0.738685
vt 0.018411 0.737063
vt 0.451634 0.984972
vt 0.449732 0.985476
vt 0.450896 0.973583
vt 0.225205 0.267174
vt 0.205957 0.248212
vt 0.237143 0.250873
vt 0.210902 0.268481
vt 0.218022 0.273380
vt 0.448936 0.969456
vt 0.462646 0.962498
vt 0.460668 0.965390
vt 0.041783 0.748086
vt 0.044465 0.784774
vt 0.033794 0.756470
vt 0.081951 0.272631
vt 0.072050 0.268103
vt 0.066246 0.261963
vt 0.095903 0.276442
vt 0.085835 0.278558
vt 0.134855 0.263436
vt 0.115309 0.278572
vt 0.196829 0.256121
vt 0.243588 0.265475
vt 0.291827 0.235812
vt 0.988060 0.458543
vt 0.074558 0.277498
vt 0.991319 0.429929
vt 0.100369 0.280727
vt 0.310424 0.276944
vt 0.433302 0.963554
vt 0.436859 0.968988
vt 0.989049 0.474937
vt 0.992931 0.477524
vt 0.512493 0.712828
vt 0.550072 0.749721
vt 0.541086 0.753664
vt 0.531842 0.702938
vt 0.997535 0.688660
vt 0.997535 0.666517
vt 0.999964 0.667023
vt 0.004202 0.668694
vt 0.006803 0.638959
vt 0.006612 0.690705
vt 0.543980 0.961143
vt 0.568576 0.969264
vt 0.545068 0.971688
vt 0.936839 0.988932
vt 0.921648 0.989492
vt 0.906326 0.986791
vt 0.895112 0.812998
vt 0.896809 0.908864
vt 0.843668 0.886468
vt 0.845598 0.836192
vt 0.819049 0.887463
vt 0.825081 0.856692
vt 0.995602 0.880306
vt 0.995602 0.869569
vt 0.999395 0.877139
vt 0.928928 0.992229
vt 0.905264 0.993477
vt 0.922533 0.990515
vt 0.835596 0.835455
vt 0.896985 0.991702
vt 0.896078 0.989992
vt 0.573653 0.639454
vt 0.575050 0.760746
vt 0.566444 0.975826
vt 0.906373 0.979993
vt 0.515454 0.314506
vt 0.505806 0.259680
vt 0.547582 0.274831
vt 0.152345 0.472946
vt 0.149564 0.406831
vt 0.152345 0.424758
vt 0.144420 0.404556
vt 0.147278 0.472832
vt 0.137715 0.421760
vt 0.137619 0.401675
vt 0.139359 0.405808
vt 0.129779 0.001955
vt 0.144647 0.000046
vt 0.707596 0.309567
vt 0.691969 0.318589
vt 0.706040 0.255992
vt 0.605193 0.241404
vt 0.571588 0.233876
vt 0.593118 0.232879
vt 0.556613 0.237762
vt 0.138835 0.383325
vt 0.582635 0.231767
vt 0.561158 0.233182
vt 0.716217 0.259712
vt 0.714150 0.331575
vt 0.153272 0.494785
vt 0.148224 0.494999
vt 0.716109 0.244723
vt 0.511144 0.244688
vt 0.665416 0.252836
vt 0.152054 0.403245
vt 0.148960 0.382896
vt 0.151415 0.388664
vt 0.164868 0.000637
vt 0.143178 0.495103
vt 0.475347 0.237520
vt 0.138212 0.421803
vt 0.139852 0.493677
vt 0.157028 0.510551
vt 0.716275 0.220701
vt 0.149857 0.001443
vt 0.996171 0.938064
vt 0.998827 0.943760
vt 0.996185 0.945877
vt 0.902152 0.224759
vt 0.872287 0.266120
vt 0.864371 0.263548
vt 0.904301 0.204676
vt 0.027904 0.540858
vt 0.034324 0.558478
vt 0.027499 0.560053
vt 0.018054 0.534330
vt 0.780778 0.046059
vt 0.802708 0.045178
vt 0.787321 0.060090
vt 0.780376 0.055680
vt 0.861186 0.203762
vt 0.882155 0.285983
vt 0.837318 0.077525
vt 0.774856 0.077799
vt 0.869241 0.270956
vt 0.863014 0.271138
vt 0.022189 0.553139
vt 0.016115 0.538164
vt 0.777772 0.059358
vt 0.036589 0.536432
vt 0.040842 0.555998
vt 0.028792 0.514476
vt 0.763482 0.078383
vt 0.772310 0.067082
vt 0.644445 0.958023
vt 0.649009 0.964161
vt 0.645061 0.965071
vt 0.645888 0.954763
vt 0.649202 0.957191
vt 0.989610 0.548717
vt 0.989610 0.525419
vt 0.991803 0.553421
vt 0.989384 0.565512
vt 0.042378 0.552199
vt 0.885777 0.003248
vt 0.891237 0.001205
vt 0.901937 0.003092
vt 0.867963 0.003797
vt 0.876907 0.001773
vt 0.028071 0.570066
vt 0.991210 0.574950
vt 0.987686 0.579187
vt 0.988851 0.574772
vt 0.990456 0.581135
vt 0.996732 0.909720
vt 0.996242 0.902667
vt 0.998815 0.903310
vt 0.038029 0.568451
vt 0.043496 0.564110
vt 0.031106 0.569275
vt 0.649200 0.970898
vt 0.045416 0.561115
vt 0.995517 0.899185
vt 0.999981 0.900140
vt 0.842559 0.277881
vt 0.824563 0.274291
vt 0.646138 0.971726
vt 0.997558 0.926771
vt 0.996024 0.922975
vt 0.999974 0.918152
vt 0.999285 0.096143
vt 0.997713 0.098016
vt 0.997719 0.094580
vt 0.867448 0.001646
vt 0.648267 0.954198
vt 0.648953 0.974267
vt 0.996102 0.965279
vt 0.996102 0.961185
vt 0.999396 0.964301
vt 0.052809 0.557467
vt 0.040912 0.532275
vt 0.053480 0.527069
vt 0.061890 0.553980
vt 0.061374 0.574944
vt 0.033684 0.583720
vt 0.049551 0.558638
vt 0.545767 0.021675
vt 0.546384 0.024221
vt 0.539903 0.024788
vt 0.563641 0.020735
vt 0.558135 0.023306
vt 0.269734 0.768436
vt 0.260864 0.779279
vt 0.251836 0.768519
vt 0.277881 0.767110
vt 0.068099 0.549518
vt 0.998842 0.250123
vt 0.996426 0.278980
vt 0.057618 0.527305
vt 0.094823 0.559624
vt 0.036169 0.517088
vt 0.042313 0.514711
vt 0.038816 0.535410
vt 0.323572 0.805676
vt 0.245322 0.804153
vt 0.051705 0.517193
vt 0.048025 0.512939
vt 0.049092 0.509827
vt 0.580410 0.023357
vt 0.464530 0.649029
vt 0.471723 0.641836
vt 0.478775 0.661381
vt 0.496645 0.706600
vt 0.374332 0.709659
vt 0.426975 0.680071
vt 0.207193 0.773566
vt 0.213511 0.789688
vt 0.033307 0.523185
vt 0.032241 0.515312
vt 0.499605 0.700977
vt 0.611172 0.024077
vt 0.446863 0.634013
vt 0.349013 0.006461
vt 0.371122 0.003044
vt 0.393624 0.003044
vt 0.349357 0.004030
vt 0.328237 0.006142
vt 0.337525 0.004367
vt 0.282689 0.770759
vt 0.995655 0.248283
vt 0.070208 0.548718
vt 0.200326 0.088612
vt 0.216677 0.089053
vt 0.216790 0.090348
vt 0.195374 0.435689
vt 0.222535 0.417288
vt 0.231604 0.472618
vt 0.192228 0.480580
vt 0.714109 0.112361
vt 0.717685 0.111289
vt 0.745371 0.111289
vt 0.271805 0.078592
vt 0.217140 0.079221
vt 0.200783 0.079201
vt 0.216657 0.082987
vt 0.484759 0.869391
vt 0.483127 0.908290
vt 0.450898 0.899654
vt 0.272076 0.082684
vt 0.033438 0.290697
vt 0.049821 0.341119
vt 0.272356 0.086446
vt 0.281459 0.087614
vt 0.248051 0.088039
vt 0.494202 0.915125
vt 0.476189 0.911944
vt 0.435243 0.868564
vt 0.280914 0.091977
vt 0.255844 0.091978
vt 0.247524 0.090809
vt 0.218302 0.493034
vt 0.212522 0.486971
vt 0.290624 0.516194
vt 0.683590 0.112103
vt 0.678202 0.113323
vt 0.652828 0.112627
vt 0.255149 0.509098
vt 0.191617 0.508668
vt 0.538744 0.867542
vt 0.207617 0.481516
vt 0.200891 0.082988
vt 0.232946 0.091609
vt 0.212864 0.091126
vt 0.200915 0.090167
vt 0.495227 0.918351
vt 0.201804 0.077554
vt 0.218195 0.077353
vt 0.454251 0.905380
vt 0.194413 0.379753
vt 0.254114 0.077044
vt 0.019714 0.333572
vt 0.217170 0.087019
vt 0.702026 0.498433
vt 0.692639 0.498168
vt 0.701163 0.488454
vt 0.694791 0.507160
vt 0.579554 0.306274
vt 0.579606 0.330898
vt 0.570308 0.327897
vt 0.584308 0.299618
vt 0.593888 0.271805
vt 0.566233 0.346911
vt 0.567370 0.370134
vt 0.563322 0.351398
vt 0.573047 0.345456
vt 0.571283 0.365055
vt 0.563380 0.342107
vt 0.570830 0.337852
vt 0.995673 0.911868
vt 0.999825 0.908961
vt 0.996361 0.918953
vt 0.786517 0.252659
vt 0.767390 0.280930
vt 0.752688 0.290262
vt 0.475551 0.973468
vt 0.560263 0.323851
vt 0.550479 0.322624
vt 0.556313 0.319390
vt 0.558983 0.304542
vt 0.553071 0.325135
vt 0.560721 0.332128
vt 0.689689 0.501557
vt 0.690080 0.515091
vt 0.689434 0.496815
vt 0.691485 0.488819
vt 0.999619 0.916858
vt 0.687126 0.489980
vt 0.583974 0.324848
vt 0.576166 0.338678
vt 0.996115 0.867087
vt 0.998313 0.861048
vt 0.998382 0.872319
vt 0.578449 0.364226
vt 0.564850 0.392527
vt 0.581249 0.350231
vt 0.589155 0.369050
vt 0.595594 0.389632
vt 0.692579 0.521081
vt 0.016516 0.440826
vt 0.681399 0.535926
vt 0.488045 0.954222
vt 0.482521 0.972448
vt 0.482732 0.957749
vt 0.593457 0.375113
vt 0.588885 0.355045
vt 0.018152 0.410313
vt 0.768503 0.326248
vt 0.763845 0.305506
vt 0.786652 0.379657
vt 0.677470 0.561688
vt 0.684346 0.545251
vt 0.583091 0.975558
vt 0.578328 0.985773
vt 0.577989 0.972706
vt 0.582193 0.341673
vt 0.476299 0.957237
vt 0.705721 0.533316
vt 0.926353 0.264381
vt 0.918142 0.325529
vt 0.758603 0.298028
vt 0.768110 0.287159
vt 0.686177 0.473869
vt 0.683439 0.473153
vt 0.679242 0.448817
vt 0.560247 0.275292
vt 0.464431 0.963364
vt 0.473223 0.985748
vt 0.017424 0.465625
vt 0.020002 0.450321
vt 0.774019 0.333755
vt 0.915568 0.241254
vt 0.718600 0.296748
vt 0.479570 0.984891
vt 0.153773 0.975705
vt 0.163370 0.985110
vt 0.155049 0.987843
vt 0.615474 0.281849
vt 0.642205 0.291211
vt 0.619134 0.289902
vt 0.608647 0.290477
vt 0.603847 0.279314
vt 0.641429 0.259171
vt 0.601483 0.285419
vt 0.664075 0.254017
vt 0.669223 0.232261
vt 0.661673 0.324412
vt 0.629887 0.295318
vt 0.672799 0.347529
vt 0.849604 0.904482
vt 0.918872 0.951324
vt 0.877103 0.929243
vt 0.879792 0.911546
vt 0.930286 0.922969
vt 0.912353 0.931813
vt 0.914742 0.907670
vt 0.929685 0.879468
vt 0.225696 0.948785
vt 0.230532 0.946530
vt 0.230191 0.966927
vt 0.928847 0.941603
vt 0.161941 0.346336
vt 0.195084 0.324544
vt 0.190390 0.362940
vt 0.209988 0.315269
vt 0.207285 0.319325
vt 0.201633 0.300374
vt 0.251446 0.292787
vt 0.612740 0.004440
vt 0.569852 0.004440
vt 0.571477 0.000062
vt 0.981143 0.068656
vt 0.968809 0.056567
vt 0.986403 0.026092
vt 0.976385 0.090466
vt 0.969171 0.082428
vt 0.167851 0.298993
vt 0.163180 0.306844
vt 0.159759 0.292146
vt 0.181416 0.301054
vt 0.170372 0.312357
vt 0.163886 0.993516
vt 0.958358 0.726213
vt 0.958937 0.680672
vt 0.623286 0.293986
vt 0.199304 0.305676
vt 0.195407 0.365966
vt 0.687378 0.980150
vt 0.695313 0.980150
vt 0.689790 0.987333
vt 0.639578 0.988275
vt 0.632460 0.990871
vt 0.630947 0.984320
vt 0.617458 0.299357
vt 0.638923 0.980853
vt 0.630032 0.233613
vt 0.618776 0.256850
vt 0.191581 0.303614
vt 0.593333 0.278065
vt 0.599863 0.268633
vt 0.160407 0.995281
vt 0.928946 0.956657
vt 0.927924 0.958251
vt 0.924413 0.959952
vt 0.186996 0.426213
vt 0.923590 0.006675
vt 0.964969 0.006653
vt 0.903466 0.010010
vt 0.627055 0.975112
vt 0.908644 0.950650
vt 0.914547 0.026244
vt 0.966381 0.678960
vt 0.925033 0.014858
vt 0.954580 0.649474
vt 0.962865 0.650171
vt 0.650671 0.002379
vt 0.615839 0.004804
vt 0.629926 0.000564
vt 0.057175 0.366675
vt 0.072997 0.362329
vt 0.092077 0.365693
vt 0.473693 0.001241
vt 0.503696 0.003866
vt 0.458285 0.005762
vt 0.411667 0.787151
vt 0.295186 0.787151
vt 0.384032 0.779632
vt 0.435708 0.023722
vt 0.400319 0.024882
vt 0.366193 0.021897
vt 0.434225 0.019640
vt 0.542022 0.958997
vt 0.493778 0.975845
vt 0.492816 0.963302
vt 0.542701 0.983384
vt 0.596037 0.599273
vt 0.657796 0.547450
vt 0.598579 0.619660
vt 0.494394 0.957992
vt 0.945169 0.847980
vt 0.945305 0.889217
vt 0.934635 0.888284
vt 0.607958 0.000199
vt 0.102412 0.359251
vt 0.038659 0.351565
vt 0.936646 0.921405
vt 0.610538 0.643585
vt 0.004167 0.337319
vt 0.007839 0.338303
vt 0.004469 0.383541
vt 0.378457 0.025009
vt 0.310387 0.025009
vt 0.830032 0.573502
vt 0.848611 0.600446
vt 0.853779 0.659518
vt 0.827001 0.669619
vt 0.859842 0.634289
vt 0.656978 0.663655
vt 0.071042 0.350183
vt 0.595831 0.627263
vt 0.345231 0.019514
vt 0.495822 0.986981
vt 0.734532 0.009290
vt 0.744427 0.007665
vt 0.767688 0.011767
vt 0.801320 0.946899
vt 0.848310 0.957722
vt 0.819106 0.673613
vt 0.815160 0.601158
vt 0.825461 0.601158
vt 0.926984 0.204639
vt 0.926984 0.176240
vt 0.930445 0.204722
vt 0.827741 0.600994
vt 0.825113 0.656833
vt 0.929602 0.260478
vt 0.828823 0.572531
vt 0.995733 0.438203
vt 0.995733 0.409721
vt 0.998765 0.409968
vt 0.111539 0.897078
vt 0.110400 0.900344
vt 0.082984 0.897946
vt 0.772958 0.009110
vt 0.801864 0.934578
vt 0.811180 0.897157
vt 0.848751 0.897676
vt 0.825319 0.571009
vt 0.813998 0.577232
vt 0.083552 0.900818
vt 0.110705 0.908194
vt 0.054827 0.844681
vt 0.035641 0.785634
vt 0.083558 0.908698
vt 0.055303 0.900650
vt 0.054196 0.898114
vt 0.111750 0.915186
vt 0.084177 0.916259
vt 0.054932 0.908677
vt 0.751049 0.925497
vt 0.798628 0.012345
vt 0.801736 0.009909
vt 0.771587 0.938320
vt 0.139901 0.918330
vt 0.832563 0.958271
vt 0.074914 0.798520
vt 0.054939 0.915954
vt 0.788857 0.991444
vt 0.784036 0.974613
vt 0.785255 0.973591
vt 0.905411 0.985785
vt 0.877105 0.985325
vt 0.893133 0.978697
vt 0.246559 0.525835
vt 0.251917 0.548477
vt 0.227691 0.521939
vt 0.246046 0.561216
vt 0.232586 0.597893
vt 0.210815 0.582322
vt 0.222247 0.570213
vt 0.219262 0.532285
vt 0.202304 0.546169
vt 0.205863 0.519728
vt 0.144473 0.089318
vt 0.145389 0.132489
vt 0.998129 0.766836
vt 0.998129 0.748922
vt 0.999870 0.749072
vt 0.172451 0.510316
vt 0.157911 0.114601
vt 0.167841 0.063609
vt 0.165763 0.092502
vt 0.173442 0.086006
vt 0.155181 0.098706
vt 0.997707 0.216695
vt 0.999139 0.200324
vt 0.999792 0.217385
vt 0.281368 0.572824
vt 0.290348 0.571539
vt 0.302477 0.574199
vt 0.200470 0.072486
vt 0.169759 0.600239
vt 0.259791 0.570586
vt 0.232459 0.555685
vt 0.264161 0.547117
vt 0.264777 0.558196
vt 0.283551 0.563060
vt 0.283184 0.580346
vt 0.183368 0.116489
vt 0.198037 0.109158
vt 0.995719 0.760591
vt 0.999779 0.777174
vt 0.178878 0.121251
vt 0.997520 0.173792
vt 0.998979 0.175531
vt 0.998382 0.189390
vt 0.335641 0.964057
vt 0.340469 0.978914
vt 0.115687 0.075650
vt 0.132664 0.120337
vt 0.863473 0.979304
vt 0.289095 0.576926
vt 0.995719 0.778178
vt 0.335369 0.977970
vt 0.789750 0.972538
vt 0.165553 0.156323
vt 0.133971 0.155827
vt 0.147581 0.138551
vt 0.177929 0.173810
vt 0.181933 0.150026
vt 0.993326 0.424804
vt 0.993326 0.448016
vt 0.991666 0.419944
vt 0.079801 0.009961
vt 0.053409 0.018413
vt 0.053525 0.017227
vt 0.992423 0.401409
vt 0.112074 0.169541
vt 0.096062 0.169178
vt 0.098396 0.159858
vt 0.112069 0.150770
vt 0.635971 0.170846
vt 0.640987 0.182661
vt 0.604981 0.159769
vt 0.563518 0.227965
vt 0.570191 0.198222
vt 0.613703 0.210475
vt 0.606486 0.194563
vt 0.566455 0.176471
vt 0.587014 0.168066
vt 0.603924 0.177476
vt 0.041222 0.025273
vt 0.053779 0.021022
vt 0.057560 0.028507
vt 0.058896 0.584413
vt 0.058896 0.646702
vt 0.555317 0.213701
vt 0.551967 0.210056
vt 0.549384 0.189350
vt 0.557041 0.192940
vt 0.557011 0.232427
vt 0.085869 0.025050
vt 0.060507 0.034267
vt 0.087306 0.026804
vt 0.084137 0.017608
vt 0.102876 0.016342
vt 0.105371 0.029559
vt 0.333525 0.979584
vt 0.297237 0.948513
vt 0.544847 0.164846
vt 0.547391 0.186673
vt 0.099375 0.150006
vt 0.095885 0.135043
vt 0.036700 0.004701
vt 0.091704 0.165191
vt 0.037207 0.010775
vt 0.061709 0.037205
vt 0.053479 0.060331
vt 0.104766 0.208593
vt 0.647249 0.201726
vt 0.552573 0.174679
vt 0.045872 0.043290
vt 0.128360 0.137279
vt 0.098933 0.005005
vt 0.153611 0.123072
vt 0.035651 0.617299
vt 0.289287 0.993958
vt 0.061138 0.346368
vt 0.069418 0.283862
vt 0.092465 0.321892
vt 0.297097 0.944326
vt 0.326774 0.963780
vt 0.297132 0.946992
vt 0.268853 0.961779
vt 0.302349 0.936815
vt 0.328615 0.961300
vt 0.280106 0.936978
vt 0.090511 0.646988
vt 0.090511 0.732701
vt 0.154059 0.025601
vt 0.084060 0.033929
vt 0.131753 0.025680
vt 0.012757 0.567625
vt 0.010691 0.567316
vt 0.123374 0.990031
vt 0.119908 0.992114
vt 0.118703 0.967171
vt 0.009754 0.544002
vt 0.978272 0.408060
vt 0.975205 0.362686
vt 0.977867 0.361973
vt 0.111375 0.972272
vt 0.101911 0.948158
vt 0.976282 0.334811
vt 0.789510 0.403963
vt 0.799132 0.395888
vt 0.792293 0.499059
vt 0.818538 0.410666
vt 0.820795 0.463080
vt 0.012021 0.516917
vt 0.103944 0.357458
vt 0.315545 0.894149
vt 0.094839 0.971305
vt 0.101835 0.993813
vt 0.067221 0.971104
vt 0.334949 0.960365
vt 0.065567 0.716551
vt 0.136442 0.033929
vt 0.012698 0.544382
vt 0.307416 0.931539
vt 0.081264 0.991242
vt 0.582440 0.467292
vt 0.581188 0.471147
vt 0.581136 0.466696
vt 0.997449 0.850241
vt 0.997150 0.846157
vt 0.998848 0.846399
vt 0.998814 0.364145
vt 0.997457 0.379648
vt 0.996684 0.350717
vt 0.399267 0.976939
vt 0.412691 0.965675
vt 0.411114 0.990538
vt 0.396833 0.963562
vt 0.399678 0.992496
vt 0.030272 0.196985
vt 0.036028 0.188957
vt 0.040763 0.190680
vt 0.031279 0.188958
vt 0.027533 0.237512
vt 0.028084 0.199347
vt 0.415315 0.989616
vt 0.412794 0.993917
vt 0.404826 0.993171
vt 0.416024 0.981851
vt 0.581684 0.478972
vt 0.573154 0.471455
vt 0.578006 0.471907
vt 0.565022 0.482255
vt 0.561621 0.477477
vt 0.564125 0.471927
vt 0.567652 0.469363
vt 0.036009 0.184700
vt 0.040655 0.186102
vt 0.997241 0.349760
vt 0.997314 0.333173
vt 0.999443 0.332797
vt 0.045199 0.216330
vt 0.042508 0.215661
vt 0.044785 0.199779
vt 0.999052 0.350095
vt 0.416073 0.964549
vt 0.040490 0.817655
vt 0.014658 0.822987
vt 0.031526 0.816074
vt 0.040586 0.828562
vt 0.999913 0.925535
vt 0.999847 0.931899
vt 0.997085 0.929574
vt 0.572606 0.465746
vt 0.577867 0.466411
vt 0.563514 0.463916
vt 0.564403 0.467700
vt 0.014896 0.849174
vt 0.997750 0.838604
vt 0.992420 0.518967
vt 0.990641 0.523854
vt 0.990844 0.514564
vt 0.045872 0.821135
vt 0.999313 0.889801
vt 0.995529 0.881472
vt 0.999313 0.884600
vt 0.042564 0.812550
vt 0.044049 0.191471
vt 0.043988 0.186526
vt 0.045504 0.187521
vt 0.042627 0.199130
vt 0.997618 0.324593
vt 0.999757 0.325007
vt 0.999315 0.320740
vt 0.036709 0.213085
vt 0.031344 0.237051
vt 0.038996 0.903449
vt 0.000523 0.915950
vt 0.988071 0.525073
vt 0.996915 0.881099
vt 0.998481 0.934395
vt 0.999469 0.879584
vt 0.561929 0.467269
vt 0.561661 0.469602
vt 0.560524 0.466724
vt 0.044936 0.867290
vt 0.997610 0.853519
vt 0.999389 0.848632
vt 0.998852 0.860222
vt 0.415835 0.993874
vt 0.583548 0.497203
vt 0.568144 0.584608
vt 0.038921 0.814421
vt 0.989272 0.476427
vt 0.010209 0.900459
vt 0.997546 0.105178
vt 0.999453 0.105278
vt 0.998002 0.109883
vt 0.913623 0.491821
vt 0.911519 0.494327
vt 0.911465 0.492464
vt 0.913469 0.498453
vt 0.997919 0.104224
vt 0.010015 0.568436
vt 0.012121 0.572668
vt 0.010923 0.575237
vt 0.914191 0.490858
vt 0.930800 0.474901
vt 0.919322 0.485466
vt 0.929259 0.473990
vt 0.996946 0.582176
vt 0.995608 0.557394
vt 0.998145 0.568468
vt 0.327060 0.062352
vt 0.347767 0.040058
vt 0.331910 0.062098
vt 0.317208 0.056456
vt 0.968127 0.243266
vt 0.976846 0.310841
vt 0.323131 0.061255
vt 0.277244 0.063556
vt 0.894612 0.545612
vt 0.900668 0.505907
vt 0.900778 0.524035
vt 0.994313 0.750416
vt 0.992874 0.749305
vt 0.807490 0.977392
vt 0.791465 0.979029
vt 0.795666 0.971878
vt 0.906133 0.479202
vt 0.919542 0.468895
vt 0.908019 0.481139
vt 0.904312 0.479692
vt 0.899819 0.471950
vt 0.904099 0.482963
vt 0.905059 0.523207
vt 0.913879 0.522654
vt 0.907131 0.503366
vt 0.814279 0.955461
vt 0.907080 0.492916
vt 0.908293 0.490007
vt 0.903046 0.494627
vt 0.903624 0.490648
vt 0.796433 0.967565
vt 0.792173 0.969310
vt 0.792133 0.965367
vt 0.987188 0.102704
vt 0.988800 0.101773
vt 0.988659 0.106831
vt 0.915411 0.511755
vt 0.352070 0.068546
vt 0.333456 0.077501
vt 0.328934 0.064778
vt 0.011155 0.588608
vt 0.012997 0.619658
vt 0.911543 0.485302
vt 0.905608 0.485304
vt 0.905807 0.487992
vt 0.918771 0.483875
vt 0.922427 0.471510
vt 0.998389 0.561620
vt 0.624264 0.020423
vt 0.568332 0.020423
vt 0.901467 0.496132
vt 0.989316 0.721306
vt 0.970360 0.770690
vt 0.970613 0.711674
vt 0.967663 0.707049
vt 0.759613 0.983430
vt 0.759544 0.940242
vt 0.330303 0.075219
vt 0.759008 0.932028
vt 0.899766 0.493177
vt 0.898169 0.494883
vt 0.993930 0.704474
vt 0.902951 0.481490
vt 0.992681 0.754255
vt 0.988812 0.100818
vt 0.987176 0.100818
vt 0.988226 0.096781
vt 0.968127 0.316513
vt 0.992874 0.738807
vt 0.592198 0.009592
vt 0.989300 0.743641
vt 0.264697 0.302913
vt 0.255821 0.302720
vt 0.260368 0.295414
vt 0.286301 0.313285
vt 0.281686 0.319925
vt 0.260490 0.306898
vt 0.278261 0.295056
vt 0.260263 0.306645
vt 0.508334 0.548405
vt 0.508450 0.598296
vt 0.501026 0.589850
vt 0.970121 0.173566
vt 0.966636 0.212930
vt 0.955423 0.217011
vt 0.981817 0.171882
vt 0.150518 0.994341
vt 0.144340 0.988060
vt 0.151828 0.986912
vt 0.511058 0.675207
vt 0.505653 0.668733
vt 0.514459 0.666571
vt 0.973397 0.239825
vt 0.973963 0.223073
vt 0.978034 0.232778
vt 0.550525 0.411873
vt 0.551889 0.420385
vt 0.543653 0.417387
vt 0.966297 0.237277
vt 0.550269 0.482038
vt 0.545479 0.477433
vt 0.554214 0.437429
vt 0.516194 0.604726
vt 0.516636 0.649507
vt 0.511464 0.643309
vt 0.546264 0.536880
vt 0.511309 0.598196
vt 0.515989 0.549738
vt 0.531248 0.480999
vt 0.531788 0.417373
vt 0.548124 0.432074
vt 0.513224 0.537601
vt 0.514785 0.477050
vt 0.531162 0.536188
vt 0.508317 0.482177
vt 0.516174 0.431017
vt 0.231456 0.380495
vt 0.234466 0.346089
vt 0.508613 0.434991
vt 0.935030 0.242520
vt 0.943782 0.242578
vt 0.931139 0.237697
vt 0.934463 0.215841
vt 0.568500 0.993917
vt 0.568500 0.985165
vt 0.577073 0.993175
vt 0.955748 0.235105
vt 0.520087 0.412801
vt 0.491282 0.657423
vt 0.508210 0.661687
vt 0.979962 0.214593
vt 0.459352 0.628995
vt 0.494269 0.650314
vt 0.144106 0.976198
vt 0.752687 0.011675
vt 0.794897 0.015368
vt 0.749694 0.016839
vt 0.313806 0.347559
vt 0.727864 0.013347
vt 0.237373 0.475672
vt 0.933298 0.170629
vt 0.152042 0.976144
vt 0.576826 0.972307
vt 0.576992 0.984869
vt 0.568987 0.971065
vt 0.229751 0.339688
vt 0.318980 0.291881
vt 0.406010 0.291260
vt 0.233678 0.322227
vt 0.350999 0.333369
vt 0.241984 0.322267
vt 0.236736 0.392793
vt 0.996221 0.606827
vt 0.998276 0.607378
vt 0.997463 0.630292
vt 0.428752 0.748070
vt 0.532729 0.803206
vt 0.434709 0.776098
vt 0.758813 0.977149
vt 0.744955 0.979761
vt 0.705920 0.979761
vt 0.731728 0.975217
vt 0.609710 0.486010
vt 0.611399 0.369136
vt 0.615067 0.466018
vt 0.688030 0.969532
vt 0.652484 0.978473
vt 0.687307 0.928578
vt 0.688273 0.934059
vt 0.588365 0.932350
vt 0.003114 0.916441
vt 0.042909 0.903511
vt 0.031051 0.933908
vt 0.604451 0.366416
vt 0.687466 0.951439
vt 0.590594 0.955363
vt 0.503324 0.005882
vt 0.548201 0.004088
vt 0.447370 0.753030
vt 0.705195 0.979442
vt 0.600041 0.455605
vt 0.507319 0.001121
vt 0.181037 0.981685
vt 0.172205 0.982956
vt 0.172205 0.972735
vt 0.196465 0.983909
vt 0.185006 0.991289
vt 0.181267 0.966561
vt 0.195019 0.955312
vt 0.201100 0.962599
vt 0.195968 0.967268
vt 0.189883 0.959972
vt 0.207202 0.959675
vt 0.208996 0.991146
vt 0.213705 0.981832
vt 0.214454 0.952694
vt 0.212706 0.968987
vt 0.222888 0.962987
vt 0.983350 0.015238
vt 0.925604 0.016412
vt 0.267804 0.391666
vt 0.272544 0.406092
vt 0.262869 0.401326
vt 0.260432 0.384021
vt 0.273452 0.375059
vt 0.285681 0.391268
vt 0.256587 0.393446
vt 0.205724 0.971957
vt 0.181455 0.991448
vt 0.485884 0.965349
vt 0.490178 0.953550
vt 0.490604 0.974414
vt 0.288037 0.376875
vt 0.306515 0.394004
vt 0.286637 0.373818
vt 0.261239 0.372343
vt 0.254618 0.376559
vt 0.263728 0.366644
vt 0.255589 0.412934
vt 0.263551 0.436477
vt 0.244858 0.440844
vt 0.260447 0.420851
vt 0.289705 0.371760
vt 0.273504 0.373302
vt 0.243260 0.318702
vt 0.251591 0.388328
vt 0.218765 0.985608
vt 0.267288 0.432906
vt 0.959741 0.971241
vt 0.902008 0.972934
vt 0.901190 0.963587
vt 0.253688 0.487201
vt 0.913683 0.963034
vt 0.170808 0.951023
vt 0.963740 0.008101
s 1
usemtl Material
f 1369/3311/3053 1370/3312/3054 1371/3313/3055
f 1369/3314/3056 1372/3315/3057 1370/3316/3057
f 453/1064/1009 454/1065/1010 428/1066/1011
f 830/1929/1805 831/1930/1806 832/1931/1807
f 830/1990/1866 845/1991/1867 855/1992/1868
f 830/1990/1866 832/1993/1869 845/1991/1867
f 830/1990/1866 855/1992/1868 831/1994/1870
f 493/1350/1270 554/1351/1271 575/1352/1272
f 493/1290/1217 553/1291/1217 554/1292/1217
f 1076/2675/2478 1106/2676/2479 1114/2677/2480
f 124/269/247 125/270/248 126/271/249
f 124/269/247 127/272/250 125/270/248
f 124/269/247 21/273/251 128/274/252
f 124/269/247 128/274/252 127/272/250
f 124/269/247 126/271/249 21/273/251
f 888/2062/1934 875/2063/1935 874/2064/1936
f 888/2100/1957 891/2101/1958 889/2102/1959
f 888/2094/1956 889/2065/1937 890/2066/1937
f 888/2187/2032 890/2188/2033 875/2189/2033
f 888/2062/1934 874/2064/1936 891/2067/1938
f 623/1720/1615 738/1721/1616 739/1722/1617
f 623/1459/1375 624/1460/1376 625/1461/1377
f 623/1791/1681 625/1723/1618 740/1724/1619
f 623/1720/1615 739/1722/1617 630/1725/1620
f 623/1720/1615 630/1725/1620 624/1726/1621
f 623/1791/1681 740/1724/1619 738/1727/1622
f 1202/2893/2683 1203/2894/2684 1204/2895/2685
f 1202/2893/2683 1205/2896/2686 1203/2894/2684
f 93/176/165 94/177/166 95/178/167
f 93/179/168 96/180/169 56/181/168
f 93/176/165 95/178/167 97/182/170
f 93/179/168 56/181/168 98/183/171
f 93/184/172 97/185/173 96/186/174
f 93/176/165 98/187/175 94/177/166
f 1007/2341/2168 1008/2342/2169 1009/2343/2170
f 1007/2341/2168 1009/2343/2170 1010/2344/2171
f 1399/3401/3133 1400/3402/3133 1401/3403/3134
f 1399/3404/3135 1402/3405/3136 1403/3406/3137
f 1399/3404/3135 1404/3407/3138 1402/3405/3136
f 1399/3401/3133 1405/3408/3139 1400/3402/3133
f 1399/3409/3140 1401/3410/3141 1404/3411/3142
f 1399/3404/3135 1403/3406/3137 1405/3412/3143
f 221/493/464 222/494/465 217/495/466
f 221/493/464 223/496/467 224/497/468
f 221/493/464 218/498/469 223/496/467
f 221/493/464 224/497/468 222/494/465
f 221/493/464 217/495/466 219/499/470
f 221/493/464 219/499/470 218/498/469
f 1070/2555/2367 451/2556/2368 1071/2557/2369
f 687/1557/1470 688/1558/1471 689/1559/1472
f 687/1557/1470 690/1560/1473 688/1558/1471
f 687/1557/1470 689/1559/1472 691/1561/1474
f 687/1557/1470 691/1562/1475 682/1563/1476
f 1239/2974/2759 1240/2975/2760 1241/2976/2761
f 1239/2977/2762 1242/2978/2763 1243/2979/2764
f 1239/2977/2762 1243/2979/2764 1244/2980/2765
f 1239/2977/2762 1241/2981/2766 1245/2982/2767
f 1239/2977/2762 1244/2980/2765 1240/2983/2768
f 1239/2977/2762 1245/2982/2767 1242/2978/2763
f 43/91/78 62/92/79 54/93/80
f 43/94/81 63/95/82 62/96/83
f 43/91/78 54/93/80 41/97/84
f 1042/2449/2264 987/2450/2265 988/2451/2266
f 1042/2449/2264 988/2451/2266 1043/2452/2267
f 577/1353/1273 578/1354/1274 579/1355/1275
f 577/1356/1276 569/1357/1277 580/1358/1278
f 577/1356/1276 576/1359/1279 569/1357/1277
f 577/1353/1273 579/1355/1275 576/1360/1280
f 577/1356/1276 580/1358/1278 578/1361/1281
f 1441/3490/3212 1442/3491/3213 1443/3492/3214
f 1441/3490/3212 1444/3493/3215 1445/3494/3216
f 1441/3490/3212 1445/3494/3216 1446/3495/3217
f 1441/3490/3212 1447/3496/3218 1444/3493/3215
f 1441/3490/3212 1446/3497/3219 1442/3491/3213
f 1441/3490/3212 1443/3492/3214 1447/3496/3218
f 266/651/608 261/652/608 267/653/608
f 266/654/609 267/655/609 286/656/609
f 759/1796/1686 760/1797/1687 761/1798/1688
f 759/1796/1686 761/1798/1688 762/1799/1689
f 759/1796/1686 763/1800/1690 760/1797/1687
f 459/1085/1026 460/1086/1027 461/1087/1028
f 459/1684/1585 462/1685/1586 671/1686/1587
f 459/1088/1029 461/1089/1029 462/1090/1029
f 1325/3205/2958 1326/3206/2959 1327/3207/2960
f 1325/3205/2958 1324/3208/2961 1326/3206/2959
f 1325/3205/2958 1327/3207/2960 1328/3209/2962
f 1325/3205/2958 1328/3209/2962 1324/3208/2961
f 1/771/718 323/772/719 2/773/720
f 1/1/1 2/2/2 3/3/3
f 1/771/718 254/774/721 323/772/719
f 798/1864/1742 799/1865/1743 800/1866/1744
f 463/1091/1030 464/1092/1031 465/1093/1032
f 463/1091/1030 466/1094/1033 464/1092/1031
f 463/1091/1030 465/1093/1032 467/1095/1034
f 463/1091/1030 468/1096/1035 466/1094/1033
f 181/407/379 27/408/380 15/409/381
f 181/465/437 15/466/438 206/467/439
f 928/2190/2034 929/2191/2035 901/2192/2036
f 928/2190/2034 930/2193/2037 929/2191/2035
f 928/2190/2034 901/2192/2036 900/2194/2038
f 928/2190/2034 900/2194/2038 931/2195/2039
f 928/2190/2034 931/2195/2039 930/2193/2037
f 626/1462/1378 617/1463/1379 627/1464/1380
f 1300/3210/2963 1329/3211/2964 1323/3212/2963
f 1300/3213/2965 1330/3214/2966 1329/3215/2967
f 1300/3147/2910 1296/3148/2911 1295/3149/2912
f 1300/3210/2963 1323/3212/2963 1296/3216/2968
f 99/775/722 123/776/723 324/777/724
f 99/778/725 324/779/726 100/780/727
f 99/188/176 100/189/177 101/190/178
f 1057/2506/2321 972/2507/2322 971/2508/2323
f 1057/2506/2321 971/2508/2323 1058/2509/2324
f 1077/2572/2382 1078/2573/2383 1079/2574/2384
f 1077/2575/2385 1080/2576/2386 1078/2573/2383
f 1077/2577/2387 1081/2578/2388 1082/2579/2389
f 1077/2577/2387 1083/2580/2390 1081/2578/2388
f 1077/2572/2382 1079/2574/2384 1083/2581/2391
f 1077/2577/2387 1082/2579/2389 1080/2582/2392
f 1406/3413/3144 1407/3414/3145 1408/3415/3146
f 1406/3571/3292 1408/3572/3292 1448/3573/3292
f 1406/3416/3147 1409/3417/3148 1407/3418/3149
f 1406/3498/3220 1448/3499/3221 1438/3500/3222
f 268/657/610 287/658/611 267/681/632
f 268/684/635 289/685/636 287/686/637
f 268/682/633 264/659/612 288/660/613
f 268/682/633 288/660/613 289/661/614
f 764/1801/1691 765/1802/1692 766/1803/1693
f 764/1801/1691 767/1804/1694 765/1802/1692
f 764/1801/1691 766/1803/1693 768/1805/1695
f 643/1497/1412 644/1498/1413 645/1499/1414
f 1480/3601/3307 1481/3602/3308 1341/3603/3309
f 1480/3601/3307 1437/3604/3310 1439/3605/3311
f 1480/3601/3307 1439/3605/3311 1481/3602/3308
f 1480/3601/3307 1351/3606/3312 1437/3604/3310
f 1480/3601/3307 1341/3603/3309 1351/3606/3312
f 399/938/884 252/939/886 251/940/887
f 399/941/888 251/942/889 240/943/890
f 399/941/888 240/943/890 335/944/891
f 399/938/884 400/945/892 252/939/886
f 945/2237/2073 946/2238/2074 947/2239/2075
f 945/2240/2076 948/2241/2077 949/2242/2078
f 945/2240/2076 949/2242/2078 950/2243/2079
f 945/2298/2127 950/2299/2128 951/2300/2128
f 945/2240/2076 947/2244/2080 948/2241/2077
f 945/2237/2073 951/2245/2081 946/2238/2074
f 508/1176/1105 503/1177/1106 505/1178/1107
f 508/1179/1108 509/1180/1109 510/1181/1110
f 508/1176/1105 505/1178/1107 511/1182/1111
f 508/1247/1176 510/1183/1112 503/1248/1177
f 508/1179/1108 511/1182/1111 512/1184/1113
f 508/1179/1108 512/1184/1113 509/1180/1109
f 1105/2640/2450 1095/2641/2451 1087/2642/2452
f 1105/2640/2450 1106/2643/2453 1095/2641/2451
f 38/275/253 129/276/254 130/277/255
f 856/1995/1871 857/1996/1872 858/1997/1873
f 856/2103/1960 892/2104/1960 904/2105/1960
f 856/2068/1939 858/2069/1939 892/2070/1939
f 741/1728/1623 742/1729/1624 686/1730/1625
f 741/1728/1623 686/1730/1625 684/1731/1626
f 741/1728/1623 672/1732/1627 742/1729/1624
f 741/1728/1623 684/1731/1626 672/1732/1627
f 1301/3150/2913 1302/3151/2914 1298/3152/2915
f 1301/3217/2969 1298/3218/2970 1331/3219/2971
f 1301/3217/2969 1332/3220/2972 1326/3206/2959
f 1301/3217/2969 1331/3219/2971 1332/3220/2972
f 325/781/728 326/782/729 327/783/730
f 325/781/728 324/779/726 326/782/729
f 325/781/728 327/783/730 100/784/731
f 325/781/728 100/780/727 324/779/726
f 417/987/934 418/988/935 419/989/936
f 417/987/934 420/990/937 421/991/938
f 417/987/934 421/991/938 418/988/935
f 469/1097/1036 470/1098/1037 466/1094/1033
f 469/1097/1036 466/1094/1033 471/1099/1038
f 469/1100/1039 459/1101/1039 470/1102/1039
f 1163/2790/2584 1164/2791/2585 1165/2792/2586
f 1163/2790/2584 1166/2793/2587 1167/2794/2588
f 1163/2790/2584 1168/2795/2589 1169/2796/2590
f 1163/2790/2584 1169/2796/2590 1164/2791/2585
f 1163/2842/2634 1167/2843/2635 1168/2844/2636
f 1163/2790/2584 1165/2792/2586 1166/2793/2587
f 131/278/256 132/279/257 133/280/258
f 131/281/259 134/282/260 132/283/261
f 131/343/321 166/344/322 134/345/323
f 131/278/256 133/280/258 135/284/262
f 859/2510/2325 861/2511/2326 1059/2512/2327
f 859/1998/1874 860/1999/1874 861/2000/1874
f 612/1465/1381 627/1464/1380 613/1466/1382
f 1246/3055/2833 1231/3056/2834 1249/3057/2834
f 1246/2984/2769 1242/2978/2763 1247/2985/2770
f 1246/3058/2835 1247/3059/2836 1231/3060/2837
f 1246/2986/2771 1248/2987/2772 1242/2978/2763
f 1246/2986/2771 1249/2988/2773 1248/2987/2772
f 41/53/47 42/54/48 10/55/49
f 41/53/47 10/55/49 43/56/50
f 41/97/84 54/93/80 42/98/85
f 990/2301/2129 958/2302/2130 961/2303/2131
f 990/2301/2129 991/2304/2132 958/2302/2130
f 990/2301/2129 992/2305/2133 993/2306/2134
f 990/2301/2129 993/2306/2134 994/2307/2135
f 990/2301/2129 961/2303/2131 992/2305/2133
f 990/2301/2129 994/2307/2135 991/2304/2132
f 248/946/893 401/947/894 341/948/895
f 248/949/896 402/950/897 401/951/898
f 248/949/896 244/952/899 402/950/897
f 1135/2797/2591 1170/2798/2592 1136/2799/2593
f 1135/2797/2591 1171/2800/2594 1172/2801/2595
f 1135/2802/2596 1144/2803/2597 1171/2804/2598
f 1135/2716/2518 1136/2717/2518 1137/2718/2518
f 1135/2802/2596 1137/2805/2599 1144/2803/2597
f 1135/2797/2591 1172/2801/2595 1170/2798/2592
f 692/1637/1546 728/1638/1547 729/1639/1548
f 692/1564/1477 693/1565/1478 694/1566/1479
f 1250/3102/2870 1271/3103/2871 1282/3104/2872
f 1250/2989/2774 1251/2990/2775 1252/2991/2776
f 1250/2989/2774 1253/2992/2777 1251/2990/2775
f 1250/3061/2838 1252/3062/2838 1271/3063/2838
f 1250/3144/2908 1282/3105/2873 1253/3106/2874
f 64/99/86 65/100/87 66/101/88
f 64/102/89 67/103/90 68/104/91
f 64/99/86 68/105/92 69/106/93
f 64/99/86 69/106/93 65/100/87
f 64/102/89 66/107/94 67/103/90
f 1060/2513/2328 1058/2509/2324 1061/2514/2329
f 620/1467/1383 593/1468/1384 582/1469/1385
f 1449/3501/3223 1450/3502/3224 1451/3503/3225
f 1449/3501/3223 1452/3504/3226 1450/3502/3224
f 295/687/638 296/688/639 297/689/640
f 295/690/641 297/691/642 298/692/643
f 295/693/644 298/692/643 299/694/645
f 295/695/646 299/696/647 296/688/639
f 833/1932/1808 834/1933/1809 781/1934/1810
f 646/1500/1415 647/1501/1416 648/1502/1417
f 646/1500/1415 649/1503/1418 650/1504/1419
f 646/1500/1415 648/1502/1417 649/1503/1418
f 646/1500/1415 651/1505/1420 652/1506/1421
f 646/1500/1415 652/1506/1421 647/1501/1416
f 646/1500/1415 650/1504/1419 651/1505/1420
f 1303/3607/3313 1482/3608/3314 1483/3609/3315
f 1303/3607/3313 1483/3609/3315 1333/3610/3316
f 1303/3607/3313 1305/3611/3317 1482/3608/3314
f 1303/3153/2916 1304/3154/2917 1305/3155/2918
f 1303/3221/2973 1333/3222/2974 1304/3223/2975
f 14/468/440 207/469/441 208/470/440
f 801/1867/1745 802/1868/1746 803/1869/1747
f 801/1867/1745 804/1870/1748 805/1871/1749
f 801/1867/1745 806/1872/1750 802/1868/1746
f 801/1867/1745 807/1873/1751 806/1872/1750
f 801/1867/1745 805/1871/1749 807/1873/1751
f 801/1867/1745 803/1869/1747 804/1870/1748
f 472/1103/1040 473/1104/1041 474/1105/1042
f 472/1106/1043 475/1107/1044 476/1108/1045
f 472/1103/1040 474/1105/1042 477/1109/1046
f 472/1152/1087 476/1153/1088 473/1154/1088
f 1114/2845/2637 1184/2846/2638 1185/2847/2639
f 1114/2845/2637 1185/2847/2639 1076/2848/2640
f 177/382/358 16/383/359 19/384/360
f 177/382/358 19/384/360 178/385/361
f 890/2066/1937 889/2065/1937 893/2071/1940
f 628/1470/1386 629/1471/1387 630/1472/1388
f 628/1470/1386 631/1473/1389 629/1471/1387
f 1373/3317/3058 1365/3318/3058 1367/3319/3058
f 1373/3320/3059 1360/3321/3060 1374/3322/3061
f 1373/3320/3059 1367/3323/3062 1360/3321/3060
f 1373/3320/3059 1374/3322/3061 1365/3324/3063
f 328/818/764 330/819/765 342/820/766
f 328/785/732 329/786/733 330/787/734
f 808/1874/1752 809/1875/1753 810/1876/1754
f 808/1874/1752 800/1924/1801 809/1875/1753
f 808/2453/2268 798/2454/2269 800/2455/2270
f 513/1252/1179 539/1253/1180 541/1254/1181
f 513/1252/1179 515/1255/1182 539/1253/1180
f 513/1252/1179 541/1254/1181 542/1256/1183
f 513/1288/1215 543/1257/1184 518/1258/1185
f 513/1288/1215 542/1259/1186 543/1257/1184
f 513/1185/1114 514/1186/1115 515/1187/1116
f 513/1288/1215 518/1258/1185 514/1260/1187
f 455/2558/2370 1070/2555/2367 1072/2559/2371
f 455/2558/2370 1072/2559/2371 457/2560/2372
f 136/285/263 137/286/264 138/287/265
f 136/288/266 138/289/267 139/290/268
f 831/1994/1870 855/1992/1868 862/2001/1875
f 1306/3156/2919 1215/3157/2920 1217/3158/2921
f 1306/3156/2919 1217/3158/2921 1307/3159/2922
f 55/191/179 102/192/180 103/193/181
f 55/191/179 103/193/181 104/194/182
f 55/191/179 104/194/182 13/195/183
f 55/261/242 13/262/243 105/196/184
f 1011/2345/2172 1012/2346/2173 1013/2347/2174
f 1011/2345/2172 1013/2347/2174 1014/2348/2175
f 380/1404/1323 379/1405/1324 600/1406/1325
f 1410/3419/3150 1411/3420/3151 1412/3421/3152
f 1410/3419/3150 1201/3422/3153 1411/3420/3151
f 225/500/471 226/501/471 227/502/471
f 225/608/568 271/609/568 228/610/568
f 225/611/569 227/612/570 271/613/571
f 225/503/472 228/504/473 229/505/474
f 225/506/475 230/507/475 226/508/475
f 225/503/472 229/505/474 230/509/476
f 1074/2719/2519 1138/2720/2520 797/2721/2521
f 1074/2719/2519 797/2721/2521 796/2722/2522
f 695/1567/1480 696/1568/1481 697/1569/1482
f 695/1567/1480 697/1569/1482 656/1570/1483
f 695/1567/1480 698/1571/1484 696/1568/1481
f 1361/3325/3064 1375/3326/3065 1376/3327/3066
f 1361/3325/3064 1377/3328/3067 1375/3326/3065
f 1361/3325/3064 1346/3329/3068 1378/3330/3069
f 1361/3325/3064 1378/3330/3069 1377/3328/3067
f 343/821/767 344/822/768 345/823/769
f 343/821/767 346/824/770 344/822/768
f 343/825/771 347/826/772 340/827/773
f 343/821/767 340/828/774 346/824/770
f 343/825/771 345/829/775 347/826/772
f 764/1877/1755 778/1878/1756 790/1879/1757
f 478/1110/1047 479/1111/1048 480/1112/1049
f 478/1110/1047 480/1112/1049 481/1113/1050
f 478/1110/1047 482/1114/1051 479/1111/1048
f 1201/3486/3154 1185/3423/3154 1413/3424/3154
f 1201/3422/3153 1414/3425/3155 1187/3426/3156
f 182/410/382 168/411/382 175/412/382
f 182/413/383 183/414/384 168/415/385
f 182/461/433 175/416/386 184/417/387
f 182/413/383 185/418/388 183/414/384
f 182/461/433 184/417/387 185/462/434
f 1108/2678/2481 1115/2679/2482 1116/2680/2483
f 1108/2678/2481 1117/2681/2484 1115/2679/2482
f 1108/2678/2481 1118/2682/2485 1117/2681/2484
f 4/4/4 5/5/4 6/6/4
f 4/7/5 6/8/5 7/9/5
f 995/2349/2176 1015/2350/2177 1001/2351/2178
f 995/2352/2179 1016/2353/2180 1017/2354/2181
f 995/2308/2136 996/2309/2137 997/2310/2138
f 995/2352/2179 997/2355/2182 1016/2353/2180
f 995/2349/2176 1001/2351/2178 996/2356/2183
f 995/2349/2176 1017/2357/2184 1015/2350/2177
f 348/830/776 349/831/777 350/832/778
f 348/865/811 365/866/812 366/867/813
f 348/830/776 350/832/778 351/833/779
f 348/865/811 356/868/814 349/869/815
f 348/865/811 351/870/816 365/866/812
f 348/865/811 366/867/813 356/868/814
f 1477/3574/3293 1440/3575/3293 1438/3576/3294
f 272/697/648 274/698/650 300/699/653
f 272/697/648 300/699/653 301/700/654
f 272/614/572 273/615/573 274/616/574
f 272/614/572 222/617/575 256/618/576
f 272/614/572 256/618/576 273/615/573
f 769/1806/1696 770/1807/1697 771/1808/1698
f 769/2723/2523 1139/2724/2524 1140/2725/2525
f 769/1806/1696 771/1808/1698 772/1809/1699
f 769/2723/2523 1140/2725/2525 770/2726/2526
f 730/1640/1549 665/1641/1550 722/1642/1551
f 730/1640/1549 651/1643/1552 665/1641/1550
f 730/1640/1549 652/1644/1553 651/1643/1552
f 1267/3107/2875 1281/3108/2876 1278/3109/2877
f 1267/3064/2839 1278/3065/2839 1266/3066/2839
f 44/57/51 45/58/52 46/59/53
f 44/57/51 46/59/53 47/60/54
f 601/1407/182 396/1408/1326 597/1409/1327
f 601/1407/182 602/1410/1328 396/1408/1326
f 1186/2849/2641 1187/2850/2642 1188/2851/2643
f 1186/2890/2681 1189/2852/2644 1175/2853/2645
f 1186/3427/3157 1188/3428/3158 1189/3429/3159
f 183/419/389 186/420/390 169/421/391
f 183/414/384 185/418/388 186/463/435
f 422/992/939 423/993/940 416/994/941
f 422/992/939 424/995/942 423/993/940
f 419/989/936 412/996/943 417/987/934
f 419/989/936 425/997/944 405/998/945
f 419/989/936 405/998/945 412/996/943
f 952/2456/2271 954/2457/2272 1044/2458/2273
f 952/2246/2082 953/2247/2083 954/2248/2084
f 516/1188/1117 517/1189/1118 518/1190/1119
f 516/1188/1117 519/1191/1120 517/1189/1118
f 516/1249/1178 501/1192/1121 519/1193/1122
f 516/1261/1188 518/1262/1189 544/1263/1190
f 1119/2683/2486 1120/2684/2487 1121/2685/2488
f 1119/2686/2489 1122/2687/2490 1120/2715/2490
f 8/10/6 9/11/7 10/12/8
f 8/10/6 10/12/8 11/13/9
f 905/2106/1961 906/2107/1962 902/2108/1963
f 905/2109/1964 907/2110/1964 908/2111/1964
f 905/2112/1965 909/2113/1966 907/2114/1967
f 905/2115/1968 902/2116/1969 909/2117/1970
f 905/2118/1971 908/2119/1971 906/2120/1971
f 653/1733/1628 655/1734/1629 663/1735/1630
f 653/1733/1628 743/1736/1631 744/1737/1632
f 653/1733/1628 744/1737/1632 676/1738/1633
f 653/1507/1422 654/1508/1423 655/1509/1424
f 653/1733/1628 663/1735/1630 743/1736/1631
f 653/1733/1628 676/1738/1633 654/1739/1634
f 1283/3110/2878 1284/3111/2879 1285/3112/2878
f 1283/3113/2880 1266/3114/2881 1278/3109/2877
f 1283/3110/2878 1285/3112/2878 1266/3115/2882
f 1283/3113/2880 1278/3109/2877 1286/3116/2883
f 1283/3117/2884 1286/3118/2884 1284/3119/2884
f 70/108/95 62/92/79 71/109/96
f 70/110/97 71/111/98 72/112/99
f 70/168/157 73/113/100 74/114/101
f 70/108/95 74/115/102 54/93/80
f 70/110/97 72/112/99 73/169/158
f 70/108/95 54/93/80 62/92/79
f 1062/2515/2330 1063/2516/2331 1064/2517/2332
f 1062/2515/2330 1064/2517/2332 859/2510/2325
f 1062/2515/2330 859/2510/2325 989/2518/2333
f 1062/2515/2330 989/2518/2333 1063/2516/2331
f 603/2583/2393 606/2584/2394 604/2585/2395
f 603/1411/1329 604/1412/1330 605/1413/1331
f 1414/3430/3160 1415/3431/3161 1188/3487/3210
f 187/569/531 260/570/532 261/571/533
f 187/569/531 190/572/534 260/570/532
f 187/569/531 261/571/533 188/573/535
f 187/422/392 188/423/393 185/462/434
f 187/422/392 185/462/434 184/417/387
f 187/422/392 184/417/387 189/424/394
f 187/422/392 189/424/394 190/425/395
f 422/992/939 426/999/946 427/1000/947
f 422/992/939 428/1001/948 426/999/946
f 403/953/900 404/954/901 401/947/894
f 403/955/902 401/951/898 405/956/903
f 403/1002/949 406/1003/950 404/1004/951
f 403/1005/952 405/1006/953 425/1007/954
f 955/2311/2139 986/2312/2140 956/2313/2141
f 955/2249/2085 956/2250/2086 957/2251/2087
f 955/2249/2085 957/2251/2087 953/2247/2083
f 520/1194/1123 521/1195/1124 512/1196/1125
f 520/1194/1123 515/1187/1116 514/1186/1115
f 520/1194/1123 512/1196/1125 522/1197/1126
f 520/1194/1123 522/1197/1126 515/1187/1116
f 520/1194/1123 514/1186/1115 521/1195/1124
f 1111/2688/2491 1110/2689/2492 1123/2690/2493
f 903/2121/1972 906/2107/1962 910/2122/1973
f 903/2121/1972 911/2123/1974 906/2107/1962
f 745/1740/1635 746/1741/1636 747/1742/1637
f 745/1740/1635 747/1742/1637 748/1743/1638
f 745/1792/1682 749/1744/1639 744/1737/1632
f 745/1792/1682 744/1737/1632 750/1745/1640
f 745/1740/1635 748/1743/1638 749/1793/1683
f 745/1792/1682 750/1745/1640 746/1746/1641
f 1334/3267/3013 1336/3268/2985 1342/3269/3014
f 1334/3224/2976 1335/3225/2977 1336/3226/2978
f 331/788/735 332/789/736 333/790/737
f 331/834/780 347/826/772 332/835/781
f 773/1810/1700 774/1811/1701 775/1812/1702
f 773/1810/1700 775/1812/1702 776/1813/1703
f 773/1880/1758 806/1872/1750 811/1881/1759
f 773/1925/1760 777/1882/1760 774/1883/1760
f 773/1884/1761 811/1885/1762 777/1886/1763
f 773/1880/1758 776/1887/1764 806/1872/1750
f 480/1112/1049 472/1106/1043 483/1115/1052
f 480/1112/1049 479/1111/1048 475/1107/1044
f 480/1112/1049 483/1115/1052 484/1116/1053
f 480/1112/1049 475/1107/1044 472/1106/1043
f 1173/2806/2600 1166/2793/2587 1165/2792/2586
f 1173/2840/2601 1174/2807/2601 1175/2808/2601
f 1173/2806/2600 1165/2792/2586 1172/2809/2602
f 1173/2806/2600 1176/2810/2603 1166/2793/2587
f 1173/2806/2600 1172/2809/2602 1174/2841/2633
f 1173/2854/2646 1175/2853/2645 1176/2855/2647
f 167/426/396 168/415/385 183/414/384
f 167/346/324 146/347/325 160/348/326
f 167/427/397 183/419/389 169/421/391
f 167/346/324 160/348/326 168/349/327
f 167/350/328 169/351/329 147/352/330
f 167/350/328 147/352/330 146/353/331
f 1058/2509/2324 944/2519/2334 943/2520/2335
f 1058/2509/2324 943/2520/2335 1057/2506/2321
f 606/2586/2396 607/2587/2397 1079/2588/2398
f 606/1414/1332 603/1415/1333 607/1416/1334
f 606/2584/2394 1079/2574/2384 1078/2573/2383
f 1254/2993/2778 1255/2994/2779 1256/2995/2780
f 1254/2993/2778 1256/2995/2780 1238/2996/2781
f 1254/2997/2782 1257/2998/2782 1258/2999/2782
f 1254/2993/2778 1258/3000/2783 1255/2994/2779
f 1254/3067/2840 1238/3068/2841 1209/3069/2842
f 1254/3067/2840 1209/3069/2842 1257/3070/2843
f 958/2252/2088 959/2253/2089 960/2254/2090
f 958/2302/2130 991/2304/2132 962/2314/2142
f 958/2252/2088 960/2254/2090 961/2255/2091
f 958/2252/2088 962/2256/2092 959/2253/2089
f 581/1362/1282 582/1363/1283 583/1364/1284
f 581/1362/1282 584/1365/1285 582/1363/1283
f 1416/3612/3318 1437/3604/3310 1417/3613/3319
f 1416/3432/3162 1417/3433/3163 1409/3434/3164
f 231/510/477 223/496/467 232/511/478
f 231/512/479 233/513/480 234/514/479
f 231/512/479 234/514/479 224/515/481
f 231/510/477 224/497/468 223/496/467
f 231/516/482 232/517/483 233/518/484
f 1141/2727/2527 1071/2728/2528 1142/2729/2529
f 1141/2727/2527 1142/2729/2529 1143/2730/2530
f 699/1572/1485 700/1573/1486 701/1574/1487
f 699/1572/1485 702/1575/1488 703/1576/1489
f 699/1572/1485 704/1577/1490 705/1578/1491
f 699/1572/1485 705/1578/1491 700/1573/1486
f 699/1572/1485 703/1576/1489 704/1577/1490
f 699/1572/1485 701/1574/1487 702/1575/1488
f 1374/3322/3061 1379/3331/3070 1380/3332/3071
f 1374/3322/3061 1380/3332/3071 1381/3333/3072
f 1374/3322/3061 1382/3334/3073 1379/3331/3070
f 362/1067/1012 342/1068/1013 437/1069/1014
f 812/1888/1765 809/1875/1753 813/1889/1766
f 812/1935/1811 813/1936/1812 835/1937/1813
f 812/1888/1765 810/1876/1754 809/1875/1753
f 555/1293/1218 468/1294/1219 556/1295/1220
f 457/2589/2399 1084/2590/2400 1085/2591/2401
f 133/280/258 132/279/257 140/291/269
f 133/280/258 140/291/269 141/292/270
f 863/2002/1876 833/2003/1877 831/1994/1870
f 863/2002/1876 864/2004/1878 865/2005/1879
f 863/2002/1876 862/2001/1875 864/2004/1878
f 863/2002/1876 865/2005/1879 866/2006/1880
f 863/2002/1876 866/2006/1880 833/2007/1881
f 863/2002/1876 831/1994/1870 862/2001/1875
f 731/1747/1642 598/1748/1642 553/1749/1643
f 731/1687/1588 553/1688/1589 732/1689/1590
f 1308/3614/3320 1484/3615/3321 1305/3611/3317
f 1308/3160/2923 1193/3161/2924 1198/3162/2925
f 1308/3614/3320 1198/3616/3322 1484/3615/3321
f 12/14/10 13/15/11 14/16/12
f 12/14/10 15/17/13 13/15/11
f 12/471/442 14/468/440 208/470/440
f 1018/2358/2185 1019/2359/2186 1020/2360/2187
f 1018/2358/2185 1020/2360/2187 1021/2361/2188
f 1018/2362/2189 1021/2363/2190 1022/2364/2191
f 1018/2362/2189 1022/2364/2191 1023/2365/2192
f 1018/2358/2185 1024/2366/2193 1019/2359/2186
f 1018/2362/2189 1023/2365/2192 1024/2367/2194
f 453/1064/1009 380/1070/1015 454/1065/1010
f 1418/3577/3295 1422/3578/3296 1467/3579/3295
f 1418/3577/3295 1467/3579/3295 1419/3580/3297
f 1418/3435/3165 1419/3436/3166 1420/3437/3167
f 1418/3435/3165 1421/3438/3168 1422/3439/3169
f 1418/3435/3165 1423/3440/3170 1421/3438/3168
f 1418/3435/3165 1420/3437/3167 1423/3440/3170
f 235/619/577 245/620/578 236/621/579
f 235/619/577 275/622/580 245/620/578
f 235/574/536 213/575/536 215/576/536
f 235/519/485 236/520/486 213/521/487
f 762/2731/2531 796/2722/2522 797/2721/2521
f 1259/3001/2784 1260/3002/2785 1261/3003/2786
f 1259/3071/2844 1279/3072/2845 1280/3073/2846
f 1259/3071/2844 1261/3074/2847 1279/3072/2845
f 75/116/104 7/117/105 61/118/106
f 75/116/104 61/118/106 49/119/107
f 75/116/104 49/119/107 59/120/108
f 75/116/103 59/120/108 76/121/110
f 979/2521/2336 1061/2514/2329 971/2508/2323
f 979/2521/2336 981/2522/2337 1061/2514/2329
f 1453/3505/3227 1454/3506/3228 1455/3507/3229
f 1453/3508/3230 1456/3509/3231 1457/3510/3232
f 1453/3511/3233 1458/3512/3234 1456/3513/3235
f 1453/3514/3236 1457/3515/3237 1454/3516/3238
f 1453/3511/3233 1455/3517/3239 1458/3512/3234
f 302/701/655 303/702/656 304/703/657
f 302/701/655 304/703/657 289/769/716
f 302/704/658 294/705/658 291/706/658
f 302/701/655 291/707/659 290/708/660
f 302/701/655 289/769/716 294/709/661
f 836/1938/1814 837/1939/1815 838/1940/1816
f 836/1938/1814 838/1940/1816 839/1941/1817
f 836/1938/1814 833/1942/1818 840/1943/1819
f 836/1938/1814 840/1943/1819 837/1939/1815
f 836/1938/1814 839/1941/1817 833/1942/1818
f 732/1689/1590 733/1690/1591 734/1691/1592
f 732/1689/1590 680/1692/1593 733/1690/1591
f 732/1689/1590 553/1688/1589 680/1692/1593
f 1337/3227/2979 1335/3225/2977 1321/3228/2980
f 1337/3227/2979 1320/3229/2981 1319/3230/2982
f 1337/3227/2979 1321/3228/2980 1320/3229/2981
f 106/197/185 104/194/182 107/198/186
f 106/197/185 108/199/187 104/194/182
f 106/197/185 109/200/188 14/201/189
f 106/197/185 14/201/189 108/199/187
f 106/791/738 107/792/739 109/793/740
f 777/1814/1704 449/1815/1705 774/1811/1701
f 485/1117/1054 486/1118/1055 487/1119/1056
f 485/1120/1057 483/1121/1058 477/1109/1046
f 485/1117/1054 488/1122/1059 486/1118/1055
f 485/1120/1057 477/1109/1046 488/1122/1059
f 485/1117/1054 487/1119/1056 483/1123/1060
f 1124/2691/2494 1125/2692/2495 1126/2693/2496
f 1124/2691/2494 1127/2694/2497 1125/2692/2495
f 1124/2691/2494 1114/2677/2480 1127/2694/2497
f 16/18/14 17/19/15 18/20/16
f 16/18/14 5/21/17 19/22/18
f 16/18/14 18/20/16 5/21/17
f 912/2124/1975 913/2125/1976 914/2126/1977
f 912/2127/1978 915/2128/1979 916/2129/1980
f 912/2124/1975 916/2130/1981 913/2125/1976
f 912/2127/1978 917/2131/1982 915/2128/1979
f 751/1750/1644 742/1729/1624 641/1751/1645
f 751/1750/1644 686/1730/1625 742/1729/1624
f 751/1750/1644 630/1752/1646 739/1753/1647
f 751/1750/1644 641/1751/1645 628/1754/1648
f 751/1750/1644 628/1754/1648 630/1752/1646
f 751/1750/1644 739/1753/1647 686/1730/1625
f 1338/3270/3015 1355/3271/3016 1349/3272/3017
f 1338/3231/2949 1339/3232/2983 1340/3233/2984
f 1338/3270/3015 1349/3272/3017 1339/3273/3018
f 1338/3270/3015 1352/3274/3019 1356/3275/3020
f 1338/3270/3015 1356/3275/3020 1355/3271/3016
f 1338/3270/3015 1340/3276/3021 1352/3274/3019
f 334/836/782 342/820/766 352/837/783
f 334/836/782 328/818/764 342/820/766
f 334/836/782 352/837/783 353/838/784
f 334/836/782 350/839/785 354/840/786
f 334/794/741 324/777/724 328/785/732
f 334/836/782 354/840/786 324/841/787
f 334/836/782 353/838/784 350/839/785
f 429/1008/955 427/1000/947 430/1009/956
f 429/1010/957 431/1011/958 432/1012/959
f 429/1008/955 424/995/942 427/1000/947
f 429/1010/957 432/1012/959 424/1013/960
f 429/1008/955 430/1009/956 431/1014/961
f 459/1510/1425 656/1511/1426 657/1512/1427
f 1130/2856/2648 1190/2857/2649 1191/2858/2650
f 135/354/332 149/355/333 170/356/334
f 135/354/332 170/356/334 171/357/335
f 135/354/332 150/358/336 149/355/333
f 932/2196/2040 930/2193/2037 931/2195/2039
f 932/2196/2040 933/2197/2041 930/2193/2037
f 1128/2897/2687 1206/2898/2688 1207/2899/2689
f 1128/2897/2687 1133/2900/2690 1206/2898/2688
f 1128/2695/2498 1121/2685/2488 1120/2684/2487
f 1128/2897/2687 1120/2901/2691 1133/2900/2690
f 20/61/55 42/54/48 48/62/56
f 20/61/55 10/55/49 42/54/48
f 20/23/19 11/13/9 10/12/8
f 1014/2348/2175 1025/2368/2195 1011/2345/2172
f 1014/2348/2175 1004/2369/2196 1025/2368/2195
f 367/871/817 368/872/818 369/873/819
f 367/874/820 370/875/821 371/876/822
f 367/874/820 372/877/823 368/878/824
f 367/871/817 369/873/819 373/879/825
f 367/871/817 373/879/825 370/880/826
f 367/874/820 371/876/822 372/877/823
f 1444/3581/3298 1479/3582/3299 1478/3583/3300
f 305/710/662 306/711/663 307/712/664
f 305/710/662 308/713/665 306/711/663
f 305/710/662 307/712/664 285/714/666
f 305/715/667 285/716/668 309/717/669
f 305/715/667 309/717/669 308/718/670
f 841/1944/1820 772/1945/1821 771/1946/1822
f 841/1944/1820 789/1947/1823 842/1948/1824
f 841/1944/1820 842/1948/1824 772/1945/1821
f 841/1944/1820 771/1946/1822 789/1947/1823
f 658/1513/1428 659/1514/1429 660/1515/1430
f 658/1645/1554 678/1646/1555 677/1647/1556
f 658/1645/1554 660/1648/1557 678/1646/1555
f 1302/3199/2954 1309/3163/2926 1288/3164/2927
f 1302/3151/2914 1288/3200/2955 1298/3152/2915
f 94/177/166 110/202/190 101/203/191
f 94/177/166 101/203/191 111/204/192
f 94/177/166 111/204/192 95/178/167
f 94/177/166 98/187/175 110/202/190
f 457/1417/1335 608/1418/1336 376/1419/1337
f 457/2589/2399 1085/2591/2401 608/2592/2402
f 1459/3518/3240 1460/3519/3241 1461/3520/3242
f 1459/3521/3243 1461/3522/3244 1462/3523/3245
f 1459/3518/3240 1408/3524/3246 1460/3519/3241
f 1459/3521/3243 1462/3523/3245 1448/3525/3247
f 1459/3521/3243 1448/3525/3247 1408/3526/3248
f 200/577/537 197/578/538 262/579/539
f 200/577/537 262/579/539 263/580/540
f 200/604/564 264/581/541 265/582/542
f 200/604/564 263/583/543 264/581/541
f 778/1816/1706 436/1817/1707 450/1818/1708
f 778/1816/1706 450/1818/1708 449/1819/1709
f 1341/3277/3022 1357/3278/3022 1342/3306/3022
f 1341/3234/2985 1342/3235/2985 1336/3265/2985
f 1341/3653/3323 1440/3617/3323 1357/3618/3323
f 257/795/742 258/796/742 335/797/743
f 257/795/742 207/798/744 258/796/742
f 257/957/904 335/944/891 240/943/890
f 1045/2459/2274 975/2460/2275 1046/2461/2276
f 1045/2459/2274 1046/2461/2276 1047/2462/2277
f 502/1264/1191 476/1265/1192 482/1266/1193
f 502/1264/1191 482/1266/1193 536/1267/1194
f 1086/2593/2403 1087/2594/2404 1088/2595/2405
f 1086/2596/2406 1088/2597/2407 1089/2598/2408
f 4/24/20 21/25/21 22/26/22
f 4/24/20 23/27/23 21/25/21
f 4/28/24 24/29/25 23/30/26
f 843/1949/1825 791/1950/1826 842/1951/1827
f 843/1952/1828 780/1953/1829 791/1954/1830
f 843/1952/1828 844/1955/1831 780/1953/1829
f 655/1509/1424 661/1516/1431 662/1517/1432
f 655/1509/1424 662/1517/1432 663/1518/1433
f 655/1509/1424 664/1519/1434 661/1516/1431
f 655/1509/1424 654/1508/1423 664/1519/1434
f 1262/3004/2787 1263/3005/2788 1264/3006/2789
f 1262/3004/2787 1265/3007/2790 1263/3005/2788
f 1262/3008/2791 1266/3009/2791 1265/3010/2791
f 1262/3011/2792 1267/3012/2793 1266/3013/2794
f 1262/3011/2792 1264/3014/2795 1248/3015/2796
f 1262/3011/2792 1248/3015/2796 1267/3012/2793
f 77/122/111 71/111/98 78/123/112
f 77/122/111 79/124/113 72/112/99
f 77/125/114 80/126/115 79/127/116
f 77/122/111 72/112/99 71/111/98
f 77/125/114 81/128/117 80/126/115
f 77/125/114 78/129/118 81/128/117
f 1065/2523/2338 1066/2524/2339 872/2525/2340
f 1065/2523/2338 855/2526/2341 845/2527/2342
f 1065/2523/2338 872/2525/2340 855/2526/2341
f 1065/2523/2338 1067/2528/2343 1066/2524/2339
f 1065/2523/2338 845/2527/2342 1043/2529/2344
f 1065/2523/2338 1043/2529/2344 1067/2528/2343
f 575/1352/1272 569/1366/1286 571/1367/1287
f 1463/3527/3249 1464/3528/3250 1465/3529/3251
f 1463/3527/3249 1419/3530/3252 1466/3531/3253
f 1463/3527/3249 1460/3519/3241 1434/3532/3254
f 1463/3527/3249 1466/3531/3253 1464/3528/3250
f 1463/3527/3249 1434/3532/3254 1419/3530/3252
f 1463/3527/3249 1465/3529/3251 1460/3519/3241
f 284/662/615 215/663/615 266/664/615
f 779/1820/1710 780/1821/1711 763/1800/1690
f 779/1820/1710 759/1796/1686 780/1821/1711
f 779/1820/1710 763/1800/1690 759/1796/1686
f 1485/3619/3324 1411/3620/3325 1486/3621/3326
f 1485/3619/3324 1487/3622/3327 1488/3623/3328
f 1485/3619/3324 1488/3623/3328 1489/3624/3329
f 1485/3619/3324 1490/3625/3330 1487/3622/3327
f 1485/3619/3324 1486/3621/3326 1490/3625/3330
f 1485/3619/3324 1489/3624/3329 1411/3620/3325
f 226/522/488 230/509/476 237/523/489
f 226/524/490 238/525/491 239/526/492
f 226/524/490 239/526/492 227/527/493
f 226/524/490 237/528/494 238/525/491
f 1048/2463/2278 973/2464/2279 1049/2465/2280
f 1048/2463/2278 798/2466/2281 1050/2467/2282
f 1048/2463/2278 1049/2465/2280 798/2466/2281
f 1048/2463/2278 1050/2467/2282 973/2464/2279
f 467/1198/1127 523/1199/1128 501/1192/1121
f 467/1155/1089 494/1156/1089 500/1157/1089
f 467/1200/1129 500/1201/1130 523/1202/1131
f 467/1158/1090 501/1159/1090 463/1160/1090
f 1192/3441/3171 1404/3407/3138 1194/3442/3172
f 1192/2859/2651 1175/2853/2645 1189/2852/2644
f 1192/3441/3171 1189/3429/3159 1424/3443/3173
f 1192/3441/3171 1424/3443/3173 1404/3407/3138
f 191/428/398 192/429/399 27/408/380
f 191/428/398 27/408/380 181/407/379
f 932/2198/2042 934/2199/2043 935/2200/2044
f 932/2198/2042 936/2201/2045 934/2199/2043
f 617/1474/1390 626/1475/1391 632/1476/1392
f 1383/3335/3074 1384/3336/3075 1385/3337/3076
f 1383/3335/3074 1385/3337/3076 1370/3312/3054
f 416/994/941 358/1015/962 433/1016/963
f 416/994/941 433/1016/963 422/992/939
f 822/1956/1832 845/1957/1833 827/1958/1834
f 822/2468/2283 1051/2469/2284 987/2450/2265
f 822/1956/1832 827/1958/1834 817/1959/1835
f 557/1296/1221 558/1297/1222 559/1298/1223
f 557/1299/1224 559/1300/1225 541/1301/1226
f 557/1299/1224 550/1302/1227 560/1303/1228
f 557/1299/1224 541/1301/1226 550/1302/1227
f 557/1296/1221 561/1304/1229 558/1297/1222
f 557/1305/1230 560/1306/1231 561/1307/1231
f 1073/2561/2373 1074/2562/2374 458/2563/2375
f 142/293/271 143/294/272 144/295/273
f 142/296/274 145/297/275 143/298/276
f 142/293/271 144/295/273 138/299/277
f 142/296/274 138/287/265 137/286/264
f 867/2008/1882 868/2009/1883 846/2010/1884
f 867/2011/1885 869/2012/1886 870/2013/1887
f 867/2014/1888 846/2015/1889 871/2016/1890
f 867/2017/1891 871/2018/1892 869/2019/1893
f 867/2011/1885 870/2013/1887 868/2020/1894
f 593/1755/1649 737/1756/1650 591/1757/1651
f 1208/2902/2692 1209/2903/2693 1210/2904/2694
f 1208/2902/2692 1211/2905/2695 1212/2906/2696
f 1208/2902/2692 1213/2907/2697 1214/2908/2698
f 1208/2902/2692 1214/2908/2698 1211/2905/2695
f 1208/2902/2692 1212/2906/2696 1209/2903/2693
f 1208/2909/2699 1210/2910/2700 1213/2911/2701
f 31/205/193 112/206/194 50/207/195
f 31/63/57 49/64/58 6/65/59
f 31/63/57 50/66/60 49/64/58
f 980/2424/2248 1039/2425/2249 1005/2426/2250
f 980/2424/2248 970/2427/2251 1039/2425/2249
f 374/881/827 375/882/828 376/883/829
f 374/881/827 377/884/830 375/882/828
f 374/881/827 378/885/831 377/884/830
f 374/1420/1338 582/1421/1339 378/1422/1340
f 1305/3611/3317 1484/3615/3321 1491/3626/3331
f 1305/3611/3317 1491/3626/3331 1482/3608/3314
f 12/491/462 209/472/443 210/473/444
f 12/491/462 210/473/444 206/467/439
f 12/491/462 208/492/463 209/472/443
f 455/1071/1016 385/1072/1017 456/1073/1018
f 706/1579/1492 707/1580/1493 708/1581/1494
f 706/1579/1492 708/1581/1494 691/1582/1495
f 706/1583/1496 689/1584/1496 707/1585/1496
f 706/1586/1497 691/1561/1474 689/1559/1472
f 1240/3016/2797 1268/3017/2798 1269/3018/2799
f 1240/3016/2797 1244/3019/2800 1270/3020/2801
f 1240/3016/2797 1270/3020/2801 1268/3017/2798
f 1240/2975/2760 1269/3021/2802 1241/2976/2761
f 65/130/119 69/131/120 82/132/121
f 65/130/119 82/132/121 83/133/122
f 65/100/87 83/170/159 66/101/88
f 848/2021/1895 854/2022/1895 849/2023/1895
f 562/1308/1232 558/1309/1233 563/1310/1234
f 562/1308/1232 564/1311/1235 565/1312/1236
f 562/1368/1288 563/1369/1289 585/1370/1290
f 562/1368/1288 585/1370/1290 564/1371/1291
f 562/1308/1232 565/1312/1236 558/1309/1233
f 1406/3444/3174 1416/3432/3162 1409/3434/3164
f 1406/3584/3301 1438/3598/3301 1416/3585/3301
f 274/698/651 277/719/671 310/720/672
f 274/616/574 276/623/581 277/624/582
f 274/616/574 273/615/573 276/623/581
f 274/698/649 310/720/672 300/699/652
f 645/1649/1558 727/1650/1559 665/1641/1550
f 645/1649/1558 666/1651/1560 727/1650/1559
f 645/1499/1414 665/1520/1435 643/1497/1412
f 645/1499/1414 644/1498/1413 666/1521/1436
f 1333/3610/3316 1483/3609/3315 1351/3606/3312
f 207/529/495 218/498/469 208/530/496
f 207/529/495 240/531/497 218/498/469
f 814/1890/1767 790/1926/1802 815/1891/1768
f 814/2470/2285 805/2471/2286 823/2472/2287
f 814/1892/1769 815/1893/1770 805/1894/1771
f 489/1124/1061 477/1109/1046 474/1125/1062
f 489/1124/1061 488/1122/1059 477/1109/1046
f 489/1124/1061 474/1125/1062 490/1126/1063
f 489/1124/1061 491/1127/1064 488/1122/1059
f 177/430/400 193/431/401 16/432/402
f 177/430/400 194/433/403 193/431/401
f 937/2202/2046 890/2203/2047 893/2204/2048
f 937/2202/2046 938/2205/2049 939/2206/2050
f 937/2202/2046 893/2204/2048 926/2207/2051
f 937/2202/2046 939/2206/2050 890/2203/2047
f 937/2202/2046 940/2208/2052 938/2205/2049
f 937/2202/2046 926/2207/2051 940/2208/2052
f 629/1477/1393 633/1478/1394 634/1479/1395
f 629/1477/1393 624/1460/1376 630/1480/1396
f 629/1477/1393 634/1479/1395 624/1460/1376
f 629/1471/1387 631/1473/1389 633/1481/1397
f 1365/3338/3077 1381/3339/3078 1386/3340/3079
f 1365/3338/3077 1386/3340/3079 1387/3341/3080
f 425/1007/954 434/1017/964 403/1005/952
f 1052/2473/2288 1044/2458/2273 1053/2474/2289
f 1052/2473/2288 952/2456/2271 1044/2458/2273
f 556/1295/1220 551/1313/1237 552/1314/1238
f 556/1295/1220 552/1314/1238 566/1315/1239
f 556/1295/1220 566/1315/1239 555/1293/1218
f 556/1295/1220 468/1294/1219 551/1313/1237
f 1164/2791/2585 1151/2811/2604 1153/2812/2605
f 1164/2791/2585 1153/2812/2605 1165/2792/2586
f 1164/2791/2585 1169/2796/2590 1177/2813/2606
f 1164/2791/2585 1177/2813/2606 1151/2811/2604
f 861/2511/2326 872/2525/2340 1059/2512/2327
f 861/2058/1930 862/2001/1875 872/2024/1896
f 1215/2912/2702 1216/2913/2703 1217/2914/2704
f 1215/2966/2752 1218/2915/2705 1216/2967/2753
f 113/208/196 102/209/196 51/210/196
f 113/211/197 103/212/197 102/213/197
f 113/214/198 51/215/199 114/216/200
f 113/217/201 97/182/170 115/218/202
f 113/219/203 115/220/204 103/221/205
f 113/214/198 114/216/200 97/185/173
f 1012/2370/2197 1007/2420/2245 1026/2371/1114
f 1012/2370/2197 1011/2372/2198 1007/2420/2245
f 379/886/832 380/887/833 381/888/834
f 1425/3445/3175 1426/3446/3176 1403/3406/3137
f 1425/3445/3175 1402/3405/3136 1424/3443/3173
f 1425/3445/3175 1188/3428/3158 1427/3447/3177
f 1425/3445/3175 1424/3443/3173 1188/3428/3158
f 1425/3445/3175 1427/3448/3178 1426/3446/3176
f 1425/3445/3175 1403/3406/3137 1402/3405/3136
f 211/474/445 212/475/446 213/476/447
f 211/532/498 236/520/486 220/533/499
f 211/474/445 193/477/448 212/475/446
f 211/532/498 213/521/487 236/520/486
f 796/2564/2376 454/2565/2377 458/2563/2375
f 709/1587/1498 710/1588/1499 656/1589/1500
f 709/1587/1498 656/1589/1500 697/1590/1501
f 709/1587/1498 711/1591/1502 690/1560/1473
f 709/1587/1498 690/1560/1473 710/1588/1499
f 709/1587/1498 697/1590/1501 712/1592/1503
f 709/1587/1498 712/1592/1503 711/1591/1502
f 1343/3236/2986 1344/3237/2987 1317/3238/2988
f 1343/3279/3023 1334/3307/3049 1358/3280/3024
f 1343/3236/2986 1345/3239/2989 1334/3224/2976
f 1343/3236/2986 1346/3240/2990 1344/3237/2987
f 1343/3279/3023 1358/3280/3024 1346/3281/3025
f 1343/3236/2986 1317/3238/2988 1345/3239/2989
f 336/799/745 337/800/746 327/814/760
f 336/842/788 346/824/770 340/828/774
f 336/862/808 339/843/789 346/844/790
f 336/799/745 327/814/760 338/801/747
f 336/799/745 338/801/747 339/802/748
f 336/799/745 340/803/749 337/800/746
f 425/997/944 419/989/936 435/1018/965
f 425/1007/954 435/1019/966 434/1017/964
f 484/1128/1065 487/1147/1065 492/1129/1065
f 484/1116/1053 481/1113/1050 480/1112/1049
f 484/1693/1594 492/1694/1594 481/1695/1594
f 1144/2803/2597 1074/2814/2607 1076/2815/2608
f 1144/2732/2532 1138/2720/2520 1074/2719/2519
f 125/270/248 146/300/278 147/301/279
f 125/270/248 127/272/250 146/300/278
f 125/359/337 147/352/330 126/360/338
f 875/2189/2033 890/2188/2033 886/2209/2053
f 635/1482/1398 636/1483/1399 624/1460/1376
f 635/1482/1398 609/1484/1400 637/1485/1401
f 635/1482/1398 634/1479/1395 638/1486/1402
f 635/1482/1398 637/1485/1401 636/1483/1399
f 635/1482/1398 638/1486/1402 609/1484/1400
f 635/1482/1398 624/1460/1376 634/1479/1395
f 1125/2692/2495 1129/2696/2499 1126/2693/2496
f 1125/2692/2495 1116/2697/2500 1129/2696/2499
f 1015/2373/2199 1027/2374/2200 1001/2375/2201
f 1015/2350/2177 1017/2357/2184 1028/2376/2202
f 1015/2350/2177 1028/2376/2202 1029/2377/2203
f 1015/2373/2199 1029/2378/2204 1027/2374/2200
f 355/889/835 352/890/836 362/891/837
f 355/889/835 375/882/828 382/892/838
f 355/889/835 351/893/839 353/894/840
f 355/845/791 353/838/784 352/837/783
f 355/889/835 383/895/841 351/893/839
f 355/889/835 362/891/837 375/882/828
f 355/889/835 382/892/838 383/895/841
f 1452/3586/1114 1449/3587/1114 1440/3588/1114
f 300/699/652 296/688/639 299/696/647
f 300/699/652 310/720/672 296/688/639
f 300/699/653 299/721/673 301/700/654
f 781/1934/1810 834/1933/1809 783/1960/1836
f 781/1822/1712 782/1823/1713 765/1802/1692
f 781/1822/1712 765/1802/1692 767/1804/1694
f 781/1822/1712 783/1824/1714 782/1823/1713
f 781/1822/1712 767/1804/1694 784/1825/1715
f 667/1652/1561 719/1653/1562 729/1639/1548
f 667/1652/1561 729/1639/1548 668/1654/1563
f 667/1522/1437 668/1523/1438 669/1524/1439
f 1310/3165/2928 1284/3166/2928 1286/3167/2928
f 1310/3241/2991 1347/3242/2992 1340/3233/2984
f 1310/3241/2991 1315/3243/2993 1347/3242/2992
f 1310/3241/2991 1322/3244/2994 1284/3245/2995
f 1310/3241/2991 1286/3246/2996 1315/3243/2993
f 1310/3241/2991 1340/3233/2984 1322/3244/2994
f 104/194/182 116/222/206 107/198/186
f 1026/2428/2252 989/2429/2253 963/2430/2254
f 1090/2599/2409 1091/2600/2410 604/2585/2395
f 1090/2601/2411 1092/2602/2412 1093/2603/2413
f 1090/2599/2409 604/2585/2395 1094/2604/2414
f 1090/2601/2411 1088/2595/2405 1092/2602/2412
f 1090/2605/2415 1094/2606/2416 1088/2597/2407
f 1090/2607/2417 1093/2608/2418 1091/2609/2419
f 1467/3533/3255 1468/3534/3256 1466/3531/3253
f 1467/3570/3291 1469/3535/3257 1470/3536/3258
f 1467/3533/3255 1470/3537/3259 1468/3534/3256
f 261/605/565 266/584/544 203/585/545
f 261/571/533 260/570/532 267/586/546
f 768/1805/1695 778/1816/1706 764/1801/1691
f 459/1085/1026 471/1130/1066 460/1086/1027
f 330/958/905 404/954/901 406/959/906
f 330/958/905 341/948/895 404/954/901
f 330/958/905 329/960/907 341/948/895
f 1044/2458/2273 954/2457/2272 978/2475/2290
f 1044/2458/2273 978/2475/2290 1054/2476/2291
f 517/1203/1132 521/1195/1124 514/1186/1115
f 517/1189/1118 519/1191/1120 524/1204/1133
f 517/1203/1132 514/1186/1115 518/1205/1134
f 517/1203/1132 524/1206/1135 521/1195/1124
f 1119/2698/2501 1111/2688/2491 1123/2690/2493
f 1119/2698/2501 1112/2699/2502 1111/2688/2491
f 913/2132/1983 906/2133/1984 918/2134/1985
f 913/2132/1983 916/2135/1986 910/2122/1973
f 913/2125/1976 918/2136/1987 914/2126/1977
f 913/2132/1983 910/2122/1973 906/2133/1984
f 676/1758/1652 752/1759/1653 674/1760/1654
f 1375/3326/3065 1388/3342/3081 1389/3343/3082
f 1375/3326/3065 1389/3343/3082 1376/3327/3066
f 1375/3326/3065 1377/3328/3067 1388/3342/3081
f 384/896/842 363/897/843 381/888/834
f 384/896/842 358/898/844 363/897/843
f 384/1074/1019 453/1064/1009 358/1075/1020
f 816/1895/1772 764/1877/1755 790/1879/1757
f 816/1895/1772 790/1879/1757 817/1896/1773
f 493/1696/1595 478/1697/1596 680/1692/1593
f 493/1131/1067 482/1114/1051 478/1110/1047
f 616/2610/2420 1095/2611/2421 1073/2612/2422
f 616/2610/2420 1092/2613/2423 1095/2611/2421
f 616/2610/2420 1093/2614/2424 1092/2613/2423
f 130/277/255 129/276/254 139/290/268
f 130/277/255 139/290/268 144/302/280
f 130/277/255 144/302/280 148/303/281
f 846/1961/1837 847/1962/1838 837/1939/1815
f 737/1756/1650 672/1732/1627 567/1761/1655
f 737/1756/1650 641/1751/1645 672/1732/1627
f 1219/2916/2706 1220/2917/2707 1221/2918/2708
f 1219/2916/2706 1221/2918/2708 1131/2919/2709
f 1219/2916/2706 1128/2897/2687 1207/2899/2689
f 1219/2916/2706 1131/2919/2709 1128/2897/2687
f 1219/2916/2706 1213/2920/2710 1220/2917/2707
f 1219/2916/2706 1207/2899/2689 1213/2921/2711
f 1008/2342/2169 1030/2379/2205 1009/2343/2170
f 1008/2380/2206 1007/2420/2245 1031/2381/2207
f 1008/2380/2206 1031/2381/2207 1030/2382/2208
f 385/899/845 376/883/829 362/891/837
f 1400/3449/3179 1428/3450/3180 1401/3451/3181
f 1400/3452/3182 1405/3453/3182 1409/3454/3182
f 1400/3449/3179 1409/3434/3164 1428/3450/3180
f 222/625/583 249/626/584 217/627/585
f 1071/2557/2369 451/2556/2368 766/2566/2378
f 1071/2728/2528 766/2733/2533 765/2734/2534
f 713/1593/1504 714/1594/1505 715/1595/1506
f 713/1596/1507 682/1597/1508 716/1598/1509
f 713/1593/1504 716/1598/1509 714/1594/1505
f 1267/3097/2866 1215/3075/2848 1281/3076/2849
f 1267/3097/2866 1235/3077/2850 1215/3075/2848
f 44/67/61 51/68/61 45/69/61
f 44/223/207 53/224/208 114/216/200
f 44/89/76 52/70/62 53/71/63
f 44/223/207 114/216/200 51/215/199
f 963/2447/2255 965/2431/2255 951/2432/2255
f 963/2257/2093 964/2258/2093 965/2259/2094
f 597/1409/1327 396/1408/1326 392/1423/1341
f 597/1409/1327 392/1423/1341 589/1424/1342
f 1442/3538/3260 1451/3503/3225 1471/3539/3261
f 1442/3538/3260 1446/3540/3262 1472/3541/3263
f 1442/3538/3260 1472/3541/3263 1451/3503/3225
f 1442/3542/3264 1471/3543/3265 1443/3544/3266
f 311/722/674 308/718/670 312/723/675
f 311/724/676 313/725/677 308/726/678
f 311/727/679 312/728/680 314/729/681
f 311/730/682 314/731/683 315/732/684
f 311/730/682 315/732/684 313/733/685
f 848/1963/1839 849/1964/1840 835/1937/1813
f 567/1698/1597 568/1699/1598 591/1700/1599
f 567/1719/1614 462/1685/1586 461/1701/1600
f 567/1316/1240 461/1317/1241 568/1318/1242
f 1309/3247/2997 1324/3266/2997 1311/3248/2997
f 3/3/3 25/31/27 26/32/28
f 3/534/500 26/535/501 1/536/502
f 3/3/3 2/2/2 25/31/27
f 818/1897/1774 819/1898/1775 799/1899/1776
f 818/1927/1803 820/1900/1777 821/1901/1778
f 818/1897/1774 795/1902/1779 794/1903/1780
f 818/1927/1803 821/1901/1778 795/1904/1781
f 818/1897/1774 794/1903/1780 819/1898/1775
f 818/1927/1803 799/1928/1804 820/1900/1777
f 494/1132/1068 495/1133/1069 491/1127/1064
f 494/1134/1070 467/1135/1071 465/1093/1032
f 494/1134/1070 465/1093/1032 495/1148/1083
f 1193/2860/2652 1123/2861/2652 1130/2891/2652
f 1193/3161/2924 1130/3168/2929 1198/3162/2925
f 27/33/29 28/34/30 15/17/13
f 27/408/380 195/434/404 29/435/405
f 27/33/29 29/35/31 28/34/30
f 894/2072/1941 895/2073/1942 896/2074/1943
f 894/2210/2054 941/2211/2055 897/2212/2056
f 894/2072/1941 897/2075/1944 895/2073/1942
f 639/1762/1656 626/1763/1657 746/1746/1641
f 639/1487/1403 625/1461/1377 632/1476/1392
f 639/1762/1656 740/1724/1619 625/1723/1618
f 639/1762/1656 746/1746/1641 740/1724/1619
f 639/1487/1403 632/1476/1392 626/1475/1391
f 1271/3120/2885 1280/3121/2886 1287/3122/2887
f 1271/3103/2871 1287/3123/2888 1282/3104/2872
f 1271/3022/2803 1252/3023/2804 1259/3051/2830
f 1271/3078/2851 1259/3071/2844 1280/3073/2846
f 84/134/123 85/135/124 76/121/110
f 84/134/123 76/121/110 58/136/125
f 84/137/126 58/138/127 60/139/128
f 84/137/126 67/103/90 66/107/94
f 84/137/126 60/139/128 67/103/90
f 84/134/123 66/140/129 85/135/124
f 1063/2530/2345 972/2531/2346 1068/2532/2347
f 1194/2862/2653 1195/2863/2654 1196/2864/2655
f 1194/3442/3172 1404/3407/3138 1195/3455/3183
f 1194/2862/2653 1196/2864/2655 1192/2859/2651
f 196/436/406 197/437/407 198/438/408
f 436/1020/967 437/1021/968 434/1022/969
f 1481/3602/3308 1439/3605/3311 1440/3627/3332
f 1481/3628/3333 1440/3629/3333 1341/3630/3333
f 399/938/885 407/961/908 408/962/910
f 399/938/884 408/962/909 400/945/892
f 959/2253/2089 966/2260/2095 967/2261/2096
f 959/2253/2089 968/2262/2097 960/2254/2090
f 959/2253/2089 962/2256/2092 966/2260/2095
f 959/2253/2089 967/2261/2096 968/2262/2097
f 525/1207/1136 526/1208/1137 527/1209/1138
f 525/1210/1139 528/1211/1140 529/1212/1141
f 525/1213/1142 529/1214/1143 526/1215/1144
f 525/1216/1145 527/1217/1146 528/1218/1147
f 1107/2644/2454 1087/2645/2454 1086/2646/2454
f 1107/2700/2503 1098/2701/2504 1108/2678/2481
f 1107/2647/2455 1108/2648/2455 1087/2649/2455
f 1107/2673/2476 1099/2650/2456 1098/2651/2457
f 1107/2673/2476 1086/2652/2458 1099/2650/2456
f 873/2137/1988 898/2138/1989 891/2101/1958
f 873/2076/1945 891/2067/1938 874/2064/1936
f 873/2025/1897 869/2019/1893 856/1995/1871
f 873/2026/1898 870/2013/1887 869/2012/1886
f 873/2077/1946 856/2095/1946 898/2078/1946
f 873/2027/1899 874/2028/1900 870/2029/1901
f 742/1729/1624 672/1732/1627 641/1751/1645
f 1355/3282/3026 1359/3283/3027 1349/3308/3050
f 1355/3344/3083 1390/3345/3084 1382/3346/3085
f 1355/3347/3086 1356/3348/3087 1390/3349/3088
f 1355/3344/3083 1382/3346/3085 1359/3350/3089
f 809/1875/1753 761/1905/1782 760/1906/1783
f 809/1875/1753 794/1907/1784 761/1905/1782
f 1190/2857/2649 1179/2865/2656 1197/2866/2657
f 172/439/411 189/424/394 174/440/412
f 172/439/410 199/441/413 189/424/394
f 172/361/339 166/362/340 173/363/341
f 172/361/339 174/364/342 163/365/343
f 172/361/339 163/365/343 166/362/340
f 172/439/409 173/442/414 199/441/413
f 935/2533/1114 1068/2532/2347 933/2534/1114
f 935/2213/1114 933/2214/1114 932/2215/1114
f 1096/2615/2425 1091/2609/2419 1093/2608/2418
f 1096/2615/2425 616/2636/2446 622/2616/2426
f 1096/2615/2425 622/2616/2426 621/2617/2427
f 1096/2615/2425 1093/2637/2447 616/2636/2446
f 1096/2615/2425 621/2617/2427 1091/2609/2419
f 1242/2978/2763 1272/3024/2805 1243/2979/2764
f 1242/2978/2763 1248/2987/2772 1272/3024/2805
f 951/2245/2081 965/2293/2124 969/2263/2098
f 586/1372/1292 578/1354/1274 587/1373/1293
f 586/1372/1292 588/1374/1294 579/1355/1275
f 586/1372/1292 579/1355/1275 578/1354/1274
f 586/1372/1292 587/1373/1293 584/1375/1295
f 586/1372/1292 584/1375/1295 588/1374/1294
f 1435/3631/3334 1429/3632/3335 1488/3623/3328
f 1435/3631/3334 1488/3623/3328 1492/3633/3336
f 241/537/503 242/538/504 243/539/505
f 241/537/503 230/509/476 242/538/504
f 241/537/503 243/539/505 244/540/506
f 241/963/912 244/964/912 237/965/912
f 241/537/503 237/523/489 230/509/476
f 1170/2816/2609 1161/2817/2610 1136/2818/2611
f 1170/2816/2609 1165/2792/2586 1161/2817/2610
f 1170/2816/2609 1172/2809/2602 1165/2792/2586
f 717/1655/1564 660/1656/1565 661/1657/1566
f 717/1599/1510 695/1567/1480 718/1600/1511
f 717/1658/1567 718/1659/1568 660/1648/1557
f 717/1655/1564 661/1657/1566 692/1660/1569
f 717/1599/1510 698/1571/1484 695/1567/1480
f 717/1601/1512 692/1602/1513 698/1603/1514
f 1359/3351/3090 1374/3322/3061 1360/3321/3060
f 1359/3284/3028 1360/3285/3029 1348/3286/3030
f 1359/3283/3027 1348/3287/3031 1349/3308/3050
f 1359/3351/3090 1382/3334/3073 1374/3322/3061
f 349/863/809 356/846/792 357/847/793
f 349/831/777 354/848/794 350/832/778
f 349/863/809 357/847/793 326/849/795
f 349/863/809 326/849/795 354/850/796
f 444/1826/1716 785/1827/1717 775/1812/1702
f 444/1858/1740 786/1828/1718 785/1829/1719
f 471/1130/1066 459/1085/1026 469/1136/1072
f 1191/2858/2650 1198/2867/2658 1130/2856/2648
f 171/443/415 170/444/416 192/429/399
f 171/443/415 192/429/399 196/436/406
f 935/2535/2348 894/2536/2349 1064/2517/2332
f 935/2216/2057 934/2217/2058 894/2210/2054
f 605/1413/1331 609/1425/1343 603/1411/1329
f 1119/2698/2501 1123/2690/2493 1122/2702/2505
f 991/2304/2132 998/2315/2143 999/2316/2144
f 991/2304/2132 999/2316/2144 962/2314/2142
f 991/2304/2132 994/2307/2135 998/2315/2143
f 589/1424/1342 392/1423/1341 393/1426/1344
f 589/1376/1296 393/1377/1297 590/1378/1296
f 1429/3589/3302 1436/3590/3302 1430/3591/3302
f 1429/3456/3184 1430/3457/3185 1421/3458/3186
f 245/620/578 275/622/580 278/628/586
f 245/541/507 227/527/493 246/542/508
f 245/541/507 246/542/508 236/520/486
f 245/620/578 278/628/586 227/629/587
f 797/2721/2521 1137/2735/2535 1145/2736/2536
f 797/2721/2521 1138/2720/2520 1137/2735/2535
f 692/1564/1477 719/1604/1515 703/1576/1489
f 692/1564/1477 702/1575/1488 693/1565/1478
f 692/1637/1546 729/1639/1548 719/1653/1562
f 692/1564/1477 703/1576/1489 702/1575/1488
f 1288/3164/2927 1309/3163/2926 1289/3169/2930
f 1288/3124/2889 1289/3125/2890 1204/3126/2891
f 112/206/194 31/205/193 117/225/209
f 112/226/210 117/227/211 98/228/212
f 112/226/210 56/229/213 50/263/244
f 112/226/210 98/228/212 56/229/213
f 970/2264/2099 971/2265/2099 972/2266/2099
f 970/2427/2251 980/2424/2248 971/2433/2256
f 608/1418/1336 610/1427/1345 376/1419/1337
f 608/1418/1336 611/1428/1346 610/1427/1345
f 1195/2868/2659 1199/2869/2660 1196/2870/2661
f 1195/3459/3187 1401/3410/3141 1199/3460/3188
f 200/604/564 265/582/542 201/587/547
f 200/445/417 201/446/418 202/447/419
f 200/577/537 198/588/548 197/578/538
f 200/445/417 202/447/419 198/448/420
f 438/1023/970 439/1024/971 421/1025/972
f 438/1023/970 421/1025/972 440/1026/973
f 438/1023/970 441/1027/974 442/1028/975
f 438/1023/970 440/1026/973 441/1027/974
f 438/1023/970 442/1028/975 439/1024/971
f 644/1702/1601 492/1703/1602 683/1704/1603
f 644/1702/1601 680/1692/1593 478/1697/1596
f 644/1702/1601 478/1697/1596 492/1703/1602
f 407/1029/976 416/994/941 423/993/940
f 407/1030/977 423/1031/978 443/1032/979
f 946/2238/2074 951/2245/2081 969/2263/2098
f 526/1215/1144 529/1214/1143 530/1219/1148
f 526/1268/1195 531/1269/1196 532/1270/1197
f 526/1215/1144 530/1219/1148 531/1220/1149
f 526/1208/1137 532/1221/1150 533/1222/1151
f 1127/2694/2497 1105/2703/2506 1116/2697/2500
f 1127/2694/2497 1116/2697/2500 1125/2692/2495
f 1127/2694/2497 1114/2677/2480 1105/2703/2506
f 19/22/18 22/26/22 21/25/21
f 919/2139/1990 892/2181/2028 903/2121/1972
f 919/2139/1990 916/2140/1991 920/2141/1992
f 919/2139/1990 920/2141/1992 904/2182/2029
f 919/2139/1990 903/2121/1972 910/2122/1973
f 919/2139/1990 904/2182/2029 892/2181/2028
f 919/2139/1990 910/2122/1973 916/2135/1986
f 739/1753/1647 659/1764/1658 686/1730/1625
f 1263/3005/2788 1260/3002/2785 1273/3025/2806
f 1263/3005/2788 1265/3026/2807 1261/3003/2786
f 1263/3005/2788 1273/3025/2806 1264/3006/2789
f 1263/3005/2788 1261/3003/2786 1260/3002/2785
f 62/96/83 63/95/82 81/141/130
f 62/96/83 81/141/130 78/142/131
f 62/92/79 78/143/132 71/109/96
f 1066/2524/2339 989/2518/2333 1059/2512/2327
f 1066/2524/2339 1059/2512/2327 872/2525/2340
f 1066/2524/2339 1067/2528/2343 989/2518/2333
f 578/1354/1274 590/1379/1298 587/1373/1293
f 578/1354/1274 580/1380/1299 590/1379/1298
f 287/686/637 289/685/636 315/732/684
f 287/686/637 314/731/683 286/734/686
f 287/658/611 286/665/616 267/681/632
f 287/686/637 315/732/684 314/731/683
f 763/1965/1841 780/1953/1829 844/1955/1831
f 763/1965/1841 844/1955/1831 828/1966/1842
f 670/1525/1440 671/1526/1441 672/1527/1442
f 670/1525/1440 673/1528/1443 671/1526/1441
f 1311/3170/2931 1312/3171/2932 1309/3163/2926
f 1311/3170/2931 1313/3172/2933 1312/3171/2932
f 214/478/449 35/479/450 211/474/445
f 214/478/449 37/480/451 35/479/450
f 214/478/449 26/481/452 37/480/451
f 819/1908/1785 800/1866/1744 799/1865/1743
f 819/1909/1786 809/1875/1753 800/1924/1801
f 819/1909/1786 794/1907/1784 809/1875/1753
f 1123/2690/2493 1110/2689/2492 1130/2704/2507
f 149/386/362 151/387/363 179/388/364
f 149/386/362 180/389/365 170/390/366
f 149/304/282 150/305/283 151/306/284
f 149/386/362 179/388/364 180/389/365
f 896/2074/1943 884/2079/1947 860/2080/1948
f 627/1765/1659 747/1742/1637 626/1766/1660
f 627/1765/1659 640/1767/1661 753/1768/1662
f 627/1765/1659 753/1768/1662 747/1742/1637
f 1391/3352/3091 1357/3353/3092 1383/3354/3093
f 1391/3352/3091 1366/3355/3094 1357/3353/3092
f 358/851/797 332/835/781 359/852/798
f 358/851/797 333/853/799 332/835/781
f 822/2468/2283 790/2477/2292 1051/2469/2284
f 822/1910/1787 817/1896/1773 790/1879/1757
f 545/1271/1198 546/1272/1199 536/1267/1194
f 545/1319/1243 549/1320/1244 546/1321/1245
f 545/1271/1198 536/1267/1194 482/1266/1193
f 152/307/285 153/308/286 130/277/255
f 152/309/287 154/310/288 155/311/289
f 152/309/287 127/272/250 153/312/290
f 152/307/285 130/277/255 154/313/291
f 152/309/287 155/311/289 127/272/250
f 868/2030/1902 870/2029/1901 875/2031/1903
f 868/2030/1902 875/2031/1903 848/2059/1931
f 591/1381/1300 592/1382/1301 593/1383/1302
f 591/1381/1300 568/1384/1303 592/1382/1301
f 1309/3163/2926 1314/3173/2934 1289/3169/2930
f 110/230/214 118/231/215 101/190/178
f 110/230/214 117/232/216 118/231/215
f 110/230/214 98/233/217 117/232/216
f 1040/2434/2257 1026/2435/1114 1007/2436/1114
f 457/1076/1021 376/1077/1021 455/1084/1021
f 1426/3446/3176 1431/3461/3189 1405/3412/3143
f 1426/3446/3176 1432/3462/3190 1431/3461/3189
f 1426/3446/3176 1405/3412/3143 1403/3406/3137
f 1426/3446/3176 1427/3448/3178 1432/3463/3191
f 223/496/467 218/498/469 240/531/497
f 223/496/467 240/531/497 232/511/478
f 707/1580/1493 700/1573/1486 705/1578/1491
f 707/1580/1493 705/1578/1491 720/1605/1516
f 707/1606/1517 689/1607/1518 700/1608/1519
f 707/1580/1493 720/1605/1516 708/1581/1494
f 1290/3127/2892 1281/3108/2876 1291/3128/2893
f 1290/3174/2935 1315/3175/2935 1286/3176/2935
f 1290/3201/2956 1291/3177/2936 1316/3178/2937
f 1290/3201/2956 1316/3178/2937 1317/3179/2938
f 1290/3127/2892 1278/3109/2877 1281/3108/2876
f 1290/3127/2892 1286/3116/2883 1278/3109/2877
f 1290/3249/2998 1317/3238/2988 1315/3250/2999
f 119/234/218 120/235/219 111/264/245
f 119/804/750 337/800/746 340/803/749
f 119/804/751 111/805/245 122/806/752
f 119/234/218 116/236/220 120/235/219
f 119/804/750 340/803/749 116/807/753
f 119/804/751 122/806/752 337/800/746
f 1431/3461/3189 1432/3462/3190 1420/3437/3167
f 1431/3461/3189 1408/3415/3146 1433/3464/3192
f 1431/3461/3189 1434/3465/3193 1408/3415/3146
f 1431/3461/3189 1433/3464/3192 1405/3412/3143
f 1431/3461/3189 1420/3437/3167 1434/3465/3193
f 215/606/566 212/589/549 205/590/550
f 215/482/453 213/476/447 212/475/446
f 426/999/946 430/1009/956 427/1000/947
f 656/1609/1520 710/1610/1520 682/1611/1520
f 1364/3634/3337 1487/3622/3327 1328/3635/3338
f 1364/3634/3337 1488/3623/3328 1487/3622/3327
f 1364/3634/3337 1363/3636/3339 1488/3623/3328
f 247/966/913 248/946/893 341/948/895
f 247/808/754 341/809/755 254/774/721
f 247/543/509 238/525/491 248/544/510
f 973/2267/2100 974/2268/2101 975/2269/2102
f 973/2464/2279 975/2478/2293 1049/2465/2280
f 973/2267/2100 967/2261/2096 974/2268/2101
f 1097/2618/2428 1098/2619/2429 1099/2620/2430
f 1097/2618/2428 1099/2620/2430 1081/2578/2388
f 1097/2653/2459 1101/2654/2460 1109/2655/2461
f 1097/2653/2459 1109/2655/2461 1098/2674/2477
f 30/36/32 9/11/7 8/10/6
f 834/1933/1809 833/1932/1808 839/1982/1858
f 834/1933/1809 839/1982/1858 783/1967/1843
f 647/1769/1663 674/1760/1654 752/1759/1653
f 647/1769/1663 752/1759/1653 648/1770/1664
f 647/1501/1416 652/1506/1421 674/1529/1444
f 1335/3225/2977 1345/3239/2989 1321/3228/2980
f 1335/3225/2977 1334/3224/2976 1345/3239/2989
f 109/793/740 107/792/739 331/788/735
f 1171/2800/2594 1174/2819/2612 1172/2801/2595
f 156/366/344 168/367/345 160/368/346
f 156/366/344 175/369/347 168/367/345
f 156/366/344 160/368/346 157/370/348
f 156/371/349 158/372/350 175/373/351
f 156/314/292 157/315/293 158/316/294
f 1057/2537/2350 943/2538/2351 942/2539/2352
f 611/1428/1346 603/1415/1333 610/1427/1345
f 1220/2922/2712 1203/2894/2684 1221/2923/2713
f 1220/2924/2714 1222/2925/2715 1203/2894/2684
f 1220/2926/2716 1213/2911/2701 1210/2910/2700
f 1220/2924/2714 1210/2927/2717 1222/2925/2715
f 31/37/33 6/52/46 17/19/15
f 1016/2353/2180 997/2355/2182 1003/2383/2209
f 1016/2353/2180 1032/2384/2210 1033/2385/2211
f 1016/2353/2180 1033/2385/2211 1017/2354/2181
f 1016/2353/2180 1003/2383/2209 1032/2384/2210
f 386/900/846 387/901/847 388/902/848
f 386/900/846 389/903/849 390/904/850
f 386/900/846 390/904/850 387/901/847
f 400/945/892 409/967/914 410/968/915
f 400/945/892 410/968/915 411/969/916
f 400/945/892 408/962/911 409/967/914
f 770/2726/2526 1146/2737/2537 787/2738/2538
f 770/1968/1844 788/1969/1845 850/1970/1846
f 770/1968/1844 850/1970/1846 789/1947/1823
f 770/1859/1720 787/1830/1720 788/1831/1720
f 770/1807/1697 789/1832/1721 771/1808/1698
f 770/2726/2526 1140/2725/2525 1146/2737/2537
f 675/1530/1445 667/1522/1437 676/1531/1446
f 675/1661/1570 704/1662/1570 667/1682/1570
f 675/1663/1571 652/1644/1553 730/1640/1549
f 675/1532/1447 676/1533/1448 652/1506/1421
f 1388/3356/3095 1377/3357/3096 1392/3358/3096
f 1388/3359/3097 1384/3336/3075 1387/3341/3080
f 1388/3359/3097 1392/3360/3098 1384/3336/3075
f 1388/3361/3099 1387/3341/3080 1389/3362/3100
f 362/1067/1012 437/1069/1014 385/1072/1017
f 835/1937/1813 849/1964/1840 851/1971/1847
f 835/1937/1813 851/1971/1847 812/1935/1811
f 457/2656/2462 1075/2657/2463 1110/2658/2464
f 457/2560/2372 1072/2559/2371 1075/2567/2379
f 457/2656/2462 1110/2658/2464 1084/2659/2465
f 139/290/268 129/276/254 141/317/295
f 139/290/268 141/317/295 159/318/296
f 876/2032/1904 877/2033/1905 878/2034/1906
f 876/2032/1904 879/2035/1907 865/2036/1908
f 876/2032/1904 865/2036/1908 877/2033/1905
f 876/2032/1904 878/2034/1906 858/1997/1873
f 876/2032/1904 858/1997/1873 879/2035/1907
f 599/1771/1665 731/1794/1684 753/1768/1662
f 599/1488/1404 640/1489/1405 596/1490/1406
f 599/1771/1665 753/1768/1662 640/1767/1661
f 1206/2898/2688 1133/2900/2690 1223/2928/2718
f 1206/2898/2688 1224/2929/2719 1214/2908/2698
f 1206/2930/2720 1223/2931/2720 1224/2932/2720
f 1206/2898/2688 1214/2908/2698 1207/2899/2689
f 20/23/19 32/38/34 28/34/30
f 1034/2386/2212 1019/2359/2186 1024/2366/2193
f 1034/2387/2213 1025/2388/2213 1035/2389/2214
f 1034/2386/2212 1024/2366/2193 1036/2390/2215
f 1034/2387/2213 1036/2391/2216 1025/2388/2213
f 368/878/824 391/905/851 361/906/852
f 368/878/824 372/877/823 391/905/851
f 368/907/853 364/908/854 369/909/855
f 368/910/856 361/911/857 364/935/881
f 1201/3422/3153 1410/3419/3150 1414/3425/3155
f 205/483/454 212/475/446 193/477/448
f 428/1001/948 422/992/939 433/1016/963
f 1255/2994/2779 1258/3000/2783 1251/2990/2775
f 1255/2994/2779 1251/2990/2775 1253/2992/2777
f 1255/2994/2779 1253/2992/2777 1256/2995/2780
f 86/144/133 87/145/134 88/146/135
f 86/144/133 79/127/116 80/126/115
f 86/144/133 80/126/115 63/147/136
f 86/144/133 89/148/137 79/127/116
f 86/144/133 63/147/136 90/149/138
f 86/144/133 88/146/135 89/150/139
f 86/144/133 90/149/138 87/145/134
f 1061/2514/2329 1069/2540/2353 1060/2513/2328
f 1061/2514/2329 981/2522/2337 1069/2540/2353
f 1450/3502/3224 1473/3545/3267 1451/3503/3225
f 1450/3502/3224 1452/3504/3226 1458/3512/3234
f 1450/3502/3224 1458/3512/3234 1455/3517/3239
f 1450/3502/3224 1455/3517/3239 1473/3545/3267
f 316/735/687 290/736/688 293/737/689
f 316/735/687 301/738/690 299/694/645
f 316/735/687 279/739/691 301/738/690
f 316/735/687 293/737/689 279/739/691
f 316/735/687 298/692/643 290/736/688
f 316/735/687 299/694/645 298/692/643
f 784/1972/1848 825/1973/1849 852/1974/1850
f 784/1972/1848 852/1974/1850 781/1983/1859
f 733/1690/1591 680/1692/1593 685/1705/1604
f 733/1690/1591 685/1705/1604 735/1706/1605
f 733/1690/1591 735/1706/1605 734/1691/1592
f 1342/3363/3101 1357/3353/3092 1366/3355/3094
f 823/2472/2287 1045/2459/2274 814/2470/2285
f 823/2479/2294 804/2480/2295 1045/2481/2296
f 823/1911/1788 805/1871/1749 804/1870/1748
f 476/1108/1045 479/1111/1048 482/1114/1051
f 476/1108/1045 475/1107/1044 479/1111/1048
f 1311/3637/3341 1413/3638/3342 1184/3639/3343
f 1311/3637/3341 1493/3640/3344 1413/3638/3342
f 1311/3170/2931 1184/3180/2939 1313/3172/2933
f 35/479/450 193/477/448 211/474/445
f 636/1483/1399 625/1461/1377 624/1460/1376
f 636/1483/1399 632/1476/1392 625/1461/1377
f 636/1483/1399 637/1485/1401 632/1476/1392
f 1329/3251/3000 1348/3252/3001 1332/3220/2972
f 1329/3215/2967 1330/3214/2966 1348/3253/2949
f 1329/3251/3000 1332/3220/2972 1331/3219/2971
f 1329/3251/3000 1331/3219/2971 1323/3254/3002
f 326/849/795 357/847/793 338/854/800
f 326/782/729 338/815/761 327/783/730
f 1097/2621/2431 1100/2622/2432 1101/2623/2433
f 1097/2618/2428 1081/2578/2388 1083/2580/2390
f 1097/2621/2431 1083/2624/2434 1102/2625/2435
f 1097/2621/2431 1102/2625/2435 1100/2622/2432
f 1407/3418/3149 1409/3417/3148 1405/3466/3194
f 1407/3414/3145 1405/3412/3143 1433/3464/3192
f 1407/3414/3145 1433/3464/3192 1408/3415/3146
f 279/630/588 222/625/583 272/631/589
f 279/630/588 249/626/584 222/625/583
f 279/630/588 270/632/590 249/626/584
f 765/2734/2534 1147/2739/2539 1142/2729/2529
f 682/1664/1572 683/1665/1572 656/1666/1572
f 409/967/914 412/970/917 405/971/918
f 409/967/914 413/972/919 410/968/915
f 409/967/914 408/962/911 412/970/917
f 409/967/914 405/971/918 413/972/919
f 975/2270/2103 948/2241/2077 947/2244/2080
f 975/2270/2103 947/2244/2080 976/2271/2104
f 975/2269/2102 974/2268/2101 948/2241/2077
f 502/1161/1091 473/1154/1088 476/1153/1088
f 502/1223/1152 530/1224/1153 534/1225/1154
f 502/1223/1152 535/1226/1155 473/1227/1156
f 502/1223/1152 536/1228/1157 530/1224/1153
f 502/1223/1152 534/1225/1154 535/1226/1155
f 898/2138/1989 921/2142/1993 891/2101/1958
f 898/2138/1989 922/2143/1994 921/2142/1993
f 898/2144/1995 904/2182/2029 922/2145/1996
f 898/2144/1995 856/2146/1997 904/2182/2029
f 739/1772/1666 662/1773/1666 659/1774/1666
f 739/1775/1667 754/1776/1668 663/1735/1630
f 739/1775/1667 663/1735/1630 662/1777/1669
f 1339/3232/2983 1349/3255/3003 1330/3214/2966
f 1339/3232/2983 1330/3214/2966 1300/3213/2965
f 1339/3232/2983 1300/3213/2965 1322/3244/2994
f 1339/3232/2983 1322/3244/2994 1340/3233/2984
f 123/776/723 328/785/732 324/777/724
f 123/776/723 2/773/720 328/785/732
f 444/1033/980 445/1034/981 431/1062/1007
f 444/1858/1740 431/1833/1722 786/1828/1718
f 459/1137/1073 496/1138/1074 497/1139/1075
f 459/1140/1076 497/1139/1075 470/1098/1037
f 1141/2820/2613 1143/2821/2614 1178/2822/2615
f 1141/2820/2613 1178/2822/2615 1179/2823/2616
f 134/374/352 166/362/340 163/365/343
f 612/1429/1347 613/1430/1348 614/1431/1349
f 612/1429/1347 614/1431/1349 602/1410/1328
f 1225/3079/2852 1229/3080/2853 1226/3081/2853
f 1225/2933/2721 1226/2934/2722 1212/2906/2696
f 1225/2933/2721 1211/2905/2695 1227/2935/2723
f 1225/2933/2721 1228/2936/2724 1229/2937/2725
f 1225/2933/2721 1227/2935/2723 1228/2936/2724
f 1225/2933/2721 1212/2906/2696 1211/2905/2695
f 42/54/48 54/72/64 55/73/65
f 42/54/48 55/73/65 48/62/56
f 951/2338/2165 1000/2317/2145 963/2318/2146
f 370/875/821 392/912/858 371/876/822
f 370/1432/1350 393/1426/1344 392/1423/1341
f 370/880/826 386/900/846 393/913/859
f 370/880/826 373/879/825 386/900/846
f 1435/3592/3303 1444/3581/3298 1436/3599/3306
f 1435/3467/3195 1436/3468/3195 1429/3488/3195
f 1435/3631/3334 1492/3633/3336 1479/3641/3345
f 1435/3592/3303 1479/3582/3299 1444/3581/3298
f 244/985/932 414/973/920 402/974/921
f 244/985/932 243/975/922 259/976/923
f 244/985/932 259/976/923 414/973/920
f 769/2723/2523 1148/2740/2540 1149/2741/2541
f 769/2723/2523 772/2742/2542 1148/2740/2540
f 769/2723/2523 1149/2741/2541 1139/2724/2524
f 660/1648/1557 718/1659/1568 678/1646/1555
f 1370/3316/3057 1372/3315/3057 1383/3364/3102
f 1370/3312/3054 1385/3337/3076 1371/3313/3055
f 433/1078/1022 453/1064/1009 428/1066/1011
f 558/1309/1233 561/1322/1246 563/1310/1234
f 558/1309/1233 565/1312/1236 559/1323/1247
f 142/296/274 158/316/294 157/315/293
f 142/296/274 160/319/297 145/297/275
f 142/296/274 137/286/264 158/316/294
f 142/296/274 157/315/293 160/319/297
f 857/1996/1872 880/2037/1909 858/1997/1873
f 857/1996/1872 869/2019/1893 871/2018/1892
f 857/1996/1872 871/2018/1892 880/2037/1909
f 857/1996/1872 856/1995/1871 869/2019/1893
f 628/1470/1386 593/1468/1384 631/1473/1389
f 1221/2923/2713 1203/2894/2684 1205/2896/2686
f 1221/2923/2713 1205/2896/2686 1230/2938/2726
f 1221/2968/2754 1132/2939/2727 1131/2969/2755
f 1221/2923/2713 1230/2938/2726 1132/2940/2728
f 1030/2392/2217 1037/2393/2218 1009/2394/2219
f 365/914/860 389/903/849 366/915/861
f 365/866/812 351/870/816 383/916/862
f 365/914/860 390/904/850 389/903/849
f 365/917/863 383/918/864 390/904/850
f 1428/3450/3180 1409/3434/3164 1417/3433/3163
f 216/545/511 217/564/511 249/546/511
f 216/484/455 191/485/456 217/486/457
f 1272/3027/2808 1264/3028/2808 1273/3029/2808
f 1272/3030/2809 1273/3031/2810 1274/3032/2811
f 1272/3024/2805 1248/2987/2772 1264/3033/2812
f 1272/3030/2809 1274/3032/2811 1243/3034/2813
f 63/147/136 80/126/115 81/128/117
f 1042/2449/2264 845/2482/2297 822/2468/2283
f 1042/2449/2264 1043/2452/2267 845/2482/2297
f 569/1357/1277 576/1359/1279 570/1385/1304
f 569/1366/1286 575/1352/1272 580/1386/1305
f 569/1324/1248 570/1325/1249 571/1326/1250
f 1468/3534/3256 1464/3528/3250 1466/3531/3253
f 1468/3534/3256 1470/3537/3259 1474/3546/3268
f 1468/3534/3256 1474/3546/3268 1464/3528/3250
f 266/591/551 215/606/566 203/607/567
f 459/1684/1585 671/1686/1587 673/1707/1606
f 1326/3206/2959 1324/3208/2961 1301/3217/2969
f 820/1900/1777 802/1868/1746 821/1901/1778
f 820/1900/1777 799/1928/1804 803/1869/1747
f 820/1900/1777 803/1869/1747 802/1868/1746
f 464/1092/1031 466/1094/1033 497/1139/1075
f 464/1092/1031 497/1139/1075 465/1093/1032
f 1193/3161/2924 1217/3158/2921 1123/3181/2940
f 1193/3161/2924 1307/3159/2922 1217/3158/2921
f 15/466/438 12/491/462 206/467/439
f 899/2147/1998 901/2148/1999 907/2149/2000
f 899/2150/2001 907/2114/1967 909/2113/1966
f 899/2150/2001 909/2113/1966 897/2151/2002
f 899/2081/1949 900/2082/1949 901/2083/1949
f 899/2084/1950 897/2085/1950 900/2086/1950
f 1358/3365/3103 1393/3366/3104 1378/3367/3105
f 1358/3368/3106 1366/3355/3094 1391/3352/3091
f 1358/3369/3107 1369/3370/3108 1393/3371/3109
f 1358/3368/3106 1391/3352/3091 1369/3372/3110
f 344/864/810 346/844/790 339/843/789
f 344/864/810 339/843/789 360/855/801
f 344/919/865 361/936/882 345/920/866
f 344/864/810 360/855/801 361/856/802
f 774/1811/1701 444/1826/1716 775/1812/1702
f 1192/2859/2651 1196/2864/2655 1176/2855/2647
f 1192/2859/2651 1176/2855/2647 1175/2853/2645
f 169/464/436 194/433/403 178/449/421
f 942/2218/2059 943/2219/2060 939/2220/2059
f 942/2218/2059 939/2220/2059 933/2234/2071
f 992/2305/2133 1001/2319/2147 993/2306/2134
f 992/2320/2148 1002/2321/2148 1001/2322/2149
f 992/2320/2148 985/2323/2150 1002/2321/2148
f 992/2305/2133 961/2303/2131 985/2324/2151
f 394/1433/1351 378/1422/1340 582/1421/1339
f 394/921/867 395/922/868 378/885/831
f 272/740/692 301/738/690 279/739/691
f 765/2734/2534 782/2743/2543 1150/2744/2544
f 765/2734/2534 1150/2744/2544 1147/2739/2539
f 721/1612/1521 714/1594/1505 720/1613/1522
f 721/1667/1573 730/1640/1549 722/1642/1551
f 721/1667/1573 720/1668/1574 675/1663/1571
f 721/1612/1521 722/1614/1523 715/1595/1506
f 721/1612/1521 715/1595/1506 714/1594/1505
f 721/1667/1573 675/1663/1571 730/1640/1549
f 1231/3056/2834 1233/3082/2854 1249/3057/2834
f 1231/2941/2729 1232/2942/2730 1233/2943/2731
f 1231/3060/2837 1247/3059/2836 1228/3083/2855
f 1231/2944/2732 1228/2936/2724 1232/2945/2733
f 55/73/65 47/74/66 46/75/67
f 55/73/65 54/72/64 47/74/66
f 963/2437/2258 1026/2438/2258 1041/2439/2258
f 963/2430/2254 1006/2440/2259 1026/2428/2252
f 396/923/869 379/886/832 397/924/870
f 396/1408/1326 397/1434/1352 392/1423/1341
f 1200/2871/2662 1180/2872/2663 1201/2873/2664
f 1200/2874/2665 1183/2875/2666 1171/2876/2667
f 1200/2871/2662 1201/2873/2664 1187/2877/2668
f 1200/2871/2662 1171/2878/2669 1180/2872/2663
f 1200/2874/2665 1186/2849/2641 1183/2875/2666
f 1200/2874/2665 1187/2850/2642 1186/2849/2641
f 189/424/394 184/417/387 174/440/412
f 446/1035/982 423/1031/978 424/1013/960
f 446/1035/982 424/1013/960 432/1012/959
f 446/1036/983 432/1037/984 441/1027/974
f 446/1036/983 441/1027/974 440/1038/985
f 446/1039/986 440/1040/987 447/1041/988
f 446/1035/982 447/1042/989 423/1031/978
f 404/954/901 341/948/895 401/947/894
f 954/2248/2084 953/2247/2083 957/2251/2087
f 954/2248/2084 977/2272/2105 978/2273/2106
f 954/2248/2084 957/2251/2087 977/2272/2105
f 521/1195/1124 509/1229/1158 512/1196/1125
f 521/1195/1124 524/1206/1135 509/1229/1158
f 1111/2660/2466 1112/2661/2467 1084/2659/2465
f 1111/2660/2466 1084/2659/2465 1110/2658/2464
f 9/391/367 129/392/368 38/393/369
f 752/1759/1653 676/1758/1652 755/1778/1670
f 1280/3121/2886 1292/3129/2894 1287/3122/2887
f 1280/3121/2886 1279/3130/2895 1292/3129/2894
f 85/135/124 75/116/103 76/121/110
f 85/151/140 91/152/141 75/153/142
f 85/171/160 66/101/88 83/170/159
f 85/151/140 83/133/122 91/152/141
f 1061/2514/2329 1058/2509/2324 971/2508/2323
f 1475/3547/3269 1476/3548/3270 1456/3509/3231
f 1475/3549/3271 1456/3513/3235 1458/3512/3234
f 1475/3547/3269 1452/3550/3272 1477/3551/3273
f 1475/3549/3271 1458/3512/3234 1452/3504/3226
f 1475/3547/3269 1477/3551/3273 1476/3548/3270
f 303/741/693 317/742/694 318/743/695
f 303/741/693 297/689/640 317/742/694
f 303/741/693 318/743/695 304/744/696
f 837/1939/1815 847/1962/1838 853/1975/1851
f 837/1939/1815 853/1975/1851 838/1940/1816
f 736/1779/1671 649/1780/1672 648/1770/1664
f 736/1708/1607 734/1691/1592 735/1706/1605
f 736/1708/1607 735/1706/1605 649/1709/1608
f 1482/3608/3314 1491/3626/3331 1483/3609/3315
f 218/487/458 209/472/443 208/492/463
f 218/498/469 219/499/470 209/547/512
f 814/2470/2285 1045/2459/2274 1047/2462/2277
f 814/2483/2298 1047/2484/2299 1051/2469/2284
f 814/2483/2298 1051/2469/2284 790/2477/2292
f 490/1162/1092 503/1163/1093 489/1164/1094
f 490/1230/1159 505/1250/1159 503/1251/1159
f 490/1175/1104 474/1165/1095 504/1166/1096
f 490/1175/1104 504/1166/1096 505/1167/1097
f 177/430/400 178/449/421 194/433/403
f 929/2191/2035 930/2193/2037 933/2197/2041
f 929/2191/2035 925/2221/2061 901/2192/2036
f 929/2191/2035 940/2208/2052 925/2221/2061
f 929/2191/2035 933/2197/2041 940/2208/2052
f 342/820/766 362/857/803 352/837/783
f 809/1875/1753 760/1906/1783 813/1889/1766
f 468/1294/1219 555/1293/1218 498/1327/1251
f 468/1096/1035 498/1141/1077 466/1094/1033
f 136/288/266 139/290/268 159/318/296
f 136/288/266 159/318/296 161/320/298
f 136/285/263 161/321/299 162/322/300
f 136/285/263 162/322/300 137/286/264
f 833/1984/1860 781/1983/1859 831/1930/1806
f 1215/3131/2896 1293/3132/2896 1281/3145/2896
f 1215/3157/2920 1306/3156/2919 1293/3182/2941
f 121/237/221 120/235/219 116/236/220
f 121/238/222 95/178/167 120/265/246
f 121/238/222 116/239/223 115/218/202
f 121/238/222 97/182/170 95/178/167
f 121/238/222 115/218/202 97/182/170
f 600/1406/1325 615/1435/1353 380/1404/1323
f 600/1406/1325 379/1405/1324 396/1408/1326
f 247/543/509 220/533/499 236/520/486
f 247/543/509 236/520/486 246/542/508
f 247/543/509 246/542/508 239/526/492
f 688/1615/1524 700/1608/1519 689/1607/1518
f 688/1615/1524 711/1616/1525 701/1617/1526
f 688/1558/1471 690/1560/1473 711/1591/1502
f 688/1615/1524 701/1617/1526 700/1608/1519
f 1394/3373/3111 1395/3374/3112 1396/3375/3113
f 1394/3373/3111 1390/3349/3088 1397/3376/3114
f 1394/3377/3115 1379/3378/3116 1390/3345/3084
f 1394/3373/3111 1397/3376/3114 1376/3327/3066
f 1394/3377/3115 1396/3379/3117 1379/3378/3116
f 1394/3373/3111 1376/3327/3066 1395/3374/3112
f 362/891/837 376/883/829 375/882/828
f 813/1889/1766 760/1906/1783 824/1912/1789
f 559/1300/1225 572/1328/1252 542/1329/1253
f 559/1300/1225 542/1329/1253 541/1301/1226
f 559/1323/1247 565/1312/1236 572/1330/1254
f 141/317/295 129/276/254 30/323/301
f 833/2038/1910 881/2039/1911 840/2040/1912
f 833/2038/1910 866/2041/1913 881/2039/1911
f 731/1794/1684 736/1779/1671 753/1768/1662
f 731/1794/1684 732/1781/1673 736/1779/1671
f 1318/3183/2942 1304/3154/2917 1306/3156/2919
f 1318/3183/2942 1307/3159/2922 1193/3161/2924
f 1318/3183/2942 1306/3156/2919 1307/3159/2922
f 1318/3183/2942 1308/3160/2923 1304/3154/2917
f 1318/3183/2942 1193/3161/2924 1308/3160/2923
f 13/195/183 108/199/187 14/201/189
f 13/15/11 15/17/13 28/34/30
f 1011/2345/2172 1025/2368/2195 1036/2395/2220
f 1011/2372/2198 1036/2396/2221 1023/2365/2192
f 380/1070/1015 458/1079/1023 454/1065/1010
f 1412/3421/3152 1429/3456/3184 1421/3458/3186
f 1412/3421/3152 1421/3458/3186 1410/3419/3150
f 271/633/591 276/623/581 228/634/592
f 271/613/571 227/612/570 278/635/593
f 271/633/591 280/636/594 276/623/581
f 271/633/591 278/637/595 280/636/594
f 718/1600/1511 695/1567/1480 723/1618/1527
f 979/2274/2107 971/2294/2107 980/2275/2107
f 979/2295/2125 953/2247/2083 981/2276/2108
f 1454/3506/3228 1464/3552/3274 1455/3507/3229
f 1454/3516/3238 1457/3515/3237 1465/3529/3251
f 1454/3516/3238 1465/3529/3251 1464/3528/3250
f 290/666/617 291/667/618 292/668/619
f 290/669/620 292/670/621 293/671/622
f 825/1985/1861 816/1976/1852 832/1986/1862
f 825/1973/1849 832/1931/1807 852/1974/1850
f 825/1913/1790 784/1914/1791 816/1895/1772
f 1304/3154/2917 1319/3184/2943 1320/3185/2944
f 1304/3154/2917 1320/3185/2944 1306/3156/2919
f 1304/3223/2975 1333/3222/2974 1319/3230/2982
f 108/199/187 13/195/183 104/194/182
f 775/1812/1702 785/1827/1717 776/1813/1703
f 472/1103/1040 477/1109/1046 483/1121/1058
f 1115/2679/2482 1129/2705/2508 1116/2680/2483
f 1115/2679/2482 1117/2681/2484 1131/2706/2509
f 1115/2946/2734 1131/2969/2755 1132/2939/2727
f 1115/2679/2482 1132/2707/2510 1129/2705/2508
f 921/2142/1993 889/2102/1959 891/2101/1958
f 921/2142/1993 922/2143/1994 923/2152/2003
f 921/2142/1993 923/2152/2003 924/2153/2004
f 921/2142/1993 924/2153/2004 889/2102/1959
f 738/1727/1622 740/1724/1619 756/1782/1674
f 738/1783/1675 756/1784/1675 739/1785/1675
f 44/154/143 73/172/161 68/104/91
f 44/154/143 68/104/91 52/155/144
f 602/1410/1328 614/1431/1349 600/1406/1325
f 602/1410/1328 600/1406/1325 396/1408/1326
f 1188/3428/3158 1415/3469/3196 1427/3447/3177
f 169/592/552 215/606/566 205/590/550
f 169/421/391 186/420/390 203/450/422
f 169/592/552 203/607/567 215/606/566
f 427/1000/947 424/995/942 422/992/939
f 1398/3642/3346 1492/3633/3336 1488/3623/3328
f 1398/3642/3346 1488/3623/3328 1363/3636/3340
f 1398/3642/3346 1363/3636/3340 1365/3643/3347
f 412/996/943 408/1043/990 417/987/934
f 996/2309/2137 986/2312/2140 955/2311/2139
f 996/2309/2137 955/2311/2139 997/2310/2138
f 996/2325/2152 1001/2326/2153 1002/2327/2154
f 996/2325/2152 1002/2327/2154 986/2328/2155
f 537/1231/1160 509/1229/1158 524/1206/1135
f 537/1232/1161 510/1181/1110 509/1180/1109
f 537/1233/1162 538/1234/1163 510/1183/1112
f 537/1233/1162 519/1235/1164 538/1234/1163
f 537/1231/1160 524/1206/1135 519/1236/1165
f 1110/2879/2670 1179/2865/2656 1130/2856/2648
f 1110/2824/2617 1075/2825/2618 1179/2823/2616
f 151/387/363 8/394/370 179/388/364
f 151/306/284 150/305/283 133/280/258
f 151/306/284 133/280/258 8/324/302
f 896/2074/1943 883/2087/1951 884/2079/1947
f 896/2154/2005 895/2155/2006 902/2116/1969
f 896/2154/2005 902/2116/1969 883/2156/2007
f 746/1741/1636 626/1766/1660 747/1742/1637
f 1361/3325/3064 1376/3327/3066 1368/3380/3118
f 1361/3288/3032 1350/3289/3033 1346/3290/3033
f 1361/3325/3064 1368/3380/3118 1350/3381/3119
f 332/835/781 347/826/772 359/852/798
f 790/1926/1802 449/1915/1792 777/1916/1793
f 790/1834/1723 778/1816/1706 449/1819/1709
f 1180/2872/2663 1181/2880/2671 1185/2847/2639
f 1180/2826/2619 1144/2803/2597 1181/2827/2620
f 1180/2826/2619 1171/2804/2598 1144/2803/2597
f 1180/2872/2663 1185/2847/2639 1201/2873/2664
f 1057/2537/2350 942/2539/2352 1068/2532/2347
f 1057/2537/2350 1068/2532/2347 972/2531/2346
f 607/1416/1334 603/1415/1333 611/1428/1346
f 607/2587/2397 611/2626/2436 1103/2627/2437
f 607/2587/2397 1103/2627/2437 1079/2588/2398
f 1229/3098/2867 1247/3059/2836 1245/3084/2856
f 1229/3080/2853 1275/3085/2857 1226/3081/2853
f 1229/3098/2867 1228/3083/2855 1247/3059/2836
f 1229/3035/2814 1245/2982/2767 1275/3036/2815
f 584/1375/1295 581/1387/1306 585/1370/1290
f 1437/3470/1336 1416/3489/3211 1438/3471/3197
f 1437/3470/1336 1438/3471/3197 1439/3472/3198
f 233/548/513 250/549/514 234/550/515
f 233/518/484 232/517/483 251/551/516
f 233/548/513 252/552/517 253/553/518
f 233/518/484 251/551/516 252/565/528
f 233/548/513 253/553/518 250/549/514
f 1151/2745/2545 1152/2746/2546 1153/2747/2547
f 1151/2745/2545 1154/2748/2548 1155/2749/2549
f 1151/2811/2604 1177/2813/2606 1162/2828/2621
f 1151/2811/2604 1162/2828/2621 1154/2829/2622
f 1151/2745/2545 1155/2749/2549 1152/2746/2546
f 714/1594/1505 716/1598/1509 720/1613/1522
f 1260/3002/2785 1274/3037/2816 1273/3025/2806
f 306/745/697 308/726/678 313/725/677
f 306/746/698 313/747/698 319/748/698
f 306/711/663 318/743/695 307/712/664
f 306/711/663 319/749/699 318/743/695
f 670/1552/1466 677/1534/1449 678/1535/1450
f 670/1669/1575 678/1646/1555 679/1670/1576
f 670/1525/1440 679/1536/1451 673/1528/1443
f 1487/3622/3327 1490/3625/3330 1324/3644/3348
f 1487/3622/3327 1324/3644/3348 1328/3635/3338
f 247/566/529 254/554/519 1/536/502
f 978/2277/2109 982/2278/2110 983/2279/2111
f 978/2277/2109 977/2280/2112 982/2278/2110
f 978/2485/2300 983/2486/2301 1054/2487/2302
f 506/1168/1098 500/1169/1099 494/1170/1100
f 506/1237/1166 503/1248/1177 510/1183/1112
f 506/1237/1166 510/1183/1112 538/1234/1163
f 506/1168/1098 489/1164/1094 503/1163/1093
f 506/1237/1166 538/1234/1163 500/1238/1167
f 506/1168/1098 494/1170/1100 489/1164/1094
f 181/465/437 206/467/439 210/473/444
f 181/465/437 210/473/444 191/485/456
f 417/987/934 407/1044/991 443/1045/992
f 417/987/934 443/1045/992 420/990/937
f 987/2450/2265 1042/2449/2264 822/2468/2283
f 546/1273/1200 547/1274/1201 531/1275/1202
f 546/1272/1199 548/1276/1203 536/1267/1194
f 546/1273/1200 531/1275/1202 548/1277/1204
f 546/1273/1200 549/1278/1205 547/1274/1201
f 143/294/272 148/325/303 144/295/273
f 143/298/276 145/297/275 146/326/304
f 143/298/276 146/326/304 155/327/305
f 143/294/272 155/328/306 148/325/303
f 593/1383/1302 583/1364/1284 582/1363/1283
f 1203/2894/2684 1222/2925/2715 1204/2895/2685
f 96/186/174 57/240/224 56/241/225
f 96/186/174 53/224/208 57/240/224
f 96/186/174 97/185/173 53/224/208
f 375/882/828 377/884/830 382/892/838
f 1484/3615/3321 1417/3613/3319 1491/3626/3331
f 1484/3615/3321 1428/3645/3349 1417/3613/3319
f 1484/3615/3321 1198/3616/3322 1428/3645/3349
f 209/472/443 191/485/456 210/473/444
f 209/472/443 219/488/459 191/485/456
f 456/1073/1018 385/1072/1017 451/1080/1024
f 690/1560/1473 687/1557/1470 710/1588/1499
f 1348/3286/3030 1362/3291/3034 1332/3292/3035
f 1348/3286/3030 1360/3285/3029 1362/3291/3034
f 326/849/795 324/858/804 354/850/796
f 445/1034/981 442/1028/975 441/1027/974
f 445/1034/981 432/1037/984 431/1062/1007
f 445/1034/981 441/1027/974 432/1037/984
f 445/1034/981 444/1033/980 442/1028/975
f 471/1099/1038 466/1094/1033 460/1142/1078
f 1166/2881/2672 1176/2855/2647 1167/2892/2682
f 135/284/262 133/280/258 150/305/283
f 894/2072/1941 896/2074/1943 860/2080/1948
f 894/2536/2349 859/2510/2325 1064/2517/2332
f 894/2235/2062 860/2222/2062 859/2223/2062
f 627/1464/1380 617/1463/1379 613/1466/1382
f 1133/2970/2756 1134/2947/2735 1223/2948/2736
f 1133/2708/2511 1120/2715/2490 1122/2687/2490
f 1133/2970/2756 1122/2949/2737 1134/2947/2735
f 20/242/226 48/243/227 32/244/228
f 1019/2359/2186 1027/2374/2200 1020/2360/2187
f 391/925/871 363/897/843 345/926/872
f 391/925/871 381/888/834 363/897/843
f 391/925/871 372/927/873 381/888/834
f 391/928/874 345/920/866 361/936/882
f 1478/3593/1114 1479/3594/1114 1449/3587/1114
f 309/717/669 285/716/668 282/750/701
f 309/717/669 282/750/700 284/751/702
f 791/1835/1724 780/1860/1724 792/1836/1724
f 791/1950/1826 772/1977/1853 842/1951/1827
f 791/1837/1725 792/1838/1725 772/1839/1725
f 661/1537/1452 660/1538/1453 662/1539/1454
f 1292/3129/2894 1294/3133/2897 1295/3134/2898
f 1292/3129/2894 1279/3130/2895 1294/3133/2897
f 1292/3129/2894 1296/3135/2899 1287/3122/2887
f 1292/3129/2894 1295/3134/2898 1296/3135/2899
f 118/245/229 31/205/193 36/246/230
f 118/245/229 117/225/209 31/205/193
f 118/245/229 36/246/230 99/247/231
f 118/231/215 99/188/176 101/190/178
f 1078/2573/2383 1080/2576/2386 606/2584/2394
f 1401/3410/3141 1195/3459/3187 1404/3411/3142
f 265/582/542 264/581/541 268/593/553
f 258/977/924 333/978/925 335/986/933
f 539/1239/1168 515/1187/1116 533/1222/1151
f 539/1253/1180 550/1279/1206 541/1254/1181
f 539/1253/1180 532/1270/1197 550/1279/1206
f 539/1253/1180 533/1280/1207 532/1270/1197
f 1087/2594/2404 1092/2602/2412 1088/2595/2405
f 1087/2628/2438 1095/2611/2421 1092/2613/2423
f 4/28/24 7/39/35 33/40/36
f 1148/2750/2550 772/2751/2551 792/2752/2552
f 1148/2750/2550 792/2752/2552 1156/2753/2553
f 1148/2740/2540 1156/2754/2554 1149/2741/2541
f 659/1540/1455 662/1539/1454 660/1538/1453
f 1344/3256/3004 1347/3242/2992 1315/3243/2993
f 1344/3293/3036 1346/3290/3033 1350/3289/3033
f 1344/3237/2987 1315/3250/2999 1317/3238/2988
f 1344/3256/3004 1350/3257/3005 1347/3242/2992
f 340/827/773 347/826/772 331/834/780
f 401/951/898 415/979/926 405/956/903
f 492/1710/1609 487/1711/1610 657/1712/1610
f 875/2031/1903 870/2029/1901 874/2028/1900
f 628/1470/1386 641/1491/1407 593/1468/1384
f 1129/2950/2738 1132/2940/2728 1126/2951/2740
f 997/2310/2138 955/2311/2139 1003/2329/2156
f 387/1436/1354 398/1437/1355 388/1438/1356
f 387/901/847 390/904/850 395/929/875
f 387/901/847 395/929/875 398/930/876
f 1440/3473/3199 1439/3472/3198 1438/3471/3197
f 277/624/582 276/623/581 280/636/594
f 277/624/582 280/636/594 281/638/596
f 277/719/671 281/752/703 320/753/704
f 277/719/671 320/753/704 310/720/672
f 1146/2755/2555 782/2756/2556 787/2757/2557
f 1146/2755/2555 1157/2758/2558 1150/2759/2559
f 1146/2755/2555 1150/2759/2559 782/2756/2556
f 1146/2737/2537 1140/2725/2525 1157/2760/2560
f 1293/3182/2941 1320/3185/2944 1321/3186/2945
f 1293/3182/2941 1321/3186/2945 1291/3177/2936
f 1293/3182/2941 1291/3177/2936 1281/3187/2946
f 1293/3182/2941 1306/3156/2919 1320/3185/2944
f 120/265/246 95/178/167 111/204/192
f 972/2531/2346 1063/2530/2345 1026/2541/2354
f 615/1435/1353 600/1406/1325 616/1439/1357
f 761/1798/1688 793/1840/1726 762/1799/1689
f 1363/3294/3037 1364/3295/3038 1365/3296/3039
f 973/2267/2100 968/2262/2097 967/2261/2096
f 973/2464/2279 1050/2467/2282 983/2488/2303
f 973/2464/2279 983/2488/2303 968/2489/2304
f 1098/2701/2504 1118/2682/2485 1108/2678/2481
f 1098/2701/2504 1109/2709/2512 1118/2682/2485
f 906/2157/2008 908/2158/2008 918/2159/2008
f 906/2107/1962 911/2123/1974 902/2108/1963
f 667/1522/1437 669/1524/1439 676/1531/1446
f 1276/3038/2817 1258/3039/2818 1241/2981/2766
f 1276/3040/2819 1241/2976/2761 1269/3021/2802
f 1276/3041/2820 1251/2990/2775 1258/3000/2783
f 1276/3042/2821 1269/3043/2822 1251/2990/2775
f 87/145/134 82/132/121 88/146/135
f 887/2542/2355 1069/2540/2353 1055/2543/2356
f 887/2554/2357 854/2544/2357 848/2545/2358
f 887/2490/2305 1055/2491/2306 1053/2474/2289
f 887/2554/2357 1053/2546/2359 854/2544/2357
f 269/672/623 293/671/622 292/670/621
f 269/672/623 270/673/624 293/671/622
f 269/674/625 292/668/619 263/675/626
f 643/1497/1412 680/1541/1456 644/1498/1413
f 643/1497/1412 681/1542/1457 680/1541/1456
f 1483/3609/3315 1491/3626/3331 1437/3604/3310
f 250/549/514 242/538/504 255/555/520
f 250/549/514 255/555/520 234/550/515
f 250/549/514 243/539/505 242/538/504
f 250/549/514 253/553/518 243/539/505
f 473/1171/1101 507/1172/1102 504/1173/1101
f 473/1240/1169 535/1241/1170 507/1242/1171
f 939/2224/2063 943/2225/2064 944/2226/2065
f 609/1484/1400 617/1474/1390 637/1485/1401
f 609/1425/1343 605/1413/1331 617/1440/1358
f 609/1484/1400 638/1486/1402 603/1492/1408
f 1365/3338/3077 1387/3341/3080 1384/3336/3075
f 406/1003/950 434/1022/969 437/1021/968
f 406/1003/950 403/1002/949 434/1022/969
f 406/1003/950 437/1021/968 330/1046/993
f 1053/2474/2289 1055/2491/2306 1052/2473/2288
f 573/1331/1255 572/1330/1254 565/1312/1236
f 573/1332/1256 574/1333/1257 566/1315/1239
f 573/1331/1255 552/1334/1258 572/1330/1254
f 573/1332/1256 566/1315/1239 552/1314/1238
f 573/1388/1307 564/1389/1308 574/1390/1309
f 573/1331/1255 565/1312/1236 564/1311/1235
f 134/329/307 163/330/308 158/316/294
f 134/282/260 162/331/309 132/283/261
f 134/329/307 158/316/294 162/322/300
f 880/2042/1914 882/2043/1915 881/2039/1911
f 880/2042/1914 881/2039/1911 879/2044/1916
f 880/2042/1914 871/2045/1917 882/2043/1915
f 880/2037/1909 879/2035/1907 858/1997/1873
f 594/1391/1310 595/1392/1311 596/1393/1312
f 594/1493/4 596/1490/1406 642/1494/1409
f 594/1493/4 642/1494/1409 612/1465/1381
f 1224/2952/2741 1223/2953/2741 1234/2954/2741
f 1224/2929/2719 1211/2905/2695 1214/2908/2698
f 1224/2929/2719 1227/2935/2723 1211/2905/2695
f 1224/2929/2719 1234/2955/2742 1227/2935/2723
f 102/248/232 45/249/232 51/266/232
f 102/192/180 55/191/179 46/250/233
f 102/251/234 46/252/234 45/253/234
f 1012/2441/2260 1026/2428/2252 1006/2440/2259
f 1012/2346/2173 1006/2397/2222 1013/2347/2174
f 1411/3620/3325 1493/3640/3344 1311/3637/3341
f 1411/3620/3325 1311/3637/3341 1486/3621/3326
f 1411/3620/3325 1201/3646/3350 1493/3640/3344
f 220/489/460 26/481/452 214/478/449
f 220/533/499 247/543/509 26/567/530
f 220/533/499 214/556/521 211/532/498
f 796/2564/2376 458/2563/2375 1074/2562/2374
f 724/1619/1528 696/1620/1529 725/1621/1530
f 724/1622/1531 697/1569/1482 696/1568/1481
f 724/1623/1532 712/1592/1503 697/1590/1501
f 724/1624/1533 725/1625/1534 712/1626/1535
f 1294/3133/2897 1279/3130/2895 1277/3136/2900
f 1294/3133/2897 1277/3136/2900 1285/3137/2901
f 1294/3133/2897 1297/3138/2902 1295/3134/2898
f 1294/3133/2897 1285/3137/2901 1297/3138/2902
f 76/121/110 59/120/109 58/136/125
f 1428/3450/3180 1198/3474/3200 1191/3475/3201
f 1428/3450/3180 1191/3475/3201 1401/3451/3181
f 201/446/418 199/441/413 202/447/419
f 201/446/418 190/425/395 189/424/394
f 201/587/547 265/582/542 190/572/534
f 201/446/418 189/424/394 199/441/413
f 418/1047/994 448/1048/995 435/1049/996
f 418/1047/994 439/1024/971 448/1048/995
f 418/1047/994 421/1025/972 439/1024/971
f 418/1050/997 435/1051/997 419/1052/997
f 682/1543/1458 666/1521/1436 683/1544/1459
f 682/1597/1508 713/1596/1507 666/1627/1536
f 1357/3647/1114 1440/3648/1114 1479/3649/1114
f 407/1029/976 335/1053/998 416/994/941
f 407/980/927 399/941/888 335/944/891
f 948/2241/2077 966/2260/2095 949/2242/2078
f 948/2241/2077 974/2268/2101 966/2260/2095
f 526/1208/1137 522/1197/1126 527/1209/1138
f 526/1208/1137 533/1222/1151 522/1197/1126
f 1105/2703/2506 1087/2710/2513 1116/2697/2500
f 38/405/371 23/395/371 24/396/371
f 38/275/253 164/332/310 23/333/311
f 892/2183/2009 858/2160/2009 903/2184/2009
f 1365/3296/3039 1364/3295/3038 1328/3297/3040
f 1365/3296/3039 1328/3297/3040 1354/3298/3041
f 1365/3382/3120 1354/3383/3120 1367/3400/3120
f 329/786/733 328/785/732 323/772/719
f 466/1094/1033 498/1141/1077 460/1142/1078
f 1168/2844/2636 1167/2843/2635 1197/2882/2673
f 1168/2844/2636 1182/2883/2674 1169/2884/2675
f 1168/2844/2636 1197/2882/2673 1182/2883/2674
f 204/451/423 196/436/406 198/438/408
f 204/452/424 198/448/420 202/447/419
f 204/451/423 176/453/425 171/443/415
f 204/451/423 171/443/415 196/436/406
f 204/452/424 202/447/419 173/454/426
f 204/452/424 173/454/426 176/455/427
f 1063/2530/2345 1068/2532/2347 1064/2547/2360
f 1089/2598/2408 1080/2582/2392 1082/2579/2389
f 1089/2598/2408 1082/2579/2389 1086/2596/2406
f 1089/2598/2408 1088/2597/2407 1094/2606/2416
f 1089/2598/2408 1094/2606/2416 1080/2582/2392
f 1233/3099/2868 1235/3077/2850 1267/3097/2866
f 1233/2943/2731 1232/2942/2730 1218/2915/2705
f 1233/3099/2868 1267/3097/2866 1249/3086/2858
f 1233/2943/2731 1218/2915/2705 1235/2956/2743
f 33/76/35 7/77/35 43/78/35
f 951/2300/2128 950/2299/2128 1004/2330/2157
f 951/2398/2223 1004/2369/2196 1014/2348/2175
f 951/2398/2223 1014/2348/2175 1000/2399/2224
f 392/937/883 397/924/870 371/931/877
f 275/622/580 235/619/577 282/639/597
f 275/622/580 283/640/598 278/628/586
f 275/622/580 282/639/597 283/640/598
f 1145/2761/2561 1136/2762/2562 1158/2763/2563
f 1145/2761/2561 1137/2764/2564 1136/2762/2562
f 728/1638/1547 664/1671/1577 668/1654/1563
f 728/1638/1547 661/1672/1578 664/1671/1577
f 728/1638/1547 668/1654/1563 729/1639/1548
f 728/1638/1547 692/1637/1546 661/1672/1578
f 1393/3366/3104 1377/3384/3121 1378/3367/3105
f 1393/3371/3109 1369/3370/3108 1371/3385/3122
f 1393/3386/3123 1392/3358/3096 1377/3357/3096
f 1393/3371/3109 1371/3385/3122 1392/3387/3124
f 363/859/805 358/851/797 359/852/798
f 363/859/805 359/852/798 347/826/772
f 363/897/843 347/932/878 345/926/872
f 802/1868/1746 806/1872/1750 826/1917/1794
f 802/1868/1746 826/1917/1794 821/1901/1778
f 1073/2612/2422 615/2629/2439 616/2610/2420
f 1073/2612/2422 458/2630/2440 615/2629/2439
f 153/312/290 127/272/250 128/274/252
f 153/308/286 38/275/253 130/277/255
f 153/308/286 164/332/310 38/275/253
f 153/312/290 128/274/252 164/334/312
f 843/1949/1825 847/1978/1854 846/1979/1855
f 843/2046/1918 846/2010/1884 868/2009/1883
f 843/2047/1919 868/2030/1902 848/2059/1931
f 843/1952/1828 848/1963/1839 844/1955/1831
f 591/1700/1599 737/1713/1611 567/1698/1597
f 1202/3188/2947 1312/3171/2932 1124/3189/2948
f 1202/2893/2683 1124/2957/2744 1230/2938/2726
f 1202/2893/2683 1230/2938/2726 1205/2896/2686
f 17/19/15 34/41/37 35/42/38
f 17/19/15 35/42/38 36/43/39
f 1038/2400/2225 1022/2364/2191 1021/2363/2190
f 1038/2401/2226 1021/2402/2227 1029/2403/2228
f 1038/2400/2225 1031/2381/2207 1022/2364/2191
f 1038/2400/2225 1030/2382/2208 1031/2381/2207
f 1038/2401/2226 1028/2421/2246 1030/2404/2229
f 1038/2401/2226 1029/2403/2228 1028/2421/2246
f 1402/3405/3136 1404/3407/3138 1424/3443/3173
f 249/626/584 270/632/590 216/641/599
f 682/1597/1508 691/1628/1537 726/1629/1538
f 1265/3026/2807 1277/3044/2823 1261/3003/2786
f 1265/3087/2859 1266/3088/2859 1277/3089/2859
f 73/169/158 72/112/99 92/156/145
f 73/113/100 44/157/146 74/114/101
f 989/2518/2333 1067/2528/2343 965/2548/2361
f 590/1379/1298 388/1394/1313 587/1373/1293
f 1445/3553/3275 1478/3554/3276 1472/3555/3275
f 1445/3494/3216 1444/3493/3215 1478/3556/3277
f 1445/3553/3275 1472/3555/3275 1446/3557/3278
f 304/770/717 313/733/685 289/685/636
f 304/754/705 318/755/705 319/756/705
f 304/757/706 319/758/706 313/759/706
f 847/1978/1854 843/1949/1825 842/1951/1827
f 567/1719/1614 672/1714/1612 671/1686/1587
f 1301/3217/2969 1324/3208/2961 1302/3258/3006
f 786/1841/1727 793/1840/1726 761/1798/1688
f 786/1841/1727 761/1798/1688 794/1842/1728
f 499/1143/1079 495/1133/1069 496/1149/1084
f 499/1143/1079 486/1118/1055 491/1127/1064
f 499/1143/1079 491/1127/1064 495/1133/1069
f 499/1144/1080 496/1145/1081 487/1119/1056
f 499/1144/1080 487/1119/1056 486/1118/1055
f 1217/2971/2745 1134/2958/2745 1123/2959/2745
f 28/34/30 29/35/31 20/23/19
f 907/2149/2000 901/2148/1999 925/2161/2010
f 907/2149/2000 925/2161/2010 914/2162/2011
f 79/173/162 89/158/147 92/159/148
f 79/124/113 92/174/163 72/112/99
f 872/2024/1896 862/2001/1875 855/1992/1868
f 594/1391/1310 597/1395/1314 575/1352/1272
f 308/718/670 309/717/669 312/723/675
f 677/1534/1449 670/1552/1466 684/1545/1460
f 677/1553/1467 684/1554/1468 658/1513/1428
f 37/44/40 36/43/39 35/42/38
f 37/44/40 25/31/27 36/43/39
f 37/44/40 26/32/28 25/31/27
f 795/1904/1781 821/1901/1778 776/1887/1764
f 795/1902/1779 786/1918/1795 794/1903/1780
f 795/1843/1729 776/1861/1729 786/1844/1729
f 495/1148/1083 465/1093/1032 497/1139/1075
f 495/1148/1083 497/1139/1075 496/1138/1074
f 180/389/365 39/397/372 40/398/373
f 180/456/428 40/457/429 195/434/404
f 180/456/428 195/434/404 170/444/416
f 180/389/365 179/388/364 39/397/372
f 1384/3336/3075 1383/3335/3074 1365/3338/3077
f 358/1015/962 416/994/941 333/1054/999
f 547/1335/1259 549/1336/1259 560/1337/1259
f 547/1281/1208 550/1279/1206 532/1270/1197
f 547/1281/1208 532/1270/1197 531/1269/1196
f 547/1338/1260 560/1303/1228 550/1302/1227
f 148/303/281 154/335/313 130/277/255
f 148/325/303 155/328/306 154/336/314
f 882/2048/1920 846/2015/1889 837/2049/1921
f 882/2048/1920 871/2016/1890 846/2015/1889
f 882/2048/1920 837/2049/1921 840/2060/1932
f 882/2048/1920 840/2060/1932 881/2061/1933
f 593/1383/1302 592/1382/1301 583/1364/1284
f 1314/3173/2934 1312/3171/2932 1289/3169/2930
f 1314/3173/2934 1309/3163/2926 1312/3171/2932
f 1010/2405/2230 1032/2384/2210 1005/2406/2231
f 1010/2344/2171 1039/2407/2232 1040/2408/2233
f 1010/2344/2171 1040/2408/2233 1007/2341/2168
f 1010/2405/2230 1005/2406/2231 1039/2409/2234
f 455/1081/1025 376/1082/1025 385/1083/1025
f 1437/3604/3310 1351/3606/3312 1483/3609/3315
f 234/550/515 255/555/520 256/557/522
f 234/642/600 222/643/600 224/644/601
f 234/642/600 256/645/602 222/643/600
f 1152/2765/2565 1159/2766/2566 1160/2767/2567
f 1152/2768/2568 1139/2724/2524 1159/2769/2569
f 1152/2768/2568 1155/2770/2570 1139/2724/2524
f 1152/2746/2546 1160/2771/2571 1153/2747/2547
f 708/1630/1539 726/1629/1538 691/1631/1540
f 708/1630/1539 716/1598/1509 726/1629/1538
f 708/1630/1539 720/1613/1522 716/1598/1509
f 1349/3308/3050 1348/3287/3031 1330/3299/3042
f 793/1840/1726 430/1845/1730 426/1846/1731
f 657/1712/1610 487/1711/1610 459/1715/35
f 1179/2823/2616 1178/2822/2615 1182/2830/2623
f 1179/2865/2656 1182/2885/2676 1197/2866/2657
f 175/373/351 158/372/350 163/365/343
f 175/373/351 163/365/343 174/364/342
f 613/1430/1348 618/1441/1359 619/1442/1360
f 613/1430/1348 617/1443/1361 618/1441/1359
f 613/1430/1348 619/1442/1360 614/1431/1349
f 1109/2662/2468 1113/2663/2468 1112/2664/2468
f 9/45/41 33/46/41 10/47/41
f 950/2331/2158 999/2332/2159 1004/2339/2166
f 388/1438/1356 398/1437/1355 587/1444/1362
f 276/623/581 273/615/573 228/634/592
f 1158/2772/2572 1159/2769/2569 1156/2754/2554
f 1158/2773/2573 1136/2774/2574 1160/2767/2567
f 1158/2763/2563 1156/2753/2553 1145/2761/2561
f 1158/2773/2573 1160/2767/2567 1159/2766/2566
f 723/1673/1579 656/1674/1579 679/1675/1579
f 723/1618/1527 695/1567/1480 656/1570/1483
f 723/1676/1580 679/1670/1576 718/1659/1568
f 1288/3124/2889 1253/3106/2874 1282/3105/2873
f 1288/3124/2889 1204/3126/2891 1253/3106/2874
f 1288/3124/2889 1282/3105/2873 1298/3139/2903
f 56/79/68 57/80/68 58/81/68
f 56/82/69 58/83/70 59/84/71
f 56/82/69 59/84/71 50/66/60
f 1040/2434/2257 972/2442/1114 1026/2435/1114
f 610/1427/1345 620/1445/1363 376/1419/1337
f 197/594/554 269/595/555 262/596/556
f 197/594/554 196/597/557 269/595/555
f 448/1048/995 439/1024/971 449/1055/1000
f 448/1056/1001 450/1057/1002 435/1019/966
f 448/1056/1001 449/1058/1003 450/1057/1002
f 683/1546/1461 492/1547/1462 657/1512/1427
f 966/2260/2095 974/2268/2101 967/2261/2096
f 966/2260/2095 962/2256/2092 949/2242/2078
f 548/1277/1204 531/1275/1202 530/1282/1209
f 548/1276/1203 530/1283/1210 536/1267/1194
f 1117/2681/2484 1109/2709/2512 1119/2711/2514
f 1117/2681/2484 1118/2682/2485 1109/2709/2512
f 19/22/18 5/21/17 22/26/22
f 915/2128/1979 917/2131/1982 923/2163/2012
f 915/2128/1979 920/2164/2013 916/2129/1980
f 915/2128/1979 923/2163/2012 920/2164/2013
f 739/1786/1676 756/1782/1674 754/1776/1668
f 1395/3388/3125 1389/3362/3100 1386/3340/3079
f 1395/3388/3125 1380/3389/3126 1396/3390/3127
f 1395/3374/3112 1376/3327/3066 1389/3343/3082
f 1395/3388/3125 1386/3340/3079 1380/3389/3126
f 845/1957/1833 832/1986/1862 827/1958/1834
f 555/1293/1218 461/1317/1241 498/1327/1251
f 133/280/258 141/292/270 30/337/315
f 883/2050/1922 864/2004/1878 861/2058/1930
f 883/2050/1922 877/2051/1923 865/2052/1924
f 883/2050/1922 865/2052/1924 864/2004/1878
f 883/2050/1922 861/2058/1930 884/2053/1925
f 753/1768/1662 736/1779/1671 755/1778/1670
f 1236/2960/2746 1223/2948/2736 1134/2947/2735
f 1236/2960/2746 1217/2914/2704 1216/2913/2703
f 1236/2960/2746 1134/2972/2757 1217/2914/2704
f 1236/2960/2746 1216/2913/2703 1234/2961/2747
f 1236/2960/2746 1234/2961/2747 1223/2948/2736
f 1020/2360/2187 1027/2374/2200 1029/2378/2204
f 1020/2360/2187 1029/2410/2235 1021/2361/2188
f 1188/3428/3158 1424/3443/3173 1189/3429/3159
f 428/2568/2380 454/2565/2377 796/2564/2376
f 1257/3045/2824 1226/3046/2825 1275/3052/2824
f 1257/3045/2824 1275/3052/2824 1258/3047/2826
f 1257/3090/2860 1209/3091/2860 1226/3100/2860
f 7/160/149 87/145/134 43/161/150
f 981/2492/2307 952/2456/2271 1052/2473/2288
f 981/2276/2108 953/2247/2083 952/2246/2082
f 588/1374/1294 584/1375/1295 585/1370/1290
f 588/1374/1294 563/1369/1289 576/1360/1280
f 588/1374/1294 585/1370/1290 563/1369/1289
f 588/1374/1294 576/1360/1280 579/1355/1275
f 1476/3548/3270 1461/3522/3244 1457/3510/3232
f 1476/3548/3270 1462/3523/3245 1461/3522/3244
f 1476/3548/3270 1457/3510/3232 1456/3509/3231
f 1476/3548/3270 1477/3551/3273 1462/3523/3245
f 294/676/627 289/661/614 288/660/613
f 294/677/628 263/678/629 291/679/630
f 294/677/628 288/680/631 263/678/629
f 816/1895/1772 784/1914/1791 764/1877/1755
f 680/1541/1456 681/1542/1457 685/1548/1463
f 1047/2484/2299 1046/2504/2319 1051/2469/2284
f 489/1124/1061 494/1132/1068 491/1127/1064
f 1413/3638/3342 1185/3650/3351 1184/3639/3343
f 193/477/448 35/479/450 34/490/461
f 938/2205/2049 940/2208/2052 933/2197/2041
f 938/2205/2049 933/2197/2041 939/2206/2050
f 633/1481/1397 610/1495/1410 603/1496/1411
f 633/1481/1397 631/1473/1389 610/1495/1410
f 1284/3202/2949 1322/3190/2949 1297/3191/2949
f 1284/3146/2909 1297/3138/2902 1285/3137/2901
f 116/810/756 340/811/757 107/792/739
f 1091/2638/2448 621/2631/2441 604/2639/2449
f 1422/3476/3202 1421/3458/3186 1430/3457/3185
f 1422/3595/3304 1430/3600/3304 1469/3596/3304
f 1422/3558/3279 1469/3535/3257 1467/3570/3291
f 426/1846/1731 796/1847/1732 762/1799/1689
f 426/1846/1731 762/1799/1689 793/1840/1726
f 656/1549/1464 459/1550/1464 673/1555/1464
f 1357/3647/1114 1479/3649/1114 1398/3651/1114
f 248/558/523 238/525/491 237/528/494
f 248/949/896 237/981/928 244/952/899
f 982/2281/2113 984/2282/2114 960/2254/2090
f 982/2281/2113 960/2254/2090 968/2262/2097
f 982/2278/2110 977/2280/2112 984/2283/2115
f 982/2281/2113 968/2262/2097 983/2284/2116
f 500/1201/1130 538/1234/1163 523/1202/1131
f 1100/2665/2469 1112/2666/2470 1101/2667/2470
f 1100/2668/2471 1084/2659/2465 1112/2661/2467
f 1100/2632/2442 1102/2625/2435 1084/2590/2400
f 30/399/374 129/392/368 9/391/367
f 838/1940/1816 850/1987/1863 839/1941/1817
f 838/1940/1816 853/1975/1851 850/1987/1863
f 736/1779/1671 752/1759/1653 755/1778/1670
f 736/1779/1671 648/1770/1664 752/1759/1653
f 1334/3267/3013 1342/3269/3014 1366/3300/3043
f 1334/3391/3128 1366/3355/3094 1358/3368/3106
f 357/847/793 339/843/789 338/854/800
f 357/847/793 360/855/801 339/843/789
f 449/1815/1705 442/1848/1733 774/1811/1701
f 1174/2886/2677 1183/2887/2678 1175/2853/2645
f 1174/2819/2612 1171/2800/2594 1183/2831/2624
f 1204/2895/2685 1222/2925/2715 1237/2962/2748
f 1204/3092/2861 1237/3093/2862 1256/3094/2863
f 57/90/77 53/71/63 60/85/72
f 57/162/151 60/139/128 58/138/127
f 980/2448/2261 955/2443/2261 979/2444/2261
f 980/2333/2160 1005/2334/2161 1003/2329/2156
f 980/2333/2160 1003/2329/2156 955/2311/2139
f 582/1421/1339 374/1420/1338 620/1445/1363
f 1440/3588/1114 1449/3587/1114 1479/3594/1114
f 719/1653/1562 667/1652/1561 704/1677/1581
f 719/1604/1515 704/1577/1490 703/1576/1489
f 1279/3072/2845 1261/3074/2847 1277/3101/2869
f 528/1218/1147 540/1243/1172 535/1241/1170
f 528/1244/1173 535/1226/1155 534/1225/1154
f 528/1211/1140 534/1225/1154 529/1212/1141
f 528/1218/1147 527/1217/1146 540/1243/1172
f 313/733/685 315/732/684 289/685/636
f 847/1988/1864 842/1948/1824 853/1989/1865
f 672/1556/1469 684/1545/1460 670/1552/1466
f 1/536/502 26/535/501 247/566/529
f 195/434/404 27/408/380 192/429/399
f 592/1382/1301 568/1384/1303 555/1396/1315
f 592/1382/1301 555/1396/1315 583/1364/1284
f 1312/3171/2932 1202/3188/2947 1204/3192/2950
f 1312/3171/2932 1204/3192/2950 1289/3169/2930
f 1417/3613/3319 1437/3604/3310 1491/3626/3331
f 1071/2728/2528 765/2734/2534 1142/2729/2529
f 1390/3345/3084 1379/3378/3116 1382/3346/3085
f 1390/3349/3088 1356/3348/3087 1397/3376/3114
f 821/1901/1778 826/1917/1794 776/1887/1764
f 1196/2864/2655 1167/2892/2682 1176/2855/2647
f 935/2533/1114 1064/2547/2360 1068/2532/2347
f 605/1413/1331 618/1446/1364 617/1440/1358
f 605/2633/2443 604/2639/2449 621/2631/2441
f 605/1413/1331 621/1447/1365 618/1446/1364
f 1112/2712/2515 1119/2711/2514 1109/2709/2512
f 993/2411/2236 1001/2375/2201 1027/2374/2200
f 993/2411/2236 1034/2386/2212 994/2412/2237
f 372/927/873 397/924/870 381/888/834
f 372/927/873 371/931/877 397/924/870
f 1478/3559/3280 1451/3503/3225 1472/3541/3263
f 1478/3559/3280 1449/3501/3223 1451/3503/3225
f 235/619/577 284/646/603 282/639/597
f 235/619/577 215/647/604 284/646/603
f 797/2721/2521 792/2775/2575 780/2776/2576
f 797/2721/2521 1145/2736/2536 792/2775/2575
f 678/1646/1555 718/1659/1568 679/1670/1576
f 1253/3095/2864 1204/3092/2861 1256/3094/2863
f 620/1445/1363 374/1420/1338 376/1419/1337
f 1199/2888/2679 1191/2858/2650 1190/2857/2649
f 1199/3477/3203 1401/3451/3181 1191/3475/3201
f 1199/2888/2679 1190/2857/2649 1197/2866/2657
f 1199/2869/2660 1197/2882/2673 1196/2870/2661
f 199/441/413 173/442/414 202/447/419
f 439/1024/971 442/1028/975 449/1055/1000
f 946/2238/2074 976/2296/2126 947/2239/2075
f 946/2493/2308 987/2450/2265 976/2494/2309
f 515/1187/1116 522/1197/1126 533/1222/1151
f 1105/2703/2506 1114/2677/2480 1106/2676/2479
f 9/48/42 24/29/25 4/28/24
f 9/48/42 38/49/43 24/29/25
f 659/1514/1429 658/1513/1428 686/1551/1465
f 1389/3362/3100 1387/3341/3080 1386/3340/3079
f 437/1069/1014 451/1080/1024 385/1072/1017
f 849/1964/1840 854/1980/1856 851/1971/1847
f 572/1328/1252 552/1339/1261 542/1329/1253
f 1075/2567/2379 1072/2559/2371 1071/2557/2369
f 885/2088/1952 883/2096/1952 902/2089/1952
f 885/2054/1926 877/2051/1923 883/2050/1922
f 885/2165/2014 911/2185/2030 878/2166/2015
f 885/2097/1953 878/2090/1953 877/2091/1953
f 885/2165/2014 902/2167/2016 911/2185/2030
f 640/1489/1405 627/1464/1380 642/1494/1409
f 640/1489/1405 642/1494/1409 596/1490/1406
f 28/254/235 32/244/228 105/196/184
f 1025/2368/2195 1004/2369/2196 1035/2413/2238
f 369/909/855 356/868/814 366/867/813
f 369/909/855 364/908/854 356/868/814
f 369/873/819 366/915/861 373/879/825
f 428/2568/2380 796/2564/2376 426/2569/1217
f 1258/3039/2818 1275/3036/2815 1241/2981/2766
f 87/145/134 90/149/138 43/161/150
f 574/1390/1309 564/1389/1308 581/1362/1282
f 574/1390/1309 583/1364/1284 555/1396/1315
f 574/1333/1257 555/1293/1218 566/1315/1239
f 574/1390/1309 581/1362/1282 583/1364/1284
f 1464/3552/3274 1473/3560/3281 1455/3507/3229
f 1464/3561/3282 1474/3562/3283 1473/3563/3284
f 263/598/558 262/596/556 269/595/555
f 1333/3222/2974 1351/3259/3007 1336/3226/2978
f 1333/3222/2974 1336/3226/2978 1337/3227/2979
f 207/529/495 257/559/524 240/531/497
f 207/568/525 14/560/525 258/561/525
f 804/2480/2295 829/2495/2310 1045/2481/2296
f 804/2480/2295 803/2496/2311 829/2495/2310
f 473/1171/1101 504/1173/1101 474/1174/1103
f 193/431/401 34/458/430 16/432/402
f 893/2168/2017 917/2131/1982 912/2127/1978
f 893/2168/2017 912/2127/1978 926/2169/2018
f 1345/3239/2989 1316/3260/3008 1321/3228/2980
f 1345/3239/2989 1317/3238/2988 1316/3260/3008
f 337/800/746 122/806/752 327/814/760
f 1467/3533/3255 1466/3531/3253 1419/3530/3252
f 762/1799/1689 780/1821/1711 759/1796/1686
f 1488/3623/3328 1429/3632/3335 1489/3624/3329
f 414/973/920 413/972/919 415/982/929
f 414/973/920 415/982/929 402/974/921
f 414/973/920 410/968/915 413/972/919
f 414/973/920 259/976/923 410/968/915
f 984/2283/2115 977/2280/2112 956/2285/2117
f 984/2283/2115 956/2285/2117 985/2286/2118
f 984/2287/2119 985/2288/2119 961/2297/2119
f 984/2282/2114 961/2255/2091 960/2254/2090
f 523/1199/1128 519/1193/1122 501/1192/1121
f 523/1202/1131 538/1234/1163 519/1235/1164
f 1113/2669/2472 1101/2667/2470 1112/2666/2470
f 1113/2670/2473 1109/2655/2461 1101/2654/2460
f 30/337/315 8/324/302 133/280/258
f 743/1736/1631 757/1787/1677 750/1745/1640
f 743/1736/1631 754/1776/1668 757/1787/1677
f 743/1736/1631 663/1735/1630 754/1776/1668
f 743/1736/1631 750/1745/1640 744/1737/1632
f 1347/3242/2992 1352/3261/3009 1340/3233/2984
f 1347/3301/3044 1350/3309/3051 1352/3274/3019
f 331/788/735 107/792/739 340/811/757
f 160/338/316 146/326/304 145/297/275
f 933/2534/1114 1068/2532/2347 942/2539/2352
f 1209/2963/2749 1238/2964/2750 1237/2962/2748
f 1209/2963/2749 1237/2962/2748 1210/2927/2717
f 61/86/73 6/65/59 49/64/58
f 61/86/73 7/87/74 6/65/59
f 979/2295/2125 955/2249/2085 953/2247/2083
f 398/1437/1355 394/1448/1366 587/1444/1362
f 398/1437/1355 395/1449/1367 394/1448/1366
f 1153/2812/2605 1161/2817/2610 1165/2792/2586
f 1153/2747/2547 1160/2771/2571 1161/2777/2577
f 720/1605/1516 704/1632/1541 675/1633/1542
f 720/1605/1516 705/1578/1491 704/1632/1541
f 442/1848/1733 444/1826/1716 774/1811/1701
f 492/1716/1613 478/1717/1613 481/1718/1613
f 1181/2827/2620 1144/2803/2597 1076/2815/2608
f 1181/2880/2671 1076/2848/2640 1185/2847/2639
f 165/400/375 169/401/376 178/385/361
f 165/375/353 126/360/338 147/352/330
f 165/375/353 147/352/330 169/351/329
f 890/2236/2072 939/2224/2063 944/2226/2065
f 634/1479/1395 633/1478/1394 638/1486/1402
f 6/52/46 18/20/16 17/19/15
f 377/884/830 378/885/831 395/922/868
f 377/884/830 395/922/868 383/895/841
f 377/884/830 383/895/841 382/892/838
f 782/1849/1734 788/1850/1734 787/1851/1734
f 782/1852/1735 783/1853/1735 788/1862/1735
f 103/221/205 115/220/204 116/255/236
f 103/193/181 116/222/206 104/194/182
f 1080/2576/2386 604/2585/2395 606/2584/2394
f 1080/2576/2386 1094/2604/2414 604/2585/2395
f 1469/3535/3257 1447/3564/3285 1470/3536/3258
f 1469/3565/3286 1430/3566/3287 1444/3493/3215
f 1469/3565/3286 1444/3493/3215 1447/3496/3218
f 260/570/532 190/572/534 265/582/542
f 260/570/532 265/582/542 267/586/546
f 341/809/755 329/786/733 254/774/721
f 1054/2476/2291 1056/2497/2312 1044/2458/2273
f 1054/2487/2302 1050/2498/2313 1056/2497/2312
f 1054/2487/2302 983/2486/2301 1050/2498/2313
f 788/1969/1845 839/1982/1858 850/1970/1846
f 788/1969/1845 783/1967/1843 839/1982/1858
f 674/1529/1444 652/1506/1421 676/1533/1448
f 1260/3002/2785 1244/3019/2800 1274/3037/2816
f 1260/3002/2785 1259/3001/2784 1270/3020/2801
f 1260/3002/2785 1270/3020/2801 1244/3019/2800
f 75/153/142 91/152/141 7/163/152
f 1069/2540/2353 887/2542/2355 1060/2513/2328
f 1069/2540/2353 981/2522/2337 1055/2543/2356
f 581/1387/1306 564/1371/1291 585/1370/1290
f 1477/3551/3273 1448/3499/3221 1462/3523/3245
f 1477/3551/3273 1438/3500/3222 1448/3499/3221
f 291/667/618 263/675/626 292/668/619
f 850/1970/1846 853/1989/1865 789/1947/1823
f 685/1705/1604 649/1709/1608 735/1706/1605
f 685/1548/1463 681/1542/1457 650/1504/1419
f 685/1548/1463 650/1504/1419 649/1503/1418
f 232/511/478 240/531/497 251/562/526
f 975/2505/2320 976/2494/2309 1046/2504/2319
f 540/1243/1172 512/1184/1113 511/1182/1111
f 540/1243/1172 511/1182/1111 507/1242/1171
f 540/1243/1172 507/1242/1171 535/1241/1170
f 540/1243/1172 527/1217/1146 512/1184/1113
f 169/464/436 205/459/431 193/431/401
f 169/464/436 193/431/401 194/433/403
f 1381/3339/3078 1380/3389/3126 1386/3340/3079
f 1381/3392/3129 1365/3393/3129 1374/3394/3129
f 417/987/934 408/1043/990 407/1044/991
f 1053/2474/2289 812/2499/2314 851/2500/2315
f 1053/2474/2289 1044/2458/2273 812/2499/2314
f 551/1284/1211 543/1257/1184 552/1285/1212
f 551/1289/1216 468/1286/1213 544/1263/1190
f 551/1289/1216 544/1263/1190 518/1262/1189
f 551/1284/1211 518/1258/1185 543/1257/1184
f 1071/2832/2625 1141/2820/2613 1075/2825/2618
f 132/279/257 161/339/317 140/291/269
f 132/283/261 162/331/309 161/340/318
f 864/2004/1878 862/2001/1875 861/2058/1930
f 595/1392/1311 598/1397/1316 596/1393/1312
f 595/1392/1311 594/1391/1310 554/1351/1271
f 595/1392/1311 554/1351/1271 598/1397/1316
f 1215/2966/2752 1235/2956/2743 1218/2915/2705
f 53/224/208 97/185/173 114/216/200
f 379/886/832 381/888/834 397/924/870
f 1493/3640/3344 1201/3646/3350 1413/3638/3342
f 711/1616/1525 725/1625/1534 701/1617/1526
f 711/1616/1525 712/1626/1535 725/1625/1534
f 1299/3140/2904 1287/3123/2888 1296/3141/2905
f 1299/3142/2906 1298/3139/2903 1282/3105/2873
f 1299/3193/2951 1296/3194/2951 1323/3195/2951
f 1299/3196/2952 1323/3197/2952 1298/3203/2952
f 1299/3140/2904 1282/3104/2872 1287/3123/2888
f 67/103/90 60/139/128 52/155/144
f 67/103/90 52/155/144 68/104/91
f 611/2626/2436 608/2592/2402 1103/2627/2437
f 191/428/398 196/436/406 192/429/399
f 191/599/559 269/595/555 196/597/557
f 191/599/559 216/600/560 269/595/555
f 656/1511/1426 683/1546/1461 657/1512/1427
f 949/2335/2162 962/2314/2142 999/2316/2144
f 949/2340/2167 999/2332/2159 950/2331/2158
f 529/1212/1141 534/1225/1154 530/1224/1153
f 21/402/377 165/400/375 19/384/360
f 757/1787/1677 754/1776/1668 756/1782/1674
f 757/1787/1677 740/1724/1619 746/1746/1641
f 757/1787/1677 746/1746/1641 750/1745/1640
f 757/1787/1677 756/1782/1674 740/1724/1619
f 1353/3302/3045 1362/3291/3034 1367/3303/3046
f 1353/3262/3010 1327/3207/2960 1326/3206/2959
f 1353/3302/3045 1332/3292/3035 1362/3291/3034
f 1353/3302/3045 1367/3303/3046 1354/3310/3052
f 1353/3262/3010 1326/3206/2959 1332/3220/2972
f 1353/3302/3045 1354/3310/3052 1327/3304/3047
f 323/772/719 328/785/732 2/773/720
f 459/1146/1082 487/1119/1056 496/1145/1081
f 1178/2833/2626 1169/2834/2627 1182/2835/2628
f 1178/2833/2626 1177/2836/2629 1169/2834/2627
f 166/344/322 131/343/321 173/376/354
f 616/1439/1357 614/1431/1349 619/1442/1360
f 616/1439/1357 619/1442/1360 622/1450/1368
f 1242/2978/2763 1245/2982/2767 1247/2985/2770
f 43/56/50 10/55/49 33/88/75
f 590/1378/1296 580/1398/1317 589/1376/1296
f 1429/3632/3335 1411/3620/3325 1489/3624/3329
f 1429/3456/3184 1412/3421/3152 1411/3420/3151
f 227/527/493 239/526/492 246/542/508
f 1159/2769/2569 1149/2741/2541 1156/2754/2554
f 1159/2769/2569 1139/2724/2524 1149/2741/2541
f 358/1075/1020 453/1064/1009 433/1078/1022
f 817/1896/1773 827/1919/1796 816/1895/1772
f 482/1340/1262 493/1349/1269 545/1319/1243
f 139/290/268 138/289/267 144/302/280
f 1009/2394/2219 1037/2393/2218 1033/2385/2211
f 1009/2394/2219 1033/2385/2211 1010/2405/2230
f 228/634/592 273/615/573 256/618/576
f 228/504/473 256/557/522 229/505/474
f 727/1650/1559 666/1651/1560 713/1678/1582
f 727/1650/1559 722/1642/1551 665/1641/1550
f 727/1634/1543 713/1593/1504 715/1595/1506
f 727/1650/1559 715/1679/1583 722/1642/1551
f 1067/2528/2343 1043/2529/2344 965/2548/2361
f 575/1352/1272 597/1395/1314 580/1386/1305
f 1473/3563/3284 1474/3562/3283 1471/3543/3265
f 1473/3545/3267 1471/3539/3261 1451/3503/3225
f 284/751/702 266/760/707 321/761/708
f 284/751/702 321/761/708 309/717/669
f 828/1920/1797 760/1906/1783 763/1921/1798
f 828/1966/1842 813/1936/1812 824/1981/1857
f 828/1920/1797 824/1912/1789 760/1906/1783
f 828/1966/1842 844/1955/1831 813/1936/1812
f 101/267/237 122/256/237 111/268/237
f 420/990/937 440/1040/987 421/991/938
f 420/990/937 443/1045/992 447/1041/988
f 420/990/937 447/1041/988 440/1040/987
f 470/1098/1037 497/1139/1075 466/1094/1033
f 1128/2695/2498 1117/2681/2484 1121/2685/2488
f 1128/2897/2687 1131/2919/2709 1117/2965/2751
f 11/13/9 39/50/44 8/10/6
f 11/13/9 40/51/45 39/50/44
f 11/13/9 20/23/19 40/51/45
f 907/2149/2000 914/2162/2011 908/2170/2019
f 749/1793/1683 748/1743/1638 676/1788/1678
f 749/1744/1639 676/1738/1633 744/1737/1632
f 1379/3331/3070 1396/3395/3130 1380/3332/3071
f 350/839/785 353/838/784 351/860/806
f 736/1708/1607 732/1689/1590 734/1691/1592
f 55/261/242 105/196/184 32/244/228
f 1022/2364/2191 1031/2381/2207 1007/2420/2245
f 1022/2364/2191 1007/2420/2245 1011/2372/2198
f 380/887/833 384/896/842 381/888/834
f 1432/3478/3204 1415/3469/3196 1423/3479/3205
f 1432/3462/3190 1423/3440/3170 1420/3437/3167
f 1432/3478/3204 1427/3447/3177 1415/3469/3196
f 1226/2934/2722 1209/2903/2693 1212/2906/2696
f 49/64/58 50/66/60 59/84/71
f 584/1375/1295 587/1373/1293 394/1399/1318
f 852/1974/1850 832/1931/1807 831/1930/1806
f 852/1974/1850 831/1930/1806 781/1983/1859
f 680/1692/1593 553/1688/1589 493/1696/1595
f 1319/3230/2982 1333/3222/2974 1337/3227/2979
f 486/1118/1055 488/1122/1059 491/1127/1064
f 1124/2889/2680 1184/2846/2638 1114/2845/2637
f 17/19/15 16/18/14 34/41/37
f 917/2131/1982 924/2171/2020 923/2163/2012
f 917/2131/1982 893/2172/2021 924/2171/2020
f 1277/3136/2900 1266/3143/2907 1285/3137/2901
f 74/115/102 47/164/153 54/93/80
f 74/114/101 44/157/146 47/165/154
f 989/2518/2333 965/2548/2361 964/2549/2362
f 602/1410/1328 601/1407/182 612/1429/1347
f 1187/3480/3206 1414/3430/3160 1188/3487/3210
f 401/951/898 402/950/897 415/979/926
f 986/2328/2155 1002/2327/2154 985/2336/2163
f 986/2289/2120 985/2286/2118 956/2285/2117
f 903/2092/1954 858/2098/1954 878/2099/1954
f 903/2186/2031 878/2166/2015 911/2185/2030
f 806/1872/1750 807/1873/1751 811/1881/1759
f 806/1872/1750 776/1887/1764 826/1917/1794
f 1183/2887/2678 1186/2890/2681 1175/2853/2645
f 1081/2578/2388 1099/2620/2430 1082/2579/2389
f 1238/3096/2865 1256/3094/2863 1237/3093/2862
f 394/1400/1319 582/1363/1283 584/1365/1285
f 252/939/886 411/969/916 253/983/930
f 252/939/886 400/945/892 411/969/916
f 1143/2778/2578 1154/2779/2578 1162/2780/2578
f 1143/2837/2630 1162/2838/2631 1178/2833/2626
f 702/1575/1488 725/1635/1544 693/1565/1478
f 702/1575/1488 701/1574/1487 725/1635/1544
f 89/158/147 68/105/92 92/159/148
f 89/158/147 69/106/93 68/105/92
f 89/158/147 88/166/155 69/106/93
f 575/1341/1263 571/1326/1250 493/1349/1269
f 1419/3436/3166 1434/3465/3193 1420/3437/3167
f 780/1821/1711 762/1799/1689 797/1854/1736
f 673/1680/1584 679/1683/1584 656/1681/1584
f 1490/3625/3330 1486/3621/3326 1311/3637/3341
f 1490/3625/3330 1311/3637/3341 1324/3644/3348
f 242/538/504 230/509/476 229/505/474
f 242/538/504 229/505/474 255/555/520
f 798/2454/2269 1056/2497/2312 1050/2498/2313
f 934/2217/2058 941/2211/2055 894/2210/2054
f 934/2199/2043 936/2201/2045 941/2227/2066
f 617/1474/1390 632/1476/1392 637/1485/1401
f 1365/3338/3077 1357/3396/1114 1398/3397/1114
f 1365/3338/3077 1383/3335/3074 1357/3396/1114
f 987/2290/2121 946/2238/2074 988/2291/2122
f 1058/2509/2324 1060/2513/2328 944/2519/2334
f 593/1468/1384 620/1467/1383 610/1495/1410
f 593/1468/1384 610/1495/1410 631/1473/1389
f 1032/2384/2210 1010/2405/2230 1033/2385/2211
f 1032/2384/2210 1003/2383/2209 1005/2406/2231
f 217/486/457 191/485/456 219/488/459
f 451/2556/2368 1070/2555/2367 456/2570/2381
f 726/1629/1538 716/1598/1509 682/1597/1508
f 1179/2823/2616 1075/2825/2618 1141/2820/2613
f 1179/2865/2656 1190/2857/2649 1130/2856/2648
f 627/1464/1380 612/1465/1381 642/1494/1409
f 1121/2685/2488 1117/2681/2484 1119/2711/2514
f 1004/2369/2196 998/2414/2239 1035/2413/2238
f 356/868/814 364/908/854 357/933/879
f 307/712/664 318/743/695 320/753/704
f 307/712/664 281/752/703 285/714/666
f 307/712/664 320/753/704 281/752/703
f 1298/3218/2970 1323/3254/3002 1331/3219/2971
f 1085/2591/2401 1103/2627/2437 608/2592/2402
f 1085/2591/2401 1104/2634/2444 1103/2627/2437
f 1460/3519/3241 1408/3524/3246 1434/3532/3254
f 1460/3519/3241 1465/3529/3251 1461/3520/3242
f 768/1805/1695 451/1855/1737 778/1816/1706
f 768/1805/1695 766/1803/1693 451/1855/1737
f 333/978/925 416/984/931 335/986/933
f 1045/2481/2296 829/2495/2310 1049/2465/2280
f 1045/2481/2296 1049/2465/2280 975/2478/2293
f 1108/2678/2481 1116/2680/2483 1087/2713/2516
f 4/24/20 22/26/22 5/21/17
f 920/2164/2013 923/2163/2012 927/2173/2022
f 920/2141/1992 927/2174/2023 904/2182/2029
f 1300/3213/2965 1297/3263/3011 1322/3244/2994
f 1300/3147/2910 1295/3149/2912 1297/3204/2957
f 1083/2624/2434 1079/2588/2398 1104/2634/2444
f 1083/2624/2434 1104/2634/2444 1102/2625/2435
f 270/601/561 269/595/555 216/600/560
f 451/1855/1737 436/1817/1707 778/1816/1706
f 666/1521/1436 644/1498/1413 683/1544/1459
f 976/2494/2309 987/2450/2265 1051/2469/2284
f 976/2494/2309 1051/2469/2284 1046/2504/2319
f 505/1178/1107 507/1242/1171 511/1182/1111
f 505/1178/1107 504/1245/1174 507/1242/1171
f 842/1948/1824 789/1947/1823 853/1989/1865
f 658/1513/1428 684/1554/1468 686/1551/1465
f 1362/3291/3034 1360/3285/3029 1367/3303/3046
f 327/814/760 101/812/758 100/816/762
f 327/814/760 122/806/752 101/812/758
f 786/1828/1718 776/1856/1738 785/1829/1719
f 131/377/355 135/354/332 176/378/356
f 131/379/357 176/380/357 173/381/357
f 1000/2399/2224 1013/2347/2174 1006/2397/2222
f 1000/2317/2145 1006/2337/2164 963/2318/2146
f 1000/2399/2224 1014/2348/2175 1013/2347/2174
f 1479/3641/3345 1492/3633/3336 1398/3642/3346
f 792/2752/2552 1145/2761/2561 1156/2753/2553
f 1372/3398/3131 1369/3372/3110 1391/3352/3091
f 1372/3398/3131 1391/3352/3091 1383/3354/3093
f 549/1320/1244 493/1349/1269 571/1326/1250
f 549/1320/1244 571/1326/1250 570/1325/1249
f 549/1320/1244 545/1319/1243 493/1349/1269
f 549/1342/1264 570/1343/1264 560/1344/1264
f 127/272/250 155/311/289 146/300/278
f 593/1755/1649 641/1751/1645 737/1756/1650
f 1126/2951/2740 1132/2940/2728 1230/2938/2726
f 1126/2951/2739 1230/2938/2726 1124/2957/2744
f 437/1021/968 436/1020/967 451/1059/1004
f 1243/3034/2813 1274/3032/2811 1244/3048/2827
f 1043/2529/2344 988/2550/2363 965/2548/2361
f 1447/3564/3285 1443/3567/3288 1470/3536/3258
f 1327/3207/2960 1354/3264/3012 1328/3209/2962
f 254/774/721 329/786/733 323/772/719
f 900/2228/2067 941/2227/2066 936/2201/2045
f 900/2228/2067 897/2229/2068 941/2227/2066
f 900/2194/2038 936/2230/2069 931/2195/2039
f 1346/3399/3132 1358/3365/3103 1378/3367/3105
f 175/416/386 174/440/412 184/417/387
f 1157/2781/2579 1154/2782/2579 1147/2783/2579
f 1157/2758/2558 1147/2784/2580 1150/2759/2559
f 1157/2785/2581 1155/2749/2549 1154/2748/2548
f 1157/2760/2560 1140/2725/2525 1155/2770/2570
f 186/602/562 188/603/563 203/585/545
f 186/463/435 185/418/388 188/460/432
f 39/397/372 179/388/364 8/394/370
f 909/2117/1970 902/2116/1969 895/2155/2006
f 909/2117/1970 895/2155/2006 897/2175/2024
f 1251/2990/2775 1268/3049/2828 1252/2991/2776
f 68/175/164 73/169/158 92/156/145
f 886/2055/1927 887/2056/1928 848/2059/1931
f 886/2551/2364 1060/2513/2328 887/2542/2355
f 296/688/639 317/742/694 297/689/640
f 296/688/639 310/720/672 317/742/694
f 1305/3155/2918 1304/3154/2917 1308/3160/2923
f 807/1922/1799 777/1886/1763 811/1885/1762
f 807/1922/1799 805/1894/1771 815/1893/1770
f 807/1922/1799 815/1893/1770 777/1886/1763
f 178/385/361 19/384/360 165/400/375
f 889/2102/1959 924/2153/2004 893/2176/2025
f 1384/3336/3075 1392/3360/3098 1385/3337/3076
f 437/1021/968 342/1060/1005 330/1046/993
f 812/2499/2314 1044/2458/2273 810/2501/2316
f 552/1339/1261 543/1345/1265 542/1329/1253
f 881/2039/1911 866/2041/1913 879/2044/1916
f 598/1397/1316 554/1351/1271 553/1401/1320
f 1161/2777/2577 1160/2771/2571 1136/2786/2582
f 696/1620/1529 694/1636/1545 725/1621/1530
f 696/1620/1529 698/1603/1514 694/1636/1545
f 1376/3327/3066 1397/3376/3114 1368/3380/3118
f 932/2231/2070 931/2232/2070 936/2233/2070
f 618/1441/1359 622/1450/1368 619/1442/1360
f 618/1451/1369 621/1452/1369 622/1457/1369
f 998/2414/2239 1004/2369/2196 999/2415/2240
f 998/2416/2241 994/2422/2242 1035/2417/2242
f 393/1453/1370 386/1454/1371 388/1458/1374
f 393/1453/1370 388/1458/1374 590/1455/1372
f 280/636/594 283/648/605 281/638/596
f 280/636/594 278/637/595 283/648/605
f 53/71/63 52/70/62 60/85/72
f 1040/2434/2257 970/2445/2262 972/2442/1114
f 1196/2870/2661 1197/2882/2673 1167/2843/2635
f 434/1022/969 450/1063/1008 436/1020/967
f 434/1017/964 435/1019/966 450/1057/1002
f 946/2238/2074 969/2263/2098 988/2291/2122
f 922/2145/1996 904/2182/2029 927/2174/2023
f 922/2143/1994 927/2177/2026 923/2152/2003
f 989/2518/2333 859/2510/2325 1059/2512/2327
f 601/1407/182 594/1456/1373 612/1429/1347
f 601/1407/182 597/1409/1327 594/1456/1373
f 312/723/675 309/717/669 321/761/708
f 312/728/680 321/762/709 314/729/681
f 844/1955/1831 848/1963/1839 835/1937/1813
f 829/2495/2310 798/2466/2281 1049/2465/2280
f 829/2495/2310 799/2502/2317 798/2466/2281
f 829/1923/1800 803/1869/1747 799/1928/1804
f 170/444/416 195/434/404 192/429/399
f 568/1318/1242 461/1317/1241 555/1293/1218
f 1039/2446/2263 970/2445/2262 1040/2434/2257
f 255/555/520 229/505/474 256/557/522
f 1070/2555/2367 1071/2557/2369 1072/2559/2371
f 1063/2516/2331 989/2518/2333 1026/2552/2365
f 1421/3438/3168 1423/3440/3170 1410/3481/3207
f 268/593/553 267/586/546 265/582/542
f 977/2272/2105 957/2251/2087 956/2250/2086
f 1321/3186/2945 1316/3178/2937 1291/3177/2936
f 483/1123/1060 487/1119/1056 484/1150/1085
f 1060/2513/2328 886/2551/2364 890/2553/2366
f 1060/2513/2328 890/2553/2366 944/2519/2334
f 1222/2925/2715 1210/2927/2717 1237/2962/2748
f 854/2503/2318 1053/2474/2289 851/2500/2315
f 860/2080/1948 884/2079/1947 861/2093/1955
f 28/254/235 105/196/184 13/262/243
f 1022/2364/2191 1011/2372/2198 1023/2365/2192
f 384/1074/1019 380/1070/1015 453/1064/1009
f 1415/3431/3161 1414/3430/3160 1423/3482/3208
f 1241/2981/2766 1275/3036/2815 1245/2982/2767
f 91/152/141 82/132/121 87/145/134
f 91/152/141 83/133/122 82/132/121
f 91/152/141 87/145/134 7/160/149
f 1055/2491/2306 981/2492/2307 1052/2473/2288
f 1461/3520/3242 1465/3529/3251 1457/3515/3237
f 764/1801/1691 784/1825/1715 767/1804/1694
f 681/1542/1457 643/1497/1412 650/1504/1419
f 331/788/735 333/790/737 258/817/763
f 331/788/735 258/817/763 109/793/740
f 1312/3171/2932 1313/3172/2933 1184/3180/2939
f 1312/3171/2932 1184/3180/2939 1124/3189/2948
f 925/2221/2061 940/2208/2052 926/2207/2051
f 925/2161/2010 926/2169/2018 914/2162/2011
f 1268/3049/2828 1251/2990/2775 1269/3043/2822
f 1268/3053/2831 1270/3054/2832 1252/3023/2804
f 69/131/120 88/167/156 82/132/121
f 279/739/691 293/737/689 270/763/710
f 665/1520/1435 651/1505/1420 643/1497/1412
f 1336/3652/3352 1351/3606/3312 1341/3603/3309
f 603/1492/1408 638/1486/1402 633/1478/1394
f 1044/2458/2273 808/2453/2268 810/2501/2316
f 137/286/264 162/322/300 158/316/294
f 879/2044/1916 866/2041/1913 865/2057/1929
f 594/1391/1310 575/1352/1272 554/1351/1271
f 1232/2945/2733 1228/2936/2724 1227/2935/2723
f 1232/2945/2733 1227/2935/2723 1234/2955/2742
f 1232/2942/2730 1234/2973/2758 1218/2915/2705
f 32/244/228 48/243/227 55/261/242
f 389/903/849 386/900/846 373/879/825
f 389/903/849 373/879/825 366/915/861
f 1352/3274/3019 1350/3309/3051 1368/3305/3048
f 1352/3274/3019 1368/3305/3048 1356/3275/3020
f 5/21/17 18/20/16 6/52/46
f 1037/2418/2243 1030/2404/2229 1028/2421/2246
f 1037/2393/2218 1017/2354/2181 1033/2385/2211
f 1037/2418/2243 1028/2421/2246 1017/2423/2247
f 1452/3597/3305 1440/3575/3293 1477/3574/3293
f 317/742/694 310/720/672 320/753/704
f 317/742/694 320/753/704 318/743/695
f 616/1439/1357 600/1406/1325 614/1431/1349
f 203/585/545 188/603/563 261/605/565
f 413/972/919 405/971/918 415/982/929
f 1044/2458/2273 1056/2497/2312 808/2453/2268
f 516/1249/1178 463/1246/1175 501/1192/1121
f 516/1261/1188 468/1286/1213 463/1287/1214
f 516/1261/1188 544/1263/1190 468/1286/1213
f 669/1789/1679 654/1739/1634 676/1738/1633
f 669/1524/1439 668/1523/1438 654/1508/1423
f 364/935/881 361/911/857 360/934/880
f 364/861/807 360/855/801 357/847/793
f 816/1976/1852 827/1958/1834 832/1986/1862
f 36/246/230 31/205/193 17/257/238
f 1142/2729/2529 1147/2739/2539 1143/2730/2530
f 687/1557/1470 682/1563/1476 710/1588/1499
f 965/2293/2124 988/2291/2122 969/2263/2098
f 314/729/681 321/762/709 286/764/711
f 813/1936/1812 844/1955/1831 835/1937/1813
f 1309/3163/2926 1302/3199/2954 1324/3198/2953
f 25/258/239 2/259/240 36/246/230
f 40/51/45 20/23/19 29/35/31
f 40/457/429 29/435/405 195/434/404
f 914/2162/2011 926/2169/2018 912/2127/1978
f 512/1196/1125 527/1209/1138 522/1197/1126
f 1106/2643/2453 1076/2671/2474 1095/2641/2451
f 135/354/332 171/357/335 176/378/356
f 1102/2625/2435 1085/2591/2401 1084/2590/2400
f 1102/2625/2435 1104/2634/2444 1085/2591/2401
f 43/161/150 90/149/138 63/147/136
f 247/543/509 239/526/492 238/525/491
f 694/1566/1479 693/1565/1478 725/1635/1544
f 694/1636/1545 698/1603/1514 692/1602/1513
f 790/1926/1802 777/1916/1793 815/1891/1768
f 1079/2588/2398 1103/2627/2437 1104/2634/2444
f 243/539/505 253/553/518 259/563/527
f 1154/2787/2583 1143/2788/2583 1147/2789/2583
f 1397/3376/3114 1356/3348/3087 1368/3380/3118
f 498/1141/1077 461/1151/1086 460/1142/1078
f 159/318/296 140/341/319 161/320/298
f 159/318/296 141/317/295 140/341/319
f 1024/2367/2194 1023/2365/2192 1036/2396/2221
f 1410/3483/3209 1423/3484/3209 1414/3485/3209
f 1335/3225/2977 1337/3227/2979 1336/3226/2978
f 109/793/740 258/817/763 14/813/759
f 1134/2714/2517 1122/2702/2505 1123/2690/2493
f 1035/2417/2242 994/2422/2242 1034/2419/2244
f 285/649/606 283/640/598 282/639/597
f 285/650/607 281/638/596 283/648/605
f 664/1519/1434 654/1508/1423 668/1523/1438
f 36/246/230 123/260/241 99/247/231
f 36/246/230 2/259/240 123/260/241
f 264/683/634 263/678/629 288/680/631
f 563/1310/1234 561/1322/1246 576/1346/1266
f 1430/3566/3287 1436/3568/3289 1444/3493/3215
f 1056/2497/2312 798/2454/2269 808/2453/2268
f 875/2031/1903 886/2055/1927 848/2059/1931
f 455/2558/2370 456/2570/2381 1070/2555/2367
f 1392/3360/3098 1371/3313/3055 1385/3337/3076
f 561/1307/1231 560/1306/1231 570/1347/1267
f 561/1322/1246 570/1348/1268 576/1346/1266
f 1074/2562/2374 1073/2561/2373 1076/2571/4
f 21/273/251 164/334/312 128/274/252
f 21/406/378 23/403/378 164/404/378
f 1213/2921/2711 1207/2899/2689 1214/2908/2698
f 395/929/875 390/904/850 383/918/864
f 1248/3015/2796 1249/3050/2829 1267/3012/2793
f 580/1386/1305 597/1395/1314 589/1403/1322
f 1443/3567/3288 1474/3569/3290 1470/3536/3258
f 1443/3544/3266 1471/3543/3265 1474/3562/3283
f 286/764/711 321/762/709 266/765/712
f 462/1685/1586 567/1719/1614 671/1686/1587
f 253/983/930 411/969/916 259/976/923
f 1099/2620/2430 1086/2596/2406 1082/2579/2389
f 410/968/915 259/976/923 411/969/916
f 1252/3023/2804 1270/3054/2832 1259/3051/2830
f 651/1505/1420 650/1504/1419 643/1497/1412
f 380/2635/2445 615/2629/2439 458/2630/2440
f 33/40/36 9/48/42 4/28/24
f 918/2178/2027 908/2179/2027 914/2180/2027
f 676/1758/1652 748/1743/1638 755/1778/1670
f 423/1031/978 447/1042/989 443/1032/979
f 1137/2805/2599 1138/2839/2632 1144/2803/2597
f 126/271/249 165/342/320 21/273/251
f 1216/2967/2753 1218/2915/2705 1234/2973/2758
f 1139/2724/2524 1155/2770/2570 1140/2725/2525
f 963/2257/2093 989/2292/2123 964/2258/2093
f 1178/2833/2626 1162/2838/2631 1177/2836/2629
f 1073/2672/2475 1095/2641/2451 1076/2671/2474
f 599/1402/1321 596/1393/1312 598/1397/1316
f 599/1795/1685 598/1748/1642 731/1747/1642
f 1034/2386/2212 993/2411/2236 1027/2374/2200
f 1034/2386/2212 1027/2374/2200 1019/2359/2186
f 748/1743/1638 747/1742/1637 758/1790/1680
f 747/1742/1637 753/1768/1662 758/1790/1680
f 753/1768/1662 755/1778/1670 758/1790/1680
f 755/1778/1670 748/1743/1638 758/1790/1680
f 303/702/656 302/701/655 322/766/713
f 302/701/655 290/708/660 322/766/713
f 290/736/688 298/692/643 322/767/714
f 298/692/643 297/691/642 322/767/714
f 297/768/715 303/702/656 322/766/713
f 430/1845/1730 793/1840/1726 452/1857/1739
f 793/1840/1726 786/1841/1727 452/1857/1739
f 786/1828/1718 431/1833/1722 452/1863/1741
f 431/1014/961 430/1009/956 452/1061/1006
